Data i Godzina;Parking;Wolne miejsca
2026-04-28 21:30:40;P+R Górka Narodowa;411
2026-04-28 21:30:40;P+R Pachońskiego;81
2026-04-28 21:30:40;P+R Krowodrza Górka;87
2026-04-28 21:30:40;P+R Czerwone Maki;163
2026-04-28 21:30:40;P+R Mały Płaszów;146
2026-04-28 21:30:40;P+R Nowy Bieżanów;91
2026-04-28 21:30:40;P+R Kurdwanów;145
2026-04-28 22:00:53;P+R Górka Narodowa;419
2026-04-28 22:00:53;P+R Pachońskiego;83
2026-04-28 22:00:53;P+R Krowodrza Górka;91
2026-04-28 22:00:53;P+R Czerwone Maki;165
2026-04-28 22:00:53;P+R Mały Płaszów;147
2026-04-28 22:00:53;P+R Nowy Bieżanów;93
2026-04-28 22:00:53;P+R Kurdwanów;146
2026-04-28 22:30:47;P+R Górka Narodowa;426
2026-04-28 22:30:47;P+R Pachońskiego;87
2026-04-28 22:30:47;P+R Krowodrza Górka;96
2026-04-28 22:30:47;P+R Czerwone Maki;170
2026-04-28 22:30:47;P+R Mały Płaszów;148
2026-04-28 22:30:47;P+R Nowy Bieżanów;94
2026-04-28 22:30:47;P+R Kurdwanów;150
2026-04-28 23:00:52;P+R Górka Narodowa;431
2026-04-28 23:00:52;P+R Pachońskiego;88
2026-04-28 23:00:52;P+R Krowodrza Górka;101
2026-04-28 23:00:52;P+R Czerwone Maki;173
2026-04-28 23:00:52;P+R Mały Płaszów;149
2026-04-28 23:00:52;P+R Nowy Bieżanów;95
2026-04-28 23:00:52;P+R Kurdwanów;152
2026-04-28 23:30:43;P+R Górka Narodowa;434
2026-04-28 23:30:43;P+R Pachońskiego;88
2026-04-28 23:30:43;P+R Krowodrza Górka;101
2026-04-28 23:30:43;P+R Czerwone Maki;174
2026-04-28 23:30:43;P+R Mały Płaszów;151
2026-04-28 23:30:43;P+R Nowy Bieżanów;96
2026-04-28 23:30:43;P+R Kurdwanów;152
2026-04-29 00:00:44;P+R Górka Narodowa;434
2026-04-29 00:00:44;P+R Pachońskiego;88
2026-04-29 00:00:44;P+R Krowodrza Górka;101
2026-04-29 00:00:44;P+R Czerwone Maki;177
2026-04-29 00:00:44;P+R Mały Płaszów;152
2026-04-29 00:00:44;P+R Nowy Bieżanów;97
2026-04-29 00:00:44;P+R Kurdwanów;154
2026-04-29 00:30:45;P+R Górka Narodowa;434
2026-04-29 00:30:45;P+R Pachońskiego;88
2026-04-29 00:30:45;P+R Krowodrza Górka;101
2026-04-29 00:30:45;P+R Czerwone Maki;177
2026-04-29 00:30:45;P+R Mały Płaszów;152
2026-04-29 00:30:45;P+R Nowy Bieżanów;97
2026-04-29 00:30:45;P+R Kurdwanów;154
2026-04-29 01:00:44;P+R Górka Narodowa;434
2026-04-29 01:00:44;P+R Pachońskiego;88
2026-04-29 01:00:44;P+R Krowodrza Górka;101
2026-04-29 01:00:44;P+R Czerwone Maki;177
2026-04-29 01:00:44;P+R Mały Płaszów;152
2026-04-29 01:00:44;P+R Nowy Bieżanów;97
2026-04-29 01:00:44;P+R Kurdwanów;154
2026-04-29 01:30:41;P+R Górka Narodowa;434
2026-04-29 01:30:41;P+R Pachońskiego;88
2026-04-29 01:30:41;P+R Krowodrza Górka;101
2026-04-29 01:30:41;P+R Czerwone Maki;177
2026-04-29 01:30:41;P+R Mały Płaszów;152
2026-04-29 01:30:41;P+R Nowy Bieżanów;97
2026-04-29 01:30:41;P+R Kurdwanów;154
2026-04-29 02:00:48;P+R Górka Narodowa;434
2026-04-29 02:00:48;P+R Pachońskiego;88
2026-04-29 02:00:48;P+R Krowodrza Górka;101
2026-04-29 02:00:48;P+R Czerwone Maki;177
2026-04-29 02:00:48;P+R Mały Płaszów;152
2026-04-29 02:00:48;P+R Nowy Bieżanów;97
2026-04-29 02:00:48;P+R Kurdwanów;154
2026-04-29 02:30:43;P+R Górka Narodowa;434
2026-04-29 02:30:43;P+R Pachońskiego;88
2026-04-29 02:30:43;P+R Krowodrza Górka;101
2026-04-29 02:30:43;P+R Czerwone Maki;177
2026-04-29 02:30:43;P+R Mały Płaszów;152
2026-04-29 02:30:43;P+R Nowy Bieżanów;97
2026-04-29 02:30:43;P+R Kurdwanów;154
2026-04-29 03:00:46;P+R Górka Narodowa;434
2026-04-29 03:00:46;P+R Pachońskiego;88
2026-04-29 03:00:46;P+R Krowodrza Górka;101
2026-04-29 03:00:46;P+R Czerwone Maki;177
2026-04-29 03:00:46;P+R Mały Płaszów;152
2026-04-29 03:00:46;P+R Nowy Bieżanów;97
2026-04-29 03:00:46;P+R Kurdwanów;154
2026-04-29 03:30:49;P+R Górka Narodowa;434
2026-04-29 03:30:49;P+R Pachońskiego;88
2026-04-29 03:30:49;P+R Krowodrza Górka;101
2026-04-29 03:30:49;P+R Czerwone Maki;177
2026-04-29 03:30:49;P+R Mały Płaszów;152
2026-04-29 03:30:49;P+R Nowy Bieżanów;97
2026-04-29 03:30:49;P+R Kurdwanów;154
2026-04-29 04:00:41;P+R Górka Narodowa;434
2026-04-29 04:00:41;P+R Pachońskiego;88
2026-04-29 04:00:41;P+R Krowodrza Górka;101
2026-04-29 04:00:41;P+R Czerwone Maki;177
2026-04-29 04:00:41;P+R Mały Płaszów;152
2026-04-29 04:00:41;P+R Nowy Bieżanów;97
2026-04-29 04:00:41;P+R Kurdwanów;154
2026-04-29 04:30:44;P+R Górka Narodowa;434
2026-04-29 04:30:44;P+R Pachońskiego;88
2026-04-29 04:30:44;P+R Krowodrza Górka;101
2026-04-29 04:30:44;P+R Czerwone Maki;183
2026-04-29 04:30:44;P+R Mały Płaszów;155
2026-04-29 04:30:44;P+R Nowy Bieżanów;100
2026-04-29 04:30:44;P+R Kurdwanów;155
2026-04-29 05:00:39;P+R Górka Narodowa;433
2026-04-29 05:00:39;P+R Pachońskiego;86
2026-04-29 05:00:39;P+R Krowodrza Górka;99
2026-04-29 05:00:39;P+R Czerwone Maki;179
2026-04-29 05:00:39;P+R Mały Płaszów;153
2026-04-29 05:00:39;P+R Nowy Bieżanów;98
2026-04-29 05:00:39;P+R Kurdwanów;153
2026-04-29 05:30:44;P+R Górka Narodowa;431
2026-04-29 05:30:44;P+R Pachońskiego;81
2026-04-29 05:30:44;P+R Krowodrza Górka;97
2026-04-29 05:30:44;P+R Czerwone Maki;174
2026-04-29 05:30:44;P+R Mały Płaszów;153
2026-04-29 05:30:44;P+R Nowy Bieżanów;94
2026-04-29 05:30:44;P+R Kurdwanów;148
2026-04-29 06:00:43;P+R Górka Narodowa;422
2026-04-29 06:00:43;P+R Pachońskiego;67
2026-04-29 06:00:43;P+R Krowodrza Górka;91
2026-04-29 06:00:43;P+R Czerwone Maki;162
2026-04-29 06:00:43;P+R Mały Płaszów;152
2026-04-29 06:00:43;P+R Nowy Bieżanów;87
2026-04-29 06:00:43;P+R Kurdwanów;143
2026-04-29 06:30:40;P+R Górka Narodowa;410
2026-04-29 06:30:40;P+R Pachońskiego;47
2026-04-29 06:30:40;P+R Krowodrza Górka;82
2026-04-29 06:30:40;P+R Czerwone Maki;145
2026-04-29 06:30:40;P+R Mały Płaszów;143
2026-04-29 06:30:40;P+R Nowy Bieżanów;68
2026-04-29 06:30:40;P+R Kurdwanów;131
2026-04-29 07:00:42;P+R Górka Narodowa;368
2026-04-29 07:00:42;P+R Pachońskiego;12
2026-04-29 07:00:42;P+R Krowodrza Górka;50
2026-04-29 07:00:42;P+R Czerwone Maki;129
2026-04-29 07:00:42;P+R Mały Płaszów;134
2026-04-29 07:00:42;P+R Nowy Bieżanów;36
2026-04-29 07:00:42;P+R Kurdwanów;111
2026-04-29 07:30:44;P+R Górka Narodowa;321
2026-04-29 07:30:44;P+R Pachońskiego;0
2026-04-29 07:30:44;P+R Krowodrza Górka;3
2026-04-29 07:30:44;P+R Czerwone Maki;102
2026-04-29 07:30:44;P+R Mały Płaszów;124
2026-04-29 07:30:44;P+R Nowy Bieżanów;4
2026-04-29 07:30:44;P+R Kurdwanów;94
2026-04-29 08:00:55;P+R Górka Narodowa;281
2026-04-29 08:00:55;P+R Pachońskiego;0
2026-04-29 08:00:55;P+R Krowodrza Górka;0
2026-04-29 08:00:55;P+R Czerwone Maki;80
2026-04-29 08:00:55;P+R Mały Płaszów;109
2026-04-29 08:00:55;P+R Nowy Bieżanów;0
2026-04-29 08:00:55;P+R Kurdwanów;81
2026-04-29 08:30:40;P+R Górka Narodowa;253
2026-04-29 08:30:40;P+R Pachońskiego;1
2026-04-29 08:30:40;P+R Krowodrza Górka;0
2026-04-29 08:30:40;P+R Czerwone Maki;56
2026-04-29 08:30:40;P+R Mały Płaszów;106
2026-04-29 08:30:40;P+R Nowy Bieżanów;0
2026-04-29 08:30:40;P+R Kurdwanów;69
2026-04-29 09:00:48;P+R Górka Narodowa;227
2026-04-29 09:00:48;P+R Pachońskiego;0
2026-04-29 09:00:48;P+R Krowodrza Górka;0
2026-04-29 09:00:48;P+R Czerwone Maki;39
2026-04-29 09:00:48;P+R Mały Płaszów;97
2026-04-29 09:00:48;P+R Nowy Bieżanów;0
2026-04-29 09:00:48;P+R Kurdwanów;63
2026-04-29 09:30:52;P+R Górka Narodowa;199
2026-04-29 09:30:52;P+R Pachońskiego;1
2026-04-29 09:30:52;P+R Krowodrza Górka;0
2026-04-29 09:30:52;P+R Czerwone Maki;29
2026-04-29 09:30:52;P+R Mały Płaszów;93
2026-04-29 09:30:52;P+R Nowy Bieżanów;0
2026-04-29 09:30:52;P+R Kurdwanów;53
2026-04-29 10:00:52;P+R Górka Narodowa;194
2026-04-29 10:00:52;P+R Pachońskiego;1
2026-04-29 10:00:52;P+R Krowodrza Górka;0
2026-04-29 10:00:52;P+R Czerwone Maki;18
2026-04-29 10:00:52;P+R Mały Płaszów;91
2026-04-29 10:00:52;P+R Nowy Bieżanów;0
2026-04-29 10:00:52;P+R Kurdwanów;50
2026-04-29 10:30:47;P+R Górka Narodowa;183
2026-04-29 10:30:47;P+R Pachońskiego;1
2026-04-29 10:30:47;P+R Krowodrza Górka;1
2026-04-29 10:30:47;P+R Czerwone Maki;16
2026-04-29 10:30:47;P+R Mały Płaszów;89
2026-04-29 10:30:47;P+R Nowy Bieżanów;0
2026-04-29 10:30:47;P+R Kurdwanów;48
2026-04-29 11:00:56;P+R Górka Narodowa;174
2026-04-29 11:00:56;P+R Pachońskiego;2
2026-04-29 11:00:56;P+R Krowodrza Górka;0
2026-04-29 11:00:56;P+R Czerwone Maki;14
2026-04-29 11:00:56;P+R Mały Płaszów;84
2026-04-29 11:00:56;P+R Nowy Bieżanów;2
2026-04-29 11:00:56;P+R Kurdwanów;44
2026-04-29 11:30:44;P+R Górka Narodowa;161
2026-04-29 11:30:44;P+R Pachońskiego;2
2026-04-29 11:30:44;P+R Krowodrza Górka;0
2026-04-29 11:30:44;P+R Czerwone Maki;14
2026-04-29 11:30:44;P+R Mały Płaszów;82
2026-04-29 11:30:44;P+R Nowy Bieżanów;1
2026-04-29 11:30:44;P+R Kurdwanów;44
2026-04-29 12:00:54;P+R Górka Narodowa;160
2026-04-29 12:00:54;P+R Pachońskiego;1
2026-04-29 12:00:54;P+R Krowodrza Górka;1
2026-04-29 12:00:54;P+R Czerwone Maki;16
2026-04-29 12:00:54;P+R Mały Płaszów;80
2026-04-29 12:00:54;P+R Nowy Bieżanów;0
2026-04-29 12:00:54;P+R Kurdwanów;43
2026-04-29 12:30:40;P+R Górka Narodowa;159
2026-04-29 12:30:40;P+R Pachońskiego;2
2026-04-29 12:30:40;P+R Krowodrza Górka;0
2026-04-29 12:30:40;P+R Czerwone Maki;18
2026-04-29 12:30:40;P+R Mały Płaszów;83
2026-04-29 12:30:40;P+R Nowy Bieżanów;0
2026-04-29 12:30:40;P+R Kurdwanów;43
2026-04-29 13:00:51;P+R Górka Narodowa;172
2026-04-29 13:00:51;P+R Pachońskiego;0
2026-04-29 13:00:51;P+R Krowodrza Górka;1
2026-04-29 13:00:51;P+R Czerwone Maki;17
2026-04-29 13:00:51;P+R Mały Płaszów;82
2026-04-29 13:00:51;P+R Nowy Bieżanów;0
2026-04-29 13:00:51;P+R Kurdwanów;41
2026-04-29 13:30:48;P+R Górka Narodowa;171
2026-04-29 13:30:48;P+R Pachońskiego;0
2026-04-29 13:30:48;P+R Krowodrza Górka;5
2026-04-29 13:30:48;P+R Czerwone Maki;22
2026-04-29 13:30:48;P+R Mały Płaszów;80
2026-04-29 13:30:48;P+R Nowy Bieżanów;1
2026-04-29 13:30:48;P+R Kurdwanów;40
2026-04-29 14:00:49;P+R Górka Narodowa;178
2026-04-29 14:00:49;P+R Pachońskiego;1
2026-04-29 14:00:49;P+R Krowodrza Górka;1
2026-04-29 14:00:49;P+R Czerwone Maki;23
2026-04-29 14:00:49;P+R Mały Płaszów;82
2026-04-29 14:00:49;P+R Nowy Bieżanów;0
2026-04-29 14:00:49;P+R Kurdwanów;42
2026-04-29 14:30:41;P+R Górka Narodowa;187
2026-04-29 14:30:41;P+R Pachońskiego;0
2026-04-29 14:30:41;P+R Krowodrza Górka;0
2026-04-29 14:30:41;P+R Czerwone Maki;21
2026-04-29 14:30:41;P+R Mały Płaszów;83
2026-04-29 14:30:41;P+R Nowy Bieżanów;2
2026-04-29 14:30:41;P+R Kurdwanów;45
2026-04-29 15:00:53;P+R Górka Narodowa;194
2026-04-29 15:00:53;P+R Pachońskiego;12
2026-04-29 15:00:53;P+R Krowodrza Górka;9
2026-04-29 15:00:53;P+R Czerwone Maki;23
2026-04-29 15:00:53;P+R Mały Płaszów;87
2026-04-29 15:00:53;P+R Nowy Bieżanów;8
2026-04-29 15:00:53;P+R Kurdwanów;53
2026-04-29 15:30:55;P+R Górka Narodowa;215
2026-04-29 15:30:55;P+R Pachońskiego;27
2026-04-29 15:30:55;P+R Krowodrza Górka;25
2026-04-29 15:30:55;P+R Czerwone Maki;36
2026-04-29 15:30:55;P+R Mały Płaszów;94
2026-04-29 15:30:55;P+R Nowy Bieżanów;12
2026-04-29 15:30:55;P+R Kurdwanów;59
2026-04-29 16:00:55;P+R Górka Narodowa;240
2026-04-29 16:00:55;P+R Pachońskiego;44
2026-04-29 16:00:55;P+R Krowodrza Górka;41
2026-04-29 16:00:55;P+R Czerwone Maki;53
2026-04-29 16:00:55;P+R Mały Płaszów;102
2026-04-29 16:00:55;P+R Nowy Bieżanów;29
2026-04-29 16:00:55;P+R Kurdwanów;73
2026-04-29 16:30:49;P+R Górka Narodowa;270
2026-04-29 16:30:49;P+R Pachońskiego;53
2026-04-29 16:30:49;P+R Krowodrza Górka;54
2026-04-29 16:30:49;P+R Czerwone Maki;73
2026-04-29 16:30:49;P+R Mały Płaszów;107
2026-04-29 16:30:49;P+R Nowy Bieżanów;39
2026-04-29 16:30:49;P+R Kurdwanów;88
2026-04-29 17:00:46;P+R Górka Narodowa;299
2026-04-29 17:00:46;P+R Pachońskiego;55
2026-04-29 17:00:46;P+R Krowodrza Górka;58
2026-04-29 17:00:46;P+R Czerwone Maki;92
2026-04-29 17:00:46;P+R Mały Płaszów;113
2026-04-29 17:00:46;P+R Nowy Bieżanów;50
2026-04-29 17:00:46;P+R Kurdwanów;101
2026-04-29 17:30:51;P+R Górka Narodowa;315
2026-04-29 17:30:51;P+R Pachońskiego;64
2026-04-29 17:30:51;P+R Krowodrza Górka;64
2026-04-29 17:30:51;P+R Czerwone Maki;106
2026-04-29 17:30:51;P+R Mały Płaszów;115
2026-04-29 17:30:51;P+R Nowy Bieżanów;53
2026-04-29 17:30:51;P+R Kurdwanów;106
2026-04-29 18:00:50;P+R Górka Narodowa;324
2026-04-29 18:00:50;P+R Pachońskiego;65
2026-04-29 18:00:50;P+R Krowodrza Górka;64
2026-04-29 18:00:50;P+R Czerwone Maki;114
2026-04-29 18:00:50;P+R Mały Płaszów;123
2026-04-29 18:00:50;P+R Nowy Bieżanów;55
2026-04-29 18:00:50;P+R Kurdwanów;114
2026-04-29 19:01:02;P+R Górka Narodowa;359
2026-04-29 19:01:02;P+R Pachońskiego;75
2026-04-29 19:01:02;P+R Krowodrza Górka;59
2026-04-29 19:01:02;P+R Czerwone Maki;132
2026-04-29 19:01:02;P+R Mały Płaszów;128
2026-04-29 19:01:02;P+R Nowy Bieżanów;69
2026-04-29 19:01:02;P+R Kurdwanów;128
2026-04-29 19:30:45;P+R Górka Narodowa;375
2026-04-29 19:30:45;P+R Pachońskiego;73
2026-04-29 19:30:45;P+R Krowodrza Górka;65
2026-04-29 19:30:45;P+R Czerwone Maki;140
2026-04-29 19:30:45;P+R Mały Płaszów;129
2026-04-29 19:30:45;P+R Nowy Bieżanów;73
2026-04-29 19:30:45;P+R Kurdwanów;135
2026-04-29 20:00:59;P+R Górka Narodowa;383
2026-04-29 20:00:59;P+R Pachońskiego;77
2026-04-29 20:00:59;P+R Krowodrza Górka;70
2026-04-29 20:00:59;P+R Czerwone Maki;144
2026-04-29 20:00:59;P+R Mały Płaszów;131
2026-04-29 20:00:59;P+R Nowy Bieżanów;83
2026-04-29 20:00:59;P+R Kurdwanów;136
2026-04-29 20:30:52;P+R Górka Narodowa;387
2026-04-29 20:30:52;P+R Pachońskiego;79
2026-04-29 20:30:52;P+R Krowodrza Górka;71
2026-04-29 20:30:52;P+R Czerwone Maki;151
2026-04-29 20:30:52;P+R Mały Płaszów;135
2026-04-29 20:30:52;P+R Nowy Bieżanów;88
2026-04-29 20:30:52;P+R Kurdwanów;137
2026-04-29 21:00:48;P+R Górka Narodowa;397
2026-04-29 21:00:48;P+R Pachońskiego;81
2026-04-29 21:00:48;P+R Krowodrza Górka;80
2026-04-29 21:00:48;P+R Czerwone Maki;158
2026-04-29 21:00:48;P+R Mały Płaszów;139
2026-04-29 21:00:48;P+R Nowy Bieżanów;91
2026-04-29 21:00:48;P+R Kurdwanów;145
2026-04-29 21:30:51;P+R Górka Narodowa;405
2026-04-29 21:30:51;P+R Pachońskiego;83
2026-04-29 21:30:51;P+R Krowodrza Górka;83
2026-04-29 21:30:51;P+R Czerwone Maki;163
2026-04-29 21:30:51;P+R Mały Płaszów;142
2026-04-29 21:30:51;P+R Nowy Bieżanów;93
2026-04-29 21:30:51;P+R Kurdwanów;145
2026-04-29 22:00:45;P+R Górka Narodowa;411
2026-04-29 22:00:45;P+R Pachońskiego;84
2026-04-29 22:00:45;P+R Krowodrza Górka;85
2026-04-29 22:00:45;P+R Czerwone Maki;163
2026-04-29 22:00:45;P+R Mały Płaszów;142
2026-04-29 22:00:45;P+R Nowy Bieżanów;96
2026-04-29 22:00:45;P+R Kurdwanów;147
2026-04-29 22:30:52;P+R Górka Narodowa;416
2026-04-29 22:30:52;P+R Pachońskiego;86
2026-04-29 22:30:52;P+R Krowodrza Górka;88
2026-04-29 22:30:52;P+R Czerwone Maki;167
2026-04-29 22:30:52;P+R Mały Płaszów;144
2026-04-29 22:30:52;P+R Nowy Bieżanów;97
2026-04-29 22:30:52;P+R Kurdwanów;150
2026-04-29 23:00:51;P+R Górka Narodowa;417
2026-04-29 23:00:51;P+R Pachońskiego;86
2026-04-29 23:00:51;P+R Krowodrza Górka;89
2026-04-29 23:00:51;P+R Czerwone Maki;172
2026-04-29 23:00:51;P+R Mały Płaszów;149
2026-04-29 23:00:51;P+R Nowy Bieżanów;98
2026-04-29 23:00:51;P+R Kurdwanów;152
2026-04-29 23:30:42;P+R Górka Narodowa;421
2026-04-29 23:30:42;P+R Pachońskiego;87
2026-04-29 23:30:42;P+R Krowodrza Górka;93
2026-04-29 23:30:42;P+R Czerwone Maki;173
2026-04-29 23:30:42;P+R Mały Płaszów;152
2026-04-29 23:30:42;P+R Nowy Bieżanów;98
2026-04-29 23:30:42;P+R Kurdwanów;153
2026-04-30 00:00:50;P+R Górka Narodowa;424
2026-04-30 00:00:50;P+R Pachońskiego;88
2026-04-30 00:00:50;P+R Krowodrza Górka;93
2026-04-30 00:00:50;P+R Czerwone Maki;179
2026-04-30 00:00:50;P+R Mały Płaszów;154
2026-04-30 00:00:50;P+R Nowy Bieżanów;99
2026-04-30 00:00:50;P+R Kurdwanów;155
2026-04-30 00:31:00;P+R Górka Narodowa;434
2026-04-30 00:31:00;P+R Pachońskiego;88
2026-04-30 00:31:00;P+R Krowodrza Górka;101
2026-04-30 00:31:00;P+R Czerwone Maki;180
2026-04-30 00:31:00;P+R Mały Płaszów;154
2026-04-30 00:31:00;P+R Nowy Bieżanów;99
2026-04-30 00:31:00;P+R Kurdwanów;156
2026-04-30 01:00:45;P+R Górka Narodowa;434
2026-04-30 01:00:45;P+R Pachońskiego;88
2026-04-30 01:00:45;P+R Krowodrza Górka;101
2026-04-30 01:00:45;P+R Czerwone Maki;180
2026-04-30 01:00:45;P+R Mały Płaszów;154
2026-04-30 01:00:45;P+R Nowy Bieżanów;99
2026-04-30 01:00:45;P+R Kurdwanów;156
2026-04-30 01:30:53;P+R Górka Narodowa;434
2026-04-30 01:30:53;P+R Pachońskiego;88
2026-04-30 01:30:53;P+R Krowodrza Górka;101
2026-04-30 01:30:53;P+R Czerwone Maki;180
2026-04-30 01:30:53;P+R Mały Płaszów;155
2026-04-30 01:30:53;P+R Nowy Bieżanów;99
2026-04-30 01:30:53;P+R Kurdwanów;156
2026-04-30 02:01:00;P+R Górka Narodowa;434
2026-04-30 02:01:00;P+R Pachońskiego;88
2026-04-30 02:01:00;P+R Krowodrza Górka;101
2026-04-30 02:01:00;P+R Czerwone Maki;180
2026-04-30 02:01:00;P+R Mały Płaszów;155
2026-04-30 02:01:00;P+R Nowy Bieżanów;99
2026-04-30 02:01:00;P+R Kurdwanów;156
2026-04-30 02:30:47;P+R Górka Narodowa;434
2026-04-30 02:30:47;P+R Pachońskiego;88
2026-04-30 02:30:47;P+R Krowodrza Górka;101
2026-04-30 02:30:47;P+R Czerwone Maki;180
2026-04-30 02:30:47;P+R Mały Płaszów;155
2026-04-30 02:30:47;P+R Nowy Bieżanów;99
2026-04-30 02:30:47;P+R Kurdwanów;156
2026-04-30 03:00:52;P+R Górka Narodowa;434
2026-04-30 03:00:52;P+R Pachońskiego;88
2026-04-30 03:00:52;P+R Krowodrza Górka;101
2026-04-30 03:00:52;P+R Czerwone Maki;180
2026-04-30 03:00:52;P+R Mały Płaszów;155
2026-04-30 03:00:52;P+R Nowy Bieżanów;99
2026-04-30 03:00:52;P+R Kurdwanów;156
2026-04-30 03:30:49;P+R Górka Narodowa;434
2026-04-30 03:30:49;P+R Pachońskiego;88
2026-04-30 03:30:49;P+R Krowodrza Górka;101
2026-04-30 03:30:49;P+R Czerwone Maki;180
2026-04-30 03:30:49;P+R Mały Płaszów;155
2026-04-30 03:30:49;P+R Nowy Bieżanów;99
2026-04-30 03:30:49;P+R Kurdwanów;156
2026-04-30 04:00:44;P+R Górka Narodowa;434
2026-04-30 04:00:44;P+R Pachońskiego;88
2026-04-30 04:00:44;P+R Krowodrza Górka;101
2026-04-30 04:00:44;P+R Czerwone Maki;180
2026-04-30 04:00:44;P+R Mały Płaszów;155
2026-04-30 04:00:44;P+R Nowy Bieżanów;99
2026-04-30 04:00:44;P+R Kurdwanów;156
2026-04-30 04:30:47;P+R Górka Narodowa;433
2026-04-30 04:30:47;P+R Pachońskiego;88
2026-04-30 04:30:47;P+R Krowodrza Górka;101
2026-04-30 04:30:47;P+R Czerwone Maki;183
2026-04-30 04:30:47;P+R Mały Płaszów;155
2026-04-30 04:30:47;P+R Nowy Bieżanów;100
2026-04-30 04:30:47;P+R Kurdwanów;156
2026-04-30 05:00:43;P+R Górka Narodowa;432
2026-04-30 05:00:43;P+R Pachońskiego;86
2026-04-30 05:00:43;P+R Krowodrza Górka;98
2026-04-30 05:00:43;P+R Czerwone Maki;181
2026-04-30 05:00:43;P+R Mały Płaszów;153
2026-04-30 05:00:43;P+R Nowy Bieżanów;99
2026-04-30 05:00:43;P+R Kurdwanów;152
2026-04-30 05:30:41;P+R Górka Narodowa;432
2026-04-30 05:30:41;P+R Pachońskiego;81
2026-04-30 05:30:41;P+R Krowodrza Górka;93
2026-04-30 05:30:41;P+R Czerwone Maki;176
2026-04-30 05:30:41;P+R Mały Płaszów;153
2026-04-30 05:30:41;P+R Nowy Bieżanów;94
2026-04-30 05:30:41;P+R Kurdwanów;147
2026-04-30 06:00:44;P+R Górka Narodowa;425
2026-04-30 06:00:44;P+R Pachońskiego;69
2026-04-30 06:00:44;P+R Krowodrza Górka;85
2026-04-30 06:00:44;P+R Czerwone Maki;164
2026-04-30 06:00:44;P+R Mały Płaszów;151
2026-04-30 06:00:44;P+R Nowy Bieżanów;87
2026-04-30 06:00:44;P+R Kurdwanów;142
2026-04-30 06:31:04;P+R Górka Narodowa;408
2026-04-30 06:31:04;P+R Pachońskiego;47
2026-04-30 06:31:04;P+R Krowodrza Górka;78
2026-04-30 06:31:04;P+R Czerwone Maki;151
2026-04-30 06:31:04;P+R Mały Płaszów;141
2026-04-30 06:31:04;P+R Nowy Bieżanów;68
2026-04-30 06:31:04;P+R Kurdwanów;130
2026-04-30 07:00:41;P+R Górka Narodowa;382
2026-04-30 07:00:41;P+R Pachońskiego;15
2026-04-30 07:00:41;P+R Krowodrza Górka;54
2026-04-30 07:00:41;P+R Czerwone Maki;135
2026-04-30 07:00:41;P+R Mały Płaszów;135
2026-04-30 07:00:41;P+R Nowy Bieżanów;47
2026-04-30 07:00:41;P+R Kurdwanów;113
2026-04-30 07:30:43;P+R Górka Narodowa;342
2026-04-30 07:30:43;P+R Pachońskiego;0
2026-04-30 07:30:43;P+R Krowodrza Górka;25
2026-04-30 07:30:43;P+R Czerwone Maki;105
2026-04-30 07:30:43;P+R Mały Płaszów;125
2026-04-30 07:30:43;P+R Nowy Bieżanów;23
2026-04-30 07:30:43;P+R Kurdwanów;104
2026-04-30 08:00:57;P+R Górka Narodowa;311
2026-04-30 08:00:57;P+R Pachońskiego;0
2026-04-30 08:00:57;P+R Krowodrza Górka;10
2026-04-30 08:00:57;P+R Czerwone Maki;92
2026-04-30 08:00:57;P+R Mały Płaszów;117
2026-04-30 08:00:57;P+R Nowy Bieżanów;18
2026-04-30 08:00:57;P+R Kurdwanów;92
2026-04-30 08:30:48;P+R Górka Narodowa;280
2026-04-30 08:30:48;P+R Pachońskiego;0
2026-04-30 08:30:48;P+R Krowodrza Górka;1
2026-04-30 08:30:48;P+R Czerwone Maki;83
2026-04-30 08:30:48;P+R Mały Płaszów;111
2026-04-30 08:30:48;P+R Nowy Bieżanów;11
2026-04-30 08:30:48;P+R Kurdwanów;75
2026-04-30 09:00:43;P+R Górka Narodowa;263
2026-04-30 09:00:43;P+R Pachońskiego;0
2026-04-30 09:00:43;P+R Krowodrza Górka;0
2026-04-30 09:00:43;P+R Czerwone Maki;70
2026-04-30 09:00:43;P+R Mały Płaszów;110
2026-04-30 09:00:43;P+R Nowy Bieżanów;7
2026-04-30 09:00:43;P+R Kurdwanów;73
2026-04-30 09:30:50;P+R Górka Narodowa;251
2026-04-30 09:30:50;P+R Pachońskiego;0
2026-04-30 09:30:50;P+R Krowodrza Górka;18
2026-04-30 09:30:50;P+R Czerwone Maki;56
2026-04-30 09:30:50;P+R Mały Płaszów;103
2026-04-30 09:30:50;P+R Nowy Bieżanów;4
2026-04-30 09:30:50;P+R Kurdwanów;70
2026-04-30 10:00:51;P+R Górka Narodowa;244
2026-04-30 10:00:51;P+R Pachońskiego;0
2026-04-30 10:00:51;P+R Krowodrza Górka;23
2026-04-30 10:00:51;P+R Czerwone Maki;55
2026-04-30 10:00:51;P+R Mały Płaszów;103
2026-04-30 10:00:51;P+R Nowy Bieżanów;3
2026-04-30 10:00:51;P+R Kurdwanów;61
2026-04-30 10:31:01;P+R Górka Narodowa;233
2026-04-30 10:31:01;P+R Pachońskiego;0
2026-04-30 10:31:01;P+R Krowodrza Górka;1
2026-04-30 10:31:01;P+R Czerwone Maki;47
2026-04-30 10:31:01;P+R Mały Płaszów;102
2026-04-30 10:31:01;P+R Nowy Bieżanów;3
2026-04-30 10:31:01;P+R Kurdwanów;60
2026-04-30 11:01:12;P+R Górka Narodowa;223
2026-04-30 11:01:12;P+R Pachońskiego;0
2026-04-30 11:01:12;P+R Krowodrza Górka;0
2026-04-30 11:01:12;P+R Czerwone Maki;41
2026-04-30 11:01:12;P+R Mały Płaszów;101
2026-04-30 11:01:12;P+R Nowy Bieżanów;5
2026-04-30 11:01:12;P+R Kurdwanów;63
2026-04-30 11:30:46;P+R Górka Narodowa;224
2026-04-30 11:30:46;P+R Pachońskiego;1
2026-04-30 11:30:46;P+R Krowodrza Górka;0
2026-04-30 11:30:46;P+R Czerwone Maki;42
2026-04-30 11:30:46;P+R Mały Płaszów;102
2026-04-30 11:30:46;P+R Nowy Bieżanów;2
2026-04-30 11:30:46;P+R Kurdwanów;63
2026-04-30 12:00:50;P+R Górka Narodowa;220
2026-04-30 12:00:50;P+R Pachońskiego;1
2026-04-30 12:00:50;P+R Krowodrza Górka;0
2026-04-30 12:00:50;P+R Czerwone Maki;44
2026-04-30 12:00:50;P+R Mały Płaszów;104
2026-04-30 12:00:50;P+R Nowy Bieżanów;3
2026-04-30 12:00:50;P+R Kurdwanów;62
2026-04-30 12:30:46;P+R Górka Narodowa;219
2026-04-30 12:30:46;P+R Pachońskiego;0
2026-04-30 12:30:46;P+R Krowodrza Górka;25
2026-04-30 12:30:46;P+R Czerwone Maki;44
2026-04-30 12:30:46;P+R Mały Płaszów;101
2026-04-30 12:30:46;P+R Nowy Bieżanów;2
2026-04-30 12:30:46;P+R Kurdwanów;61
2026-04-30 13:00:54;P+R Górka Narodowa;214
2026-04-30 13:00:54;P+R Pachońskiego;0
2026-04-30 13:00:54;P+R Krowodrza Górka;26
2026-04-30 13:00:54;P+R Czerwone Maki;41
2026-04-30 13:00:54;P+R Mały Płaszów;101
2026-04-30 13:00:54;P+R Nowy Bieżanów;2
2026-04-30 13:00:54;P+R Kurdwanów;60
2026-04-30 13:30:54;P+R Górka Narodowa;211
2026-04-30 13:30:54;P+R Pachońskiego;2
2026-04-30 13:30:54;P+R Krowodrza Górka;30
2026-04-30 13:30:54;P+R Czerwone Maki;44
2026-04-30 13:30:54;P+R Mały Płaszów;102
2026-04-30 13:30:54;P+R Nowy Bieżanów;4
2026-04-30 13:30:54;P+R Kurdwanów;57
2026-04-30 14:00:54;P+R Górka Narodowa;219
2026-04-30 14:00:54;P+R Pachońskiego;1
2026-04-30 14:00:54;P+R Krowodrza Górka;27
2026-04-30 14:00:54;P+R Czerwone Maki;44
2026-04-30 14:00:54;P+R Mały Płaszów;104
2026-04-30 14:00:54;P+R Nowy Bieżanów;5
2026-04-30 14:00:54;P+R Kurdwanów;60
2026-04-30 14:30:42;P+R Górka Narodowa;230
2026-04-30 14:30:42;P+R Pachońskiego;11
2026-04-30 14:30:42;P+R Krowodrza Górka;33
2026-04-30 14:30:42;P+R Czerwone Maki;46
2026-04-30 14:30:42;P+R Mały Płaszów;107
2026-04-30 14:30:42;P+R Nowy Bieżanów;8
2026-04-30 14:30:42;P+R Kurdwanów;62
2026-04-30 15:00:53;P+R Górka Narodowa;236
2026-04-30 15:00:53;P+R Pachońskiego;13
2026-04-30 15:00:53;P+R Krowodrza Górka;37
2026-04-30 15:00:53;P+R Czerwone Maki;59
2026-04-30 15:00:53;P+R Mały Płaszów;106
2026-04-30 15:00:53;P+R Nowy Bieżanów;17
2026-04-30 15:00:53;P+R Kurdwanów;69
2026-04-30 15:30:54;P+R Górka Narodowa;249
2026-04-30 15:30:54;P+R Pachońskiego;31
2026-04-30 15:30:54;P+R Krowodrza Górka;47
2026-04-30 15:30:54;P+R Czerwone Maki;65
2026-04-30 15:30:54;P+R Mały Płaszów;107
2026-04-30 15:30:54;P+R Nowy Bieżanów;32
2026-04-30 15:30:54;P+R Kurdwanów;76
2026-04-30 16:00:53;P+R Górka Narodowa;259
2026-04-30 16:00:53;P+R Pachońskiego;47
2026-04-30 16:00:53;P+R Krowodrza Górka;63
2026-04-30 16:00:53;P+R Czerwone Maki;86
2026-04-30 16:00:53;P+R Mały Płaszów;116
2026-04-30 16:00:53;P+R Nowy Bieżanów;49
2026-04-30 16:00:53;P+R Kurdwanów;86
2026-04-30 16:30:54;P+R Górka Narodowa;284
2026-04-30 16:30:54;P+R Pachońskiego;52
2026-04-30 16:30:54;P+R Krowodrza Górka;75
2026-04-30 16:30:54;P+R Czerwone Maki;102
2026-04-30 16:30:54;P+R Mały Płaszów;118
2026-04-30 16:30:54;P+R Nowy Bieżanów;57
2026-04-30 16:30:54;P+R Kurdwanów;98
2026-04-30 17:00:57;P+R Górka Narodowa;315
2026-04-30 17:00:57;P+R Pachońskiego;58
2026-04-30 17:00:57;P+R Krowodrza Górka;89
2026-04-30 17:00:57;P+R Czerwone Maki;118
2026-04-30 17:00:57;P+R Mały Płaszów;125
2026-04-30 17:00:57;P+R Nowy Bieżanów;73
2026-04-30 17:00:57;P+R Kurdwanów;106
2026-04-30 17:30:52;P+R Górka Narodowa;328
2026-04-30 17:30:52;P+R Pachońskiego;65
2026-04-30 17:30:52;P+R Krowodrza Górka;86
2026-04-30 17:30:52;P+R Czerwone Maki;125
2026-04-30 17:30:52;P+R Mały Płaszów;129
2026-04-30 17:30:52;P+R Nowy Bieżanów;77
2026-04-30 17:30:52;P+R Kurdwanów;113
2026-04-30 18:01:03;P+R Górka Narodowa;341
2026-04-30 18:01:03;P+R Pachońskiego;67
2026-04-30 18:01:03;P+R Krowodrza Górka;81
2026-04-30 18:01:03;P+R Czerwone Maki;129
2026-04-30 18:01:03;P+R Mały Płaszów;132
2026-04-30 18:01:03;P+R Nowy Bieżanów;78
2026-04-30 18:01:03;P+R Kurdwanów;121
2026-04-30 18:30:41;P+R Górka Narodowa;366
2026-04-30 18:30:41;P+R Pachońskiego;73
2026-04-30 18:30:41;P+R Krowodrza Górka;81
2026-04-30 18:30:41;P+R Czerwone Maki;129
2026-04-30 18:30:41;P+R Mały Płaszów;136
2026-04-30 18:30:41;P+R Nowy Bieżanów;82
2026-04-30 18:30:41;P+R Kurdwanów;126
2026-04-30 19:00:53;P+R Górka Narodowa;383
2026-04-30 19:00:53;P+R Pachońskiego;74
2026-04-30 19:00:53;P+R Krowodrza Górka;82
2026-04-30 19:00:53;P+R Czerwone Maki;138
2026-04-30 19:00:53;P+R Mały Płaszów;141
2026-04-30 19:00:53;P+R Nowy Bieżanów;85
2026-04-30 19:00:53;P+R Kurdwanów;127
2026-04-30 19:30:42;P+R Górka Narodowa;393
2026-04-30 19:30:42;P+R Pachońskiego;75
2026-04-30 19:30:42;P+R Krowodrza Górka;84
2026-04-30 19:30:42;P+R Czerwone Maki;143
2026-04-30 19:30:42;P+R Mały Płaszów;143
2026-04-30 19:30:42;P+R Nowy Bieżanów;87
2026-04-30 19:30:42;P+R Kurdwanów;132
2026-04-30 20:04:47;P+R Górka Narodowa;402
2026-04-30 20:04:47;P+R Pachońskiego;78
2026-04-30 20:04:47;P+R Krowodrza Górka;89
2026-04-30 20:04:47;P+R Czerwone Maki;146
2026-04-30 20:04:47;P+R Mały Płaszów;146
2026-04-30 20:04:47;P+R Nowy Bieżanów;91
2026-04-30 20:04:47;P+R Kurdwanów;133
2026-04-30 20:30:46;P+R Górka Narodowa;402
2026-04-30 20:30:46;P+R Pachońskiego;78
2026-04-30 20:30:46;P+R Krowodrza Górka;89
2026-04-30 20:30:46;P+R Czerwone Maki;149
2026-04-30 20:30:46;P+R Mały Płaszów;147
2026-04-30 20:30:46;P+R Nowy Bieżanów;91
2026-04-30 20:30:46;P+R Kurdwanów;139
2026-04-30 21:00:52;P+R Górka Narodowa;402
2026-04-30 21:00:52;P+R Pachońskiego;79
2026-04-30 21:00:52;P+R Krowodrza Górka;89
2026-04-30 21:00:52;P+R Czerwone Maki;153
2026-04-30 21:00:52;P+R Mały Płaszów;150
2026-04-30 21:00:52;P+R Nowy Bieżanów;91
2026-04-30 21:00:52;P+R Kurdwanów;143
2026-04-30 21:30:53;P+R Górka Narodowa;402
2026-04-30 21:30:53;P+R Pachońskiego;78
2026-04-30 21:30:53;P+R Krowodrza Górka;89
2026-04-30 21:30:53;P+R Czerwone Maki;156
2026-04-30 21:30:53;P+R Mały Płaszów;151
2026-04-30 21:30:53;P+R Nowy Bieżanów;92
2026-04-30 21:30:53;P+R Kurdwanów;144
2026-05-01 02:00:56;P+R Górka Narodowa;436
2026-05-01 02:00:56;P+R Pachońskiego;88
2026-05-01 02:00:56;P+R Krowodrza Górka;101
2026-05-01 02:00:56;P+R Czerwone Maki;183
2026-05-01 02:00:56;P+R Mały Płaszów;155
2026-05-01 02:00:56;P+R Nowy Bieżanów;101
2026-05-01 02:00:56;P+R Kurdwanów;156
2026-05-01 02:30:50;P+R Górka Narodowa;436
2026-05-01 02:30:50;P+R Pachońskiego;88
2026-05-01 02:30:50;P+R Krowodrza Górka;101
2026-05-01 02:30:50;P+R Czerwone Maki;183
2026-05-01 02:30:50;P+R Mały Płaszów;155
2026-05-01 02:30:50;P+R Nowy Bieżanów;101
2026-05-01 02:30:50;P+R Kurdwanów;156
2026-05-01 03:00:56;P+R Górka Narodowa;436
2026-05-01 03:00:56;P+R Pachońskiego;88
2026-05-01 03:00:56;P+R Krowodrza Górka;101
2026-05-01 03:00:56;P+R Czerwone Maki;183
2026-05-01 03:00:56;P+R Mały Płaszów;155
2026-05-01 03:00:56;P+R Nowy Bieżanów;101
2026-05-01 03:00:56;P+R Kurdwanów;156
2026-05-01 03:30:48;P+R Górka Narodowa;436
2026-05-01 03:30:48;P+R Pachońskiego;88
2026-05-01 03:30:48;P+R Krowodrza Górka;101
2026-05-01 03:30:48;P+R Czerwone Maki;183
2026-05-01 03:30:48;P+R Mały Płaszów;155
2026-05-01 03:30:48;P+R Nowy Bieżanów;101
2026-05-01 03:30:48;P+R Kurdwanów;156
2026-05-01 04:00:45;P+R Górka Narodowa;436
2026-05-01 04:00:45;P+R Pachońskiego;88
2026-05-01 04:00:45;P+R Krowodrza Górka;101
2026-05-01 04:00:45;P+R Czerwone Maki;183
2026-05-01 04:00:45;P+R Mały Płaszów;155
2026-05-01 04:00:45;P+R Nowy Bieżanów;101
2026-05-01 04:00:45;P+R Kurdwanów;156
2026-05-01 04:30:45;P+R Górka Narodowa;436
2026-05-01 04:30:45;P+R Pachońskiego;88
2026-05-01 04:30:45;P+R Krowodrza Górka;101
2026-05-01 04:30:45;P+R Czerwone Maki;183
2026-05-01 04:30:45;P+R Mały Płaszów;155
2026-05-01 04:30:45;P+R Nowy Bieżanów;101
2026-05-01 04:30:45;P+R Kurdwanów;156
2026-05-01 05:00:59;P+R Górka Narodowa;436
2026-05-01 05:00:59;P+R Pachońskiego;88
2026-05-01 05:00:59;P+R Krowodrza Górka;101
2026-05-01 05:00:59;P+R Czerwone Maki;183
2026-05-01 05:00:59;P+R Mały Płaszów;155
2026-05-01 05:00:59;P+R Nowy Bieżanów;101
2026-05-01 05:00:59;P+R Kurdwanów;156
2026-05-01 05:30:59;P+R Górka Narodowa;436
2026-05-01 05:30:59;P+R Pachońskiego;88
2026-05-01 05:30:59;P+R Krowodrza Górka;99
2026-05-01 05:30:59;P+R Czerwone Maki;183
2026-05-01 05:30:59;P+R Mały Płaszów;155
2026-05-01 05:30:59;P+R Nowy Bieżanów;101
2026-05-01 05:30:59;P+R Kurdwanów;156
2026-05-01 06:00:44;P+R Górka Narodowa;435
2026-05-01 06:00:44;P+R Pachońskiego;88
2026-05-01 06:00:44;P+R Krowodrza Górka;99
2026-05-01 06:00:44;P+R Czerwone Maki;182
2026-05-01 06:00:44;P+R Mały Płaszów;154
2026-05-01 06:00:44;P+R Nowy Bieżanów;101
2026-05-01 06:00:44;P+R Kurdwanów;156
2026-05-01 06:30:43;P+R Górka Narodowa;434
2026-05-01 06:30:43;P+R Pachońskiego;88
2026-05-01 06:30:43;P+R Krowodrza Górka;97
2026-05-01 06:30:43;P+R Czerwone Maki;181
2026-05-01 06:30:43;P+R Mały Płaszów;154
2026-05-01 06:30:43;P+R Nowy Bieżanów;100
2026-05-01 06:30:43;P+R Kurdwanów;155
2026-05-01 07:00:47;P+R Górka Narodowa;432
2026-05-01 07:00:47;P+R Pachońskiego;88
2026-05-01 07:00:47;P+R Krowodrza Górka;97
2026-05-01 07:00:47;P+R Czerwone Maki;180
2026-05-01 07:00:47;P+R Mały Płaszów;154
2026-05-01 07:00:47;P+R Nowy Bieżanów;100
2026-05-01 07:00:47;P+R Kurdwanów;155
2026-05-01 07:30:45;P+R Górka Narodowa;429
2026-05-01 07:30:45;P+R Pachońskiego;88
2026-05-01 07:30:45;P+R Krowodrza Górka;97
2026-05-01 07:30:45;P+R Czerwone Maki;178
2026-05-01 07:30:45;P+R Mały Płaszów;154
2026-05-01 07:30:45;P+R Nowy Bieżanów;98
2026-05-01 07:30:45;P+R Kurdwanów;154
2026-05-01 08:00:56;P+R Górka Narodowa;424
2026-05-01 08:00:56;P+R Pachońskiego;88
2026-05-01 08:00:56;P+R Krowodrza Górka;97
2026-05-01 08:00:56;P+R Czerwone Maki;177
2026-05-01 08:00:56;P+R Mały Płaszów;154
2026-05-01 08:00:56;P+R Nowy Bieżanów;97
2026-05-01 08:00:56;P+R Kurdwanów;154
2026-05-01 08:30:44;P+R Górka Narodowa;423
2026-05-01 08:30:44;P+R Pachońskiego;87
2026-05-01 08:30:44;P+R Krowodrza Górka;97
2026-05-01 08:30:44;P+R Czerwone Maki;176
2026-05-01 08:30:44;P+R Mały Płaszów;154
2026-05-01 08:30:44;P+R Nowy Bieżanów;97
2026-05-01 08:30:44;P+R Kurdwanów;154
2026-05-01 09:00:47;P+R Górka Narodowa;419
2026-05-01 09:00:47;P+R Pachońskiego;87
2026-05-01 09:00:47;P+R Krowodrza Górka;94
2026-05-01 09:00:47;P+R Czerwone Maki;176
2026-05-01 09:00:47;P+R Mały Płaszów;153
2026-05-01 09:00:47;P+R Nowy Bieżanów;97
2026-05-01 09:00:47;P+R Kurdwanów;154
2026-05-01 09:30:47;P+R Górka Narodowa;418
2026-05-01 09:30:47;P+R Pachońskiego;86
2026-05-01 09:30:47;P+R Krowodrza Górka;91
2026-05-01 09:30:47;P+R Czerwone Maki;171
2026-05-01 09:30:47;P+R Mały Płaszów;152
2026-05-01 09:30:47;P+R Nowy Bieżanów;94
2026-05-01 09:30:47;P+R Kurdwanów;154
2026-05-01 10:00:53;P+R Górka Narodowa;415
2026-05-01 10:00:53;P+R Pachońskiego;85
2026-05-01 10:00:53;P+R Krowodrza Górka;89
2026-05-01 10:00:53;P+R Czerwone Maki;169
2026-05-01 10:00:53;P+R Mały Płaszów;151
2026-05-01 10:00:53;P+R Nowy Bieżanów;94
2026-05-01 10:00:53;P+R Kurdwanów;153
2026-05-01 10:30:44;P+R Górka Narodowa;412
2026-05-01 10:30:44;P+R Pachońskiego;85
2026-05-01 10:30:44;P+R Krowodrza Górka;85
2026-05-01 10:30:44;P+R Czerwone Maki;165
2026-05-01 10:30:44;P+R Mały Płaszów;151
2026-05-01 10:30:44;P+R Nowy Bieżanów;94
2026-05-01 10:30:44;P+R Kurdwanów;152
2026-05-01 11:01:07;P+R Górka Narodowa;406
2026-05-01 11:01:07;P+R Pachońskiego;84
2026-05-01 11:01:07;P+R Krowodrza Górka;81
2026-05-01 11:01:07;P+R Czerwone Maki;162
2026-05-01 11:01:07;P+R Mały Płaszów;152
2026-05-01 11:01:07;P+R Nowy Bieżanów;93
2026-05-01 11:01:07;P+R Kurdwanów;151
2026-05-01 11:30:44;P+R Górka Narodowa;403
2026-05-01 11:30:44;P+R Pachońskiego;83
2026-05-01 11:30:44;P+R Krowodrza Górka;81
2026-05-01 11:30:44;P+R Czerwone Maki;159
2026-05-01 11:30:44;P+R Mały Płaszów;149
2026-05-01 11:30:44;P+R Nowy Bieżanów;90
2026-05-01 11:30:44;P+R Kurdwanów;150
2026-05-01 12:00:45;P+R Górka Narodowa;400
2026-05-01 12:00:45;P+R Pachońskiego;81
2026-05-01 12:00:45;P+R Krowodrza Górka;79
2026-05-01 12:00:45;P+R Czerwone Maki;152
2026-05-01 12:00:45;P+R Mały Płaszów;149
2026-05-01 12:00:45;P+R Nowy Bieżanów;85
2026-05-01 12:00:45;P+R Kurdwanów;149
2026-05-01 12:30:46;P+R Górka Narodowa;397
2026-05-01 12:30:46;P+R Pachońskiego;81
2026-05-01 12:30:46;P+R Krowodrza Górka;78
2026-05-01 12:30:46;P+R Czerwone Maki;149
2026-05-01 12:30:46;P+R Mały Płaszów;148
2026-05-01 12:30:46;P+R Nowy Bieżanów;85
2026-05-01 12:30:46;P+R Kurdwanów;147
2026-05-01 13:00:48;P+R Górka Narodowa;394
2026-05-01 13:00:48;P+R Pachońskiego;79
2026-05-01 13:00:48;P+R Krowodrza Górka;76
2026-05-01 13:00:48;P+R Czerwone Maki;150
2026-05-01 13:00:48;P+R Mały Płaszów;147
2026-05-01 13:00:48;P+R Nowy Bieżanów;84
2026-05-01 13:00:48;P+R Kurdwanów;147
2026-05-01 13:30:48;P+R Górka Narodowa;393
2026-05-01 13:30:48;P+R Pachońskiego;79
2026-05-01 13:30:48;P+R Krowodrza Górka;76
2026-05-01 13:30:48;P+R Czerwone Maki;148
2026-05-01 13:30:48;P+R Mały Płaszów;143
2026-05-01 13:30:48;P+R Nowy Bieżanów;83
2026-05-01 13:30:48;P+R Kurdwanów;143
2026-05-01 14:00:55;P+R Górka Narodowa;396
2026-05-01 14:00:55;P+R Pachońskiego;80
2026-05-01 14:00:55;P+R Krowodrza Górka;75
2026-05-01 14:00:55;P+R Czerwone Maki;148
2026-05-01 14:00:55;P+R Mały Płaszów;145
2026-05-01 14:00:55;P+R Nowy Bieżanów;86
2026-05-01 14:00:55;P+R Kurdwanów;142
2026-05-01 14:30:45;P+R Górka Narodowa;399
2026-05-01 14:30:45;P+R Pachońskiego;76
2026-05-01 14:30:45;P+R Krowodrza Górka;71
2026-05-01 14:30:45;P+R Czerwone Maki;148
2026-05-01 14:30:45;P+R Mały Płaszów;144
2026-05-01 14:30:45;P+R Nowy Bieżanów;85
2026-05-01 14:30:45;P+R Kurdwanów;142
2026-05-01 15:00:42;P+R Górka Narodowa;397
2026-05-01 15:00:42;P+R Pachońskiego;76
2026-05-01 15:00:42;P+R Krowodrza Górka;71
2026-05-01 15:00:42;P+R Czerwone Maki;145
2026-05-01 15:00:42;P+R Mały Płaszów;143
2026-05-01 15:00:42;P+R Nowy Bieżanów;84
2026-05-01 15:00:42;P+R Kurdwanów;142
2026-05-01 15:30:51;P+R Górka Narodowa;400
2026-05-01 15:30:51;P+R Pachońskiego;74
2026-05-01 15:30:51;P+R Krowodrza Górka;66
2026-05-01 15:30:51;P+R Czerwone Maki;145
2026-05-01 15:30:51;P+R Mały Płaszów;140
2026-05-01 15:30:51;P+R Nowy Bieżanów;84
2026-05-01 15:30:51;P+R Kurdwanów;143
2026-05-01 17:24:02;P+R Górka Narodowa;408
2026-05-01 17:24:02;P+R Pachońskiego;75
2026-05-01 17:24:02;P+R Krowodrza Górka;66
2026-05-01 17:24:02;P+R Czerwone Maki;146
2026-05-01 17:24:02;P+R Mały Płaszów;145
2026-05-01 17:24:02;P+R Nowy Bieżanów;93
2026-05-01 17:24:02;P+R Kurdwanów;141
2026-05-01 17:30:49;P+R Górka Narodowa;408
2026-05-01 17:30:49;P+R Pachońskiego;75
2026-05-01 17:30:49;P+R Krowodrza Górka;67
2026-05-01 17:30:49;P+R Czerwone Maki;149
2026-05-01 17:30:49;P+R Mały Płaszów;145
2026-05-01 17:30:49;P+R Nowy Bieżanów;93
2026-05-01 17:30:49;P+R Kurdwanów;141
2026-05-01 18:00:49;P+R Górka Narodowa;415
2026-05-01 18:00:49;P+R Pachońskiego;75
2026-05-01 18:00:49;P+R Krowodrza Górka;68
2026-05-01 18:00:49;P+R Czerwone Maki;147
2026-05-01 18:00:49;P+R Mały Płaszów;145
2026-05-01 18:00:49;P+R Nowy Bieżanów;95
2026-05-01 18:00:49;P+R Kurdwanów;141
2026-05-01 18:30:51;P+R Górka Narodowa;416
2026-05-01 18:30:51;P+R Pachońskiego;78
2026-05-01 18:30:51;P+R Krowodrza Górka;76
2026-05-01 18:30:51;P+R Czerwone Maki;151
2026-05-01 18:30:51;P+R Mały Płaszów;146
2026-05-01 18:30:51;P+R Nowy Bieżanów;95
2026-05-01 18:30:51;P+R Kurdwanów;143
2026-05-01 19:00:52;P+R Górka Narodowa;416
2026-05-01 19:00:52;P+R Pachońskiego;79
2026-05-01 19:00:52;P+R Krowodrza Górka;77
2026-05-01 19:00:52;P+R Czerwone Maki;152
2026-05-01 19:00:52;P+R Mały Płaszów;149
2026-05-01 19:00:52;P+R Nowy Bieżanów;94
2026-05-01 19:00:52;P+R Kurdwanów;145
2026-05-01 19:30:52;P+R Górka Narodowa;420
2026-05-01 19:30:52;P+R Pachońskiego;77
2026-05-01 19:30:52;P+R Krowodrza Górka;79
2026-05-01 19:30:52;P+R Czerwone Maki;154
2026-05-01 19:30:52;P+R Mały Płaszów;149
2026-05-01 19:30:52;P+R Nowy Bieżanów;92
2026-05-01 19:30:52;P+R Kurdwanów;146
2026-05-01 20:00:53;P+R Górka Narodowa;422
2026-05-01 20:00:53;P+R Pachońskiego;79
2026-05-01 20:00:53;P+R Krowodrza Górka;80
2026-05-01 20:00:53;P+R Czerwone Maki;159
2026-05-01 20:00:53;P+R Mały Płaszów;149
2026-05-01 20:00:53;P+R Nowy Bieżanów;93
2026-05-01 20:00:53;P+R Kurdwanów;149
2026-05-01 20:30:42;P+R Górka Narodowa;424
2026-05-01 20:30:42;P+R Pachońskiego;82
2026-05-01 20:30:42;P+R Krowodrza Górka;83
2026-05-01 20:30:42;P+R Czerwone Maki;164
2026-05-01 20:30:42;P+R Mały Płaszów;149
2026-05-01 20:30:42;P+R Nowy Bieżanów;94
2026-05-01 20:30:42;P+R Kurdwanów;149
2026-05-01 21:00:48;P+R Górka Narodowa;423
2026-05-01 21:00:48;P+R Pachońskiego;82
2026-05-01 21:00:48;P+R Krowodrza Górka;85
2026-05-01 21:00:48;P+R Czerwone Maki;167
2026-05-01 21:00:48;P+R Mały Płaszów;151
2026-05-01 21:00:48;P+R Nowy Bieżanów;97
2026-05-01 21:00:48;P+R Kurdwanów;150
2026-05-01 21:30:48;P+R Górka Narodowa;426
2026-05-01 21:30:48;P+R Pachońskiego;84
2026-05-01 21:30:48;P+R Krowodrza Górka;87
2026-05-01 21:30:48;P+R Czerwone Maki;168
2026-05-01 21:30:48;P+R Mały Płaszów;151
2026-05-01 21:30:48;P+R Nowy Bieżanów;99
2026-05-01 21:30:48;P+R Kurdwanów;150
2026-05-01 22:00:43;P+R Górka Narodowa;427
2026-05-01 22:00:43;P+R Pachońskiego;85
2026-05-01 22:00:43;P+R Krowodrza Górka;89
2026-05-01 22:00:43;P+R Czerwone Maki;170
2026-05-01 22:00:43;P+R Mały Płaszów;152
2026-05-01 22:00:43;P+R Nowy Bieżanów;99
2026-05-01 22:00:43;P+R Kurdwanów;150
2026-05-01 22:30:57;P+R Górka Narodowa;429
2026-05-01 22:30:57;P+R Pachońskiego;87
2026-05-01 22:30:57;P+R Krowodrza Górka;92
2026-05-01 22:30:57;P+R Czerwone Maki;175
2026-05-01 22:30:57;P+R Mały Płaszów;153
2026-05-01 22:30:57;P+R Nowy Bieżanów;100
2026-05-01 22:30:57;P+R Kurdwanów;152
2026-05-01 23:00:46;P+R Górka Narodowa;433
2026-05-01 23:00:46;P+R Pachońskiego;88
2026-05-01 23:00:46;P+R Krowodrza Górka;95
2026-05-01 23:00:46;P+R Czerwone Maki;175
2026-05-01 23:00:46;P+R Mały Płaszów;153
2026-05-01 23:00:46;P+R Nowy Bieżanów;101
2026-05-01 23:00:46;P+R Kurdwanów;152
2026-05-01 23:30:49;P+R Górka Narodowa;434
2026-05-01 23:30:49;P+R Pachońskiego;87
2026-05-01 23:30:49;P+R Krowodrza Górka;96
2026-05-01 23:30:49;P+R Czerwone Maki;175
2026-05-01 23:30:49;P+R Mały Płaszów;154
2026-05-01 23:30:49;P+R Nowy Bieżanów;101
2026-05-01 23:30:49;P+R Kurdwanów;156
2026-05-02 00:00:45;P+R Górka Narodowa;435
2026-05-02 00:00:45;P+R Pachońskiego;88
2026-05-02 00:00:45;P+R Krowodrza Górka;98
2026-05-02 00:00:45;P+R Czerwone Maki;179
2026-05-02 00:00:45;P+R Mały Płaszów;155
2026-05-02 00:00:45;P+R Nowy Bieżanów;101
2026-05-02 00:00:45;P+R Kurdwanów;156
2026-05-02 00:30:51;P+R Górka Narodowa;435
2026-05-02 00:30:51;P+R Pachońskiego;88
2026-05-02 00:30:51;P+R Krowodrza Górka;100
2026-05-02 00:30:51;P+R Czerwone Maki;180
2026-05-02 00:30:51;P+R Mały Płaszów;155
2026-05-02 00:30:51;P+R Nowy Bieżanów;101
2026-05-02 00:30:51;P+R Kurdwanów;156
2026-05-02 01:00:45;P+R Górka Narodowa;435
2026-05-02 01:00:45;P+R Pachońskiego;88
2026-05-02 01:00:45;P+R Krowodrza Górka;101
2026-05-02 01:00:45;P+R Czerwone Maki;182
2026-05-02 01:00:45;P+R Mały Płaszów;155
2026-05-02 01:00:45;P+R Nowy Bieżanów;101
2026-05-02 01:00:45;P+R Kurdwanów;156
2026-05-02 01:30:41;P+R Górka Narodowa;435
2026-05-02 01:30:41;P+R Pachońskiego;88
2026-05-02 01:30:41;P+R Krowodrza Górka;101
2026-05-02 01:30:41;P+R Czerwone Maki;182
2026-05-02 01:30:41;P+R Mały Płaszów;155
2026-05-02 01:30:41;P+R Nowy Bieżanów;101
2026-05-02 01:30:41;P+R Kurdwanów;156
2026-05-02 02:32:55;P+R Górka Narodowa;436
2026-05-02 02:32:55;P+R Pachońskiego;88
2026-05-02 02:32:55;P+R Krowodrza Górka;101
2026-05-02 02:32:55;P+R Czerwone Maki;182
2026-05-02 02:32:55;P+R Mały Płaszów;155
2026-05-02 02:32:55;P+R Nowy Bieżanów;101
2026-05-02 02:32:55;P+R Kurdwanów;156
2026-05-02 03:00:52;P+R Górka Narodowa;436
2026-05-02 03:00:52;P+R Pachońskiego;88
2026-05-02 03:00:52;P+R Krowodrza Górka;101
2026-05-02 03:00:52;P+R Czerwone Maki;182
2026-05-02 03:00:52;P+R Mały Płaszów;155
2026-05-02 03:00:52;P+R Nowy Bieżanów;101
2026-05-02 03:00:52;P+R Kurdwanów;156
2026-05-02 03:30:55;P+R Górka Narodowa;436
2026-05-02 03:30:55;P+R Pachońskiego;88
2026-05-02 03:30:55;P+R Krowodrza Górka;101
2026-05-02 03:30:55;P+R Czerwone Maki;182
2026-05-02 03:30:55;P+R Mały Płaszów;155
2026-05-02 03:30:55;P+R Nowy Bieżanów;101
2026-05-02 03:30:55;P+R Kurdwanów;156
2026-05-02 04:00:47;P+R Górka Narodowa;436
2026-05-02 04:00:47;P+R Pachońskiego;88
2026-05-02 04:00:47;P+R Krowodrza Górka;101
2026-05-02 04:00:47;P+R Czerwone Maki;182
2026-05-02 04:00:47;P+R Mały Płaszów;155
2026-05-02 04:00:47;P+R Nowy Bieżanów;101
2026-05-02 04:00:47;P+R Kurdwanów;156
2026-05-02 04:30:42;P+R Górka Narodowa;435
2026-05-02 04:30:42;P+R Pachońskiego;88
2026-05-02 04:30:42;P+R Krowodrza Górka;101
2026-05-02 04:30:42;P+R Czerwone Maki;182
2026-05-02 04:30:42;P+R Mały Płaszów;155
2026-05-02 04:30:42;P+R Nowy Bieżanów;101
2026-05-02 04:30:42;P+R Kurdwanów;156
2026-05-02 05:00:43;P+R Górka Narodowa;435
2026-05-02 05:00:43;P+R Pachońskiego;87
2026-05-02 05:00:43;P+R Krowodrza Górka;100
2026-05-02 05:00:43;P+R Czerwone Maki;181
2026-05-02 05:00:43;P+R Mały Płaszów;155
2026-05-02 05:00:43;P+R Nowy Bieżanów;101
2026-05-02 05:00:43;P+R Kurdwanów;156
2026-05-02 05:30:46;P+R Górka Narodowa;433
2026-05-02 05:30:46;P+R Pachońskiego;87
2026-05-02 05:30:46;P+R Krowodrza Górka;98
2026-05-02 05:30:46;P+R Czerwone Maki;180
2026-05-02 05:30:46;P+R Mały Płaszów;155
2026-05-02 05:30:46;P+R Nowy Bieżanów;101
2026-05-02 05:30:46;P+R Kurdwanów;156
2026-05-02 06:00:51;P+R Górka Narodowa;432
2026-05-02 06:00:51;P+R Pachońskiego;86
2026-05-02 06:00:51;P+R Krowodrza Górka;97
2026-05-02 06:00:51;P+R Czerwone Maki;180
2026-05-02 06:00:51;P+R Mały Płaszów;155
2026-05-02 06:00:51;P+R Nowy Bieżanów;101
2026-05-02 06:00:51;P+R Kurdwanów;155
2026-05-02 06:30:50;P+R Górka Narodowa;431
2026-05-02 06:30:50;P+R Pachońskiego;85
2026-05-02 06:30:50;P+R Krowodrza Górka;95
2026-05-02 06:30:50;P+R Czerwone Maki;179
2026-05-02 06:30:50;P+R Mały Płaszów;154
2026-05-02 06:30:50;P+R Nowy Bieżanów;101
2026-05-02 06:30:50;P+R Kurdwanów;154
2026-05-02 07:01:08;P+R Górka Narodowa;429
2026-05-02 07:01:08;P+R Pachońskiego;85
2026-05-02 07:01:08;P+R Krowodrza Górka;92
2026-05-02 07:01:08;P+R Czerwone Maki;177
2026-05-02 07:01:08;P+R Mały Płaszów;153
2026-05-02 07:01:08;P+R Nowy Bieżanów;100
2026-05-02 07:01:08;P+R Kurdwanów;154
2026-05-02 07:30:45;P+R Górka Narodowa;428
2026-05-02 07:30:45;P+R Pachońskiego;84
2026-05-02 07:30:45;P+R Krowodrza Górka;92
2026-05-02 07:30:45;P+R Czerwone Maki;176
2026-05-02 07:30:45;P+R Mały Płaszów;153
2026-05-02 07:30:45;P+R Nowy Bieżanów;98
2026-05-02 07:30:45;P+R Kurdwanów;154
2026-05-02 08:00:54;P+R Górka Narodowa;424
2026-05-02 08:00:54;P+R Pachońskiego;83
2026-05-02 08:00:54;P+R Krowodrza Górka;90
2026-05-02 08:00:54;P+R Czerwone Maki;175
2026-05-02 08:00:54;P+R Mały Płaszów;152
2026-05-02 08:00:54;P+R Nowy Bieżanów;98
2026-05-02 08:00:54;P+R Kurdwanów;154
2026-05-02 08:30:47;P+R Górka Narodowa;423
2026-05-02 08:30:47;P+R Pachońskiego;83
2026-05-02 08:30:47;P+R Krowodrza Górka;85
2026-05-02 08:30:47;P+R Czerwone Maki;171
2026-05-02 08:30:47;P+R Mały Płaszów;152
2026-05-02 08:30:47;P+R Nowy Bieżanów;96
2026-05-02 08:30:47;P+R Kurdwanów;153
2026-05-02 09:00:46;P+R Górka Narodowa;420
2026-05-02 09:00:46;P+R Pachońskiego;82
2026-05-02 09:00:46;P+R Krowodrza Górka;83
2026-05-02 09:00:46;P+R Czerwone Maki;168
2026-05-02 09:00:46;P+R Mały Płaszów;149
2026-05-02 09:00:46;P+R Nowy Bieżanów;95
2026-05-02 09:00:46;P+R Kurdwanów;152
2026-05-02 09:30:42;P+R Górka Narodowa;418
2026-05-02 09:30:42;P+R Pachońskiego;80
2026-05-02 09:30:42;P+R Krowodrza Górka;77
2026-05-02 09:30:42;P+R Czerwone Maki;166
2026-05-02 09:30:42;P+R Mały Płaszów;149
2026-05-02 09:30:42;P+R Nowy Bieżanów;94
2026-05-02 09:30:42;P+R Kurdwanów;152
2026-05-02 10:00:45;P+R Górka Narodowa;413
2026-05-02 10:00:45;P+R Pachońskiego;79
2026-05-02 10:00:45;P+R Krowodrza Górka;78
2026-05-02 10:00:45;P+R Czerwone Maki;162
2026-05-02 10:00:45;P+R Mały Płaszów;148
2026-05-02 10:00:45;P+R Nowy Bieżanów;92
2026-05-02 10:00:45;P+R Kurdwanów;152
2026-05-02 10:30:50;P+R Górka Narodowa;411
2026-05-02 10:30:50;P+R Pachońskiego;76
2026-05-02 10:30:50;P+R Krowodrza Górka;77
2026-05-02 10:30:50;P+R Czerwone Maki;157
2026-05-02 10:30:50;P+R Mały Płaszów;146
2026-05-02 10:30:50;P+R Nowy Bieżanów;91
2026-05-02 10:30:50;P+R Kurdwanów;152
2026-05-02 11:01:00;P+R Górka Narodowa;403
2026-05-02 11:01:00;P+R Pachońskiego;74
2026-05-02 11:01:00;P+R Krowodrza Górka;77
2026-05-02 11:01:00;P+R Czerwone Maki;148
2026-05-02 11:01:00;P+R Mały Płaszów;146
2026-05-02 11:01:00;P+R Nowy Bieżanów;88
2026-05-02 11:01:00;P+R Kurdwanów;147
2026-05-02 11:30:40;P+R Górka Narodowa;398
2026-05-02 11:30:40;P+R Pachońskiego;73
2026-05-02 11:30:40;P+R Krowodrza Górka;72
2026-05-02 11:30:40;P+R Czerwone Maki;143
2026-05-02 11:30:40;P+R Mały Płaszów;145
2026-05-02 11:30:40;P+R Nowy Bieżanów;85
2026-05-02 11:30:40;P+R Kurdwanów;143
2026-05-02 12:00:46;P+R Górka Narodowa;395
2026-05-02 12:00:46;P+R Pachońskiego;73
2026-05-02 12:00:46;P+R Krowodrza Górka;70
2026-05-02 12:00:46;P+R Czerwone Maki;136
2026-05-02 12:00:46;P+R Mały Płaszów;136
2026-05-02 12:00:46;P+R Nowy Bieżanów;85
2026-05-02 12:00:46;P+R Kurdwanów;142
2026-05-02 12:30:44;P+R Górka Narodowa;391
2026-05-02 12:30:44;P+R Pachońskiego;71
2026-05-02 12:30:44;P+R Krowodrza Górka;69
2026-05-02 12:30:44;P+R Czerwone Maki;133
2026-05-02 12:30:44;P+R Mały Płaszów;133
2026-05-02 12:30:44;P+R Nowy Bieżanów;85
2026-05-02 12:30:44;P+R Kurdwanów;140
2026-05-02 13:00:42;P+R Górka Narodowa;388
2026-05-02 13:00:42;P+R Pachońskiego;73
2026-05-02 13:00:42;P+R Krowodrza Górka;65
2026-05-02 13:00:42;P+R Czerwone Maki;127
2026-05-02 13:00:42;P+R Mały Płaszów;133
2026-05-02 13:00:42;P+R Nowy Bieżanów;86
2026-05-02 13:00:42;P+R Kurdwanów;138
2026-05-02 13:30:53;P+R Górka Narodowa;385
2026-05-02 13:30:53;P+R Pachońskiego;74
2026-05-02 13:30:53;P+R Krowodrza Górka;66
2026-05-02 13:30:53;P+R Czerwone Maki;124
2026-05-02 13:30:53;P+R Mały Płaszów;133
2026-05-02 13:30:53;P+R Nowy Bieżanów;86
2026-05-02 13:30:53;P+R Kurdwanów;137
2026-05-02 14:00:53;P+R Górka Narodowa;387
2026-05-02 14:00:53;P+R Pachońskiego;74
2026-05-02 14:00:53;P+R Krowodrza Górka;65
2026-05-02 14:00:53;P+R Czerwone Maki;127
2026-05-02 14:00:53;P+R Mały Płaszów;133
2026-05-02 14:00:53;P+R Nowy Bieżanów;85
2026-05-02 14:00:53;P+R Kurdwanów;138
2026-05-02 14:30:47;P+R Górka Narodowa;388
2026-05-02 14:30:47;P+R Pachońskiego;75
2026-05-02 14:30:47;P+R Krowodrza Górka;63
2026-05-02 14:30:47;P+R Czerwone Maki;126
2026-05-02 14:30:47;P+R Mały Płaszów;131
2026-05-02 14:30:47;P+R Nowy Bieżanów;86
2026-05-02 14:30:47;P+R Kurdwanów;138
2026-05-02 15:00:43;P+R Górka Narodowa;390
2026-05-02 15:00:43;P+R Pachońskiego;75
2026-05-02 15:00:43;P+R Krowodrza Górka;64
2026-05-02 15:00:43;P+R Czerwone Maki;126
2026-05-02 15:00:43;P+R Mały Płaszów;128
2026-05-02 15:00:43;P+R Nowy Bieżanów;86
2026-05-02 15:00:43;P+R Kurdwanów;138
2026-05-02 15:30:40;P+R Górka Narodowa;390
2026-05-02 15:30:40;P+R Pachońskiego;77
2026-05-02 15:30:40;P+R Krowodrza Górka;65
2026-05-02 15:30:40;P+R Czerwone Maki;128
2026-05-02 15:30:40;P+R Mały Płaszów;126
2026-05-02 15:30:40;P+R Nowy Bieżanów;87
2026-05-02 15:30:40;P+R Kurdwanów;136
2026-05-02 16:00:45;P+R Górka Narodowa;395
2026-05-02 16:00:45;P+R Pachońskiego;78
2026-05-02 16:00:45;P+R Krowodrza Górka;63
2026-05-02 16:00:45;P+R Czerwone Maki;131
2026-05-02 16:00:45;P+R Mały Płaszów;129
2026-05-02 16:00:45;P+R Nowy Bieżanów;89
2026-05-02 16:00:45;P+R Kurdwanów;137
2026-05-02 16:30:46;P+R Górka Narodowa;392
2026-05-02 16:30:46;P+R Pachońskiego;79
2026-05-02 16:30:46;P+R Krowodrza Górka;62
2026-05-02 16:30:46;P+R Czerwone Maki;131
2026-05-02 16:30:46;P+R Mały Płaszów;127
2026-05-02 16:30:46;P+R Nowy Bieżanów;89
2026-05-02 16:30:46;P+R Kurdwanów;141
2026-05-02 17:00:41;P+R Górka Narodowa;393
2026-05-02 17:00:41;P+R Pachońskiego;82
2026-05-02 17:00:41;P+R Krowodrza Górka;63
2026-05-02 17:00:41;P+R Czerwone Maki;137
2026-05-02 17:00:41;P+R Mały Płaszów;129
2026-05-02 17:00:41;P+R Nowy Bieżanów;88
2026-05-02 17:00:41;P+R Kurdwanów;140
2026-05-02 17:30:47;P+R Górka Narodowa;398
2026-05-02 17:30:47;P+R Pachońskiego;82
2026-05-02 17:30:47;P+R Krowodrza Górka;66
2026-05-02 17:30:47;P+R Czerwone Maki;135
2026-05-02 17:30:47;P+R Mały Płaszów;128
2026-05-02 17:30:47;P+R Nowy Bieżanów;89
2026-05-02 17:30:47;P+R Kurdwanów;139
2026-05-02 18:00:48;P+R Górka Narodowa;403
2026-05-02 18:00:48;P+R Pachońskiego;83
2026-05-02 18:00:48;P+R Krowodrza Górka;70
2026-05-02 18:00:48;P+R Czerwone Maki;140
2026-05-02 18:00:48;P+R Mały Płaszów;127
2026-05-02 18:00:48;P+R Nowy Bieżanów;91
2026-05-02 18:00:48;P+R Kurdwanów;137
2026-05-02 18:30:50;P+R Górka Narodowa;405
2026-05-02 18:30:50;P+R Pachońskiego;82
2026-05-02 18:30:50;P+R Krowodrza Górka;72
2026-05-02 18:30:50;P+R Czerwone Maki;145
2026-05-02 18:30:50;P+R Mały Płaszów;129
2026-05-02 18:30:50;P+R Nowy Bieżanów;92
2026-05-02 18:30:50;P+R Kurdwanów;138
2026-05-02 19:30:39;P+R Górka Narodowa;412
2026-05-02 19:30:39;P+R Pachońskiego;83
2026-05-02 19:30:39;P+R Krowodrza Górka;75
2026-05-02 19:30:39;P+R Czerwone Maki;146
2026-05-02 19:30:39;P+R Mały Płaszów;134
2026-05-02 19:30:39;P+R Nowy Bieżanów;93
2026-05-02 19:30:39;P+R Kurdwanów;141
2026-05-02 20:00:58;P+R Górka Narodowa;417
2026-05-02 20:00:58;P+R Pachońskiego;85
2026-05-02 20:00:58;P+R Krowodrza Górka;81
2026-05-02 20:00:58;P+R Czerwone Maki;149
2026-05-02 20:00:58;P+R Mały Płaszów;138
2026-05-02 20:00:58;P+R Nowy Bieżanów;95
2026-05-02 20:00:58;P+R Kurdwanów;143
2026-05-02 20:30:45;P+R Górka Narodowa;418
2026-05-02 20:30:45;P+R Pachońskiego;85
2026-05-02 20:30:45;P+R Krowodrza Górka;83
2026-05-02 20:30:45;P+R Czerwone Maki;151
2026-05-02 20:30:45;P+R Mały Płaszów;142
2026-05-02 20:30:45;P+R Nowy Bieżanów;95
2026-05-02 20:30:45;P+R Kurdwanów;146
2026-05-02 21:00:42;P+R Górka Narodowa;422
2026-05-02 21:00:42;P+R Pachońskiego;85
2026-05-02 21:00:42;P+R Krowodrza Górka;85
2026-05-02 21:00:42;P+R Czerwone Maki;159
2026-05-02 21:00:42;P+R Mały Płaszów;143
2026-05-02 21:00:42;P+R Nowy Bieżanów;96
2026-05-02 21:00:42;P+R Kurdwanów;147
2026-05-02 21:30:44;P+R Górka Narodowa;425
2026-05-02 21:30:44;P+R Pachońskiego;86
2026-05-02 21:30:44;P+R Krowodrza Górka;88
2026-05-02 21:30:44;P+R Czerwone Maki;160
2026-05-02 21:30:44;P+R Mały Płaszów;145
2026-05-02 21:30:44;P+R Nowy Bieżanów;96
2026-05-02 21:30:44;P+R Kurdwanów;148
2026-05-02 22:00:46;P+R Górka Narodowa;428
2026-05-02 22:00:46;P+R Pachońskiego;88
2026-05-02 22:00:46;P+R Krowodrza Górka;92
2026-05-02 22:00:46;P+R Czerwone Maki;164
2026-05-02 22:00:46;P+R Mały Płaszów;146
2026-05-02 22:00:46;P+R Nowy Bieżanów;97
2026-05-02 22:00:46;P+R Kurdwanów;149
2026-05-02 22:30:48;P+R Górka Narodowa;428
2026-05-02 22:30:48;P+R Pachońskiego;86
2026-05-02 22:30:48;P+R Krowodrza Górka;92
2026-05-02 22:30:48;P+R Czerwone Maki;168
2026-05-02 22:30:48;P+R Mały Płaszów;146
2026-05-02 22:30:48;P+R Nowy Bieżanów;99
2026-05-02 22:30:48;P+R Kurdwanów;151
2026-05-02 23:00:43;P+R Górka Narodowa;430
2026-05-02 23:00:43;P+R Pachońskiego;86
2026-05-02 23:00:43;P+R Krowodrza Górka;95
2026-05-02 23:00:43;P+R Czerwone Maki;174
2026-05-02 23:00:43;P+R Mały Płaszów;147
2026-05-02 23:00:43;P+R Nowy Bieżanów;99
2026-05-02 23:00:43;P+R Kurdwanów;152
2026-05-02 23:31:07;P+R Górka Narodowa;433
2026-05-02 23:31:07;P+R Pachońskiego;87
2026-05-02 23:31:07;P+R Krowodrza Górka;98
2026-05-02 23:31:07;P+R Czerwone Maki;175
2026-05-02 23:31:07;P+R Mały Płaszów;149
2026-05-02 23:31:07;P+R Nowy Bieżanów;100
2026-05-02 23:31:07;P+R Kurdwanów;152
2026-05-03 00:00:47;P+R Górka Narodowa;433
2026-05-03 00:00:47;P+R Pachońskiego;87
2026-05-03 00:00:47;P+R Krowodrza Górka;99
2026-05-03 00:00:47;P+R Czerwone Maki;177
2026-05-03 00:00:47;P+R Mały Płaszów;151
2026-05-03 00:00:47;P+R Nowy Bieżanów;100
2026-05-03 00:00:47;P+R Kurdwanów;154
2026-05-03 00:30:42;P+R Górka Narodowa;435
2026-05-03 00:30:42;P+R Pachońskiego;87
2026-05-03 00:30:42;P+R Krowodrza Górka;99
2026-05-03 00:30:42;P+R Czerwone Maki;180
2026-05-03 00:30:42;P+R Mały Płaszów;153
2026-05-03 00:30:42;P+R Nowy Bieżanów;100
2026-05-03 00:30:42;P+R Kurdwanów;154
2026-05-03 01:00:47;P+R Górka Narodowa;435
2026-05-03 01:00:47;P+R Pachońskiego;87
2026-05-03 01:00:47;P+R Krowodrza Górka;101
2026-05-03 01:00:47;P+R Czerwone Maki;180
2026-05-03 01:00:47;P+R Mały Płaszów;155
2026-05-03 01:00:47;P+R Nowy Bieżanów;101
2026-05-03 01:00:47;P+R Kurdwanów;154
2026-05-03 01:30:50;P+R Górka Narodowa;435
2026-05-03 01:30:50;P+R Pachońskiego;87
2026-05-03 01:30:50;P+R Krowodrza Górka;101
2026-05-03 01:30:50;P+R Czerwone Maki;180
2026-05-03 01:30:50;P+R Mały Płaszów;155
2026-05-03 01:30:50;P+R Nowy Bieżanów;101
2026-05-03 01:30:50;P+R Kurdwanów;154
2026-05-03 02:00:53;P+R Górka Narodowa;435
2026-05-03 02:00:53;P+R Pachońskiego;87
2026-05-03 02:00:53;P+R Krowodrza Górka;101
2026-05-03 02:00:53;P+R Czerwone Maki;180
2026-05-03 02:00:53;P+R Mały Płaszów;155
2026-05-03 02:00:53;P+R Nowy Bieżanów;101
2026-05-03 02:00:53;P+R Kurdwanów;154
2026-05-03 02:30:49;P+R Górka Narodowa;436
2026-05-03 02:30:49;P+R Pachońskiego;87
2026-05-03 02:30:49;P+R Krowodrza Górka;101
2026-05-03 02:30:49;P+R Czerwone Maki;180
2026-05-03 02:30:49;P+R Mały Płaszów;155
2026-05-03 02:30:49;P+R Nowy Bieżanów;101
2026-05-03 02:30:49;P+R Kurdwanów;154
2026-05-03 03:00:51;P+R Górka Narodowa;436
2026-05-03 03:00:51;P+R Pachońskiego;87
2026-05-03 03:00:51;P+R Krowodrza Górka;101
2026-05-03 03:00:51;P+R Czerwone Maki;180
2026-05-03 03:00:51;P+R Mały Płaszów;155
2026-05-03 03:00:51;P+R Nowy Bieżanów;101
2026-05-03 03:00:51;P+R Kurdwanów;154
2026-05-04 19:43:55;P+R Górka Narodowa;399
2026-05-04 19:43:55;P+R Pachońskiego;78
2026-05-04 19:43:55;P+R Krowodrza Górka;77
2026-05-04 19:43:55;P+R Czerwone Maki;156
2026-05-04 19:43:55;P+R Mały Płaszów;142
2026-05-04 19:43:55;P+R Nowy Bieżanów;89
2026-05-04 19:43:55;P+R Kurdwanów;61
2026-05-04 20:08:36;P+R Górka Narodowa;400
2026-05-04 20:08:36;P+R Pachońskiego;78
2026-05-04 20:08:36;P+R Krowodrza Górka;78
2026-05-04 20:08:36;P+R Czerwone Maki;159
2026-05-04 20:08:36;P+R Mały Płaszów;143
2026-05-04 20:08:36;P+R Nowy Bieżanów;91
2026-05-04 20:08:36;P+R Kurdwanów;61
2026-05-04 20:34:01;P+R Górka Narodowa;400
2026-05-04 20:34:01;P+R Pachońskiego;78
2026-05-04 20:34:01;P+R Krowodrza Górka;78
2026-05-04 20:34:01;P+R Czerwone Maki;162
2026-05-04 20:34:01;P+R Mały Płaszów;143
2026-05-04 20:34:01;P+R Nowy Bieżanów;91
2026-05-04 20:34:01;P+R Kurdwanów;61
2026-05-04 21:08:33;P+R Górka Narodowa;400
2026-05-04 21:08:33;P+R Pachońskiego;78
2026-05-04 21:08:33;P+R Krowodrza Górka;78
2026-05-04 21:08:33;P+R Czerwone Maki;164
2026-05-04 21:08:33;P+R Mały Płaszów;149
2026-05-04 21:08:33;P+R Nowy Bieżanów;93
2026-05-04 21:08:33;P+R Kurdwanów;62
2026-05-04 21:34:05;P+R Górka Narodowa;400
2026-05-04 21:34:05;P+R Pachońskiego;78
2026-05-04 21:34:05;P+R Krowodrza Górka;78
2026-05-04 21:34:05;P+R Czerwone Maki;165
2026-05-04 21:34:05;P+R Mały Płaszów;150
2026-05-04 21:34:05;P+R Nowy Bieżanów;93
2026-05-04 21:34:05;P+R Kurdwanów;62
2026-05-04 22:08:32;P+R Górka Narodowa;402
2026-05-04 22:08:32;P+R Pachońskiego;82
2026-05-04 22:08:32;P+R Krowodrza Górka;79
2026-05-04 22:08:32;P+R Czerwone Maki;169
2026-05-04 22:08:32;P+R Mały Płaszów;151
2026-05-04 22:08:32;P+R Nowy Bieżanów;94
2026-05-04 22:08:32;P+R Kurdwanów;63
2026-05-04 22:34:12;P+R Górka Narodowa;406
2026-05-04 22:34:12;P+R Pachońskiego;82
2026-05-04 22:34:12;P+R Krowodrza Górka;86
2026-05-04 22:34:12;P+R Czerwone Maki;175
2026-05-04 22:34:12;P+R Mały Płaszów;152
2026-05-04 22:34:12;P+R Nowy Bieżanów;94
2026-05-04 22:34:12;P+R Kurdwanów;64
2026-05-04 23:08:32;P+R Górka Narodowa;411
2026-05-04 23:08:32;P+R Pachońskiego;82
2026-05-04 23:08:32;P+R Krowodrza Górka;88
2026-05-04 23:08:32;P+R Czerwone Maki;178
2026-05-04 23:08:32;P+R Mały Płaszów;153
2026-05-04 23:08:32;P+R Nowy Bieżanów;95
2026-05-04 23:08:32;P+R Kurdwanów;109
2026-05-04 23:34:07;P+R Górka Narodowa;412
2026-05-04 23:34:07;P+R Pachońskiego;82
2026-05-04 23:34:07;P+R Krowodrza Górka;89
2026-05-04 23:34:07;P+R Czerwone Maki;181
2026-05-04 23:34:07;P+R Mały Płaszów;153
2026-05-04 23:34:07;P+R Nowy Bieżanów;96
2026-05-04 23:34:07;P+R Kurdwanów;155
2026-05-05 00:08:34;P+R Górka Narodowa;426
2026-05-05 00:08:34;P+R Pachońskiego;82
2026-05-05 00:08:34;P+R Krowodrza Górka;89
2026-05-05 00:08:34;P+R Czerwone Maki;181
2026-05-05 00:08:34;P+R Mały Płaszów;153
2026-05-05 00:08:34;P+R Nowy Bieżanów;97
2026-05-05 00:08:34;P+R Kurdwanów;155
2026-05-05 00:34:10;P+R Górka Narodowa;435
2026-05-05 00:34:10;P+R Pachońskiego;88
2026-05-05 00:34:10;P+R Krowodrza Górka;101
2026-05-05 00:34:10;P+R Czerwone Maki;181
2026-05-05 00:34:10;P+R Mały Płaszów;153
2026-05-05 00:34:10;P+R Nowy Bieżanów;97
2026-05-05 00:34:10;P+R Kurdwanów;155
2026-05-05 01:08:40;P+R Górka Narodowa;435
2026-05-05 01:08:40;P+R Pachońskiego;88
2026-05-05 01:08:40;P+R Krowodrza Górka;101
2026-05-05 01:08:40;P+R Czerwone Maki;181
2026-05-05 01:08:40;P+R Mały Płaszów;153
2026-05-05 01:08:40;P+R Nowy Bieżanów;97
2026-05-05 01:08:40;P+R Kurdwanów;155
2026-05-05 01:34:03;P+R Górka Narodowa;435
2026-05-05 01:34:03;P+R Pachońskiego;88
2026-05-05 01:34:03;P+R Krowodrza Górka;101
2026-05-05 01:34:03;P+R Czerwone Maki;181
2026-05-05 01:34:03;P+R Mały Płaszów;153
2026-05-05 01:34:03;P+R Nowy Bieżanów;97
2026-05-05 01:34:03;P+R Kurdwanów;156
2026-05-05 02:08:29;P+R Górka Narodowa;435
2026-05-05 02:08:29;P+R Pachońskiego;88
2026-05-05 02:08:29;P+R Krowodrza Górka;101
2026-05-05 02:08:29;P+R Czerwone Maki;182
2026-05-05 02:08:29;P+R Mały Płaszów;153
2026-05-05 02:08:29;P+R Nowy Bieżanów;97
2026-05-05 02:08:29;P+R Kurdwanów;156
2026-05-05 02:33:56;P+R Górka Narodowa;435
2026-05-05 02:33:56;P+R Pachońskiego;88
2026-05-05 02:33:56;P+R Krowodrza Górka;101
2026-05-05 02:33:56;P+R Czerwone Maki;182
2026-05-05 02:33:56;P+R Mały Płaszów;153
2026-05-05 02:33:56;P+R Nowy Bieżanów;97
2026-05-05 02:33:56;P+R Kurdwanów;156
2026-05-05 03:08:31;P+R Górka Narodowa;435
2026-05-05 03:08:31;P+R Pachońskiego;88
2026-05-05 03:08:31;P+R Krowodrza Górka;101
2026-05-05 03:08:31;P+R Czerwone Maki;183
2026-05-05 03:08:31;P+R Mały Płaszów;155
2026-05-05 03:08:31;P+R Nowy Bieżanów;100
2026-05-05 03:08:31;P+R Kurdwanów;156
2026-05-05 03:34:02;P+R Górka Narodowa;435
2026-05-05 03:34:02;P+R Pachońskiego;88
2026-05-05 03:34:02;P+R Krowodrza Górka;101
2026-05-05 03:34:02;P+R Czerwone Maki;183
2026-05-05 03:34:02;P+R Mały Płaszów;155
2026-05-05 03:34:02;P+R Nowy Bieżanów;100
2026-05-05 03:34:02;P+R Kurdwanów;156
2026-05-05 04:08:35;P+R Górka Narodowa;435
2026-05-05 04:08:35;P+R Pachońskiego;88
2026-05-05 04:08:35;P+R Krowodrza Górka;101
2026-05-05 04:08:35;P+R Czerwone Maki;183
2026-05-05 04:08:35;P+R Mały Płaszów;155
2026-05-05 04:08:35;P+R Nowy Bieżanów;100
2026-05-05 04:08:35;P+R Kurdwanów;156
2026-05-05 04:34:01;P+R Górka Narodowa;433
2026-05-05 04:34:01;P+R Pachońskiego;88
2026-05-05 04:34:01;P+R Krowodrza Górka;100
2026-05-05 04:34:01;P+R Czerwone Maki;181
2026-05-05 04:34:01;P+R Mały Płaszów;155
2026-05-05 04:34:01;P+R Nowy Bieżanów;100
2026-05-05 04:34:01;P+R Kurdwanów;156
2026-05-05 05:08:31;P+R Górka Narodowa;432
2026-05-05 05:08:31;P+R Pachońskiego;86
2026-05-05 05:08:31;P+R Krowodrza Górka;97
2026-05-05 05:08:31;P+R Czerwone Maki;177
2026-05-05 05:08:31;P+R Mały Płaszów;155
2026-05-05 05:08:31;P+R Nowy Bieżanów;99
2026-05-05 05:08:31;P+R Kurdwanów;154
2026-05-05 05:34:02;P+R Górka Narodowa;428
2026-05-05 05:34:02;P+R Pachońskiego;79
2026-05-05 05:34:02;P+R Krowodrza Górka;92
2026-05-05 05:34:02;P+R Czerwone Maki;172
2026-05-05 05:34:02;P+R Mały Płaszów;155
2026-05-05 05:34:02;P+R Nowy Bieżanów;93
2026-05-05 05:34:02;P+R Kurdwanów;147
2026-05-05 06:08:32;P+R Górka Narodowa;419
2026-05-05 06:08:32;P+R Pachońskiego;63
2026-05-05 06:08:32;P+R Krowodrza Górka;88
2026-05-05 06:08:32;P+R Czerwone Maki;159
2026-05-05 06:08:32;P+R Mały Płaszów;155
2026-05-05 06:08:32;P+R Nowy Bieżanów;81
2026-05-05 06:08:32;P+R Kurdwanów;142
2026-05-05 06:34:05;P+R Górka Narodowa;398
2026-05-05 06:34:05;P+R Pachońskiego;44
2026-05-05 06:34:05;P+R Krowodrza Górka;73
2026-05-05 06:34:05;P+R Czerwone Maki;143
2026-05-05 06:34:05;P+R Mały Płaszów;155
2026-05-05 06:34:05;P+R Nowy Bieżanów;59
2026-05-05 06:34:05;P+R Kurdwanów;130
2026-05-05 07:08:24;P+R Górka Narodowa;358
2026-05-05 07:08:24;P+R Pachońskiego;11
2026-05-05 07:08:24;P+R Krowodrza Górka;41
2026-05-05 07:08:24;P+R Czerwone Maki;118
2026-05-05 07:08:24;P+R Mały Płaszów;155
2026-05-05 07:08:24;P+R Nowy Bieżanów;20
2026-05-05 07:08:24;P+R Kurdwanów;110
2026-05-05 07:34:11;P+R Górka Narodowa;311
2026-05-05 07:34:11;P+R Pachońskiego;1
2026-05-05 07:34:11;P+R Krowodrza Górka;7
2026-05-05 07:34:11;P+R Czerwone Maki;95
2026-05-05 07:34:11;P+R Mały Płaszów;155
2026-05-05 07:34:11;P+R Nowy Bieżanów;5
2026-05-05 07:34:11;P+R Kurdwanów;92
2026-05-05 08:08:41;P+R Górka Narodowa;253
2026-05-05 08:08:41;P+R Pachońskiego;0
2026-05-05 08:08:41;P+R Krowodrza Górka;0
2026-05-05 08:08:41;P+R Czerwone Maki;56
2026-05-05 08:08:41;P+R Mały Płaszów;155
2026-05-05 08:08:41;P+R Nowy Bieżanów;0
2026-05-05 08:08:41;P+R Kurdwanów;86
2026-05-05 08:33:59;P+R Górka Narodowa;230
2026-05-05 08:33:59;P+R Pachońskiego;0
2026-05-05 08:33:59;P+R Krowodrza Górka;0
2026-05-05 08:33:59;P+R Czerwone Maki;46
2026-05-05 08:33:59;P+R Mały Płaszów;155
2026-05-05 08:33:59;P+R Nowy Bieżanów;0
2026-05-05 08:33:59;P+R Kurdwanów;70
2026-05-05 09:08:28;P+R Górka Narodowa;201
2026-05-05 09:08:28;P+R Pachońskiego;0
2026-05-05 09:08:28;P+R Krowodrza Górka;0
2026-05-05 09:08:28;P+R Czerwone Maki;20
2026-05-05 09:08:28;P+R Mały Płaszów;155
2026-05-05 09:08:28;P+R Nowy Bieżanów;0
2026-05-05 09:08:28;P+R Kurdwanów;56
2026-05-05 09:34:00;P+R Górka Narodowa;189
2026-05-05 09:34:00;P+R Pachońskiego;0
2026-05-05 09:34:00;P+R Krowodrza Górka;0
2026-05-05 09:34:00;P+R Czerwone Maki;9
2026-05-05 09:34:00;P+R Mały Płaszów;153
2026-05-05 09:34:00;P+R Nowy Bieżanów;0
2026-05-05 09:34:00;P+R Kurdwanów;54
2026-05-05 10:09:40;P+R Górka Narodowa;178
2026-05-05 10:09:40;P+R Pachońskiego;0
2026-05-05 10:09:40;P+R Krowodrza Górka;1
2026-05-05 10:09:40;P+R Czerwone Maki;3
2026-05-05 10:09:40;P+R Mały Płaszów;151
2026-05-05 10:09:40;P+R Nowy Bieżanów;0
2026-05-05 10:09:40;P+R Kurdwanów;50
2026-05-05 11:08:26;P+R Górka Narodowa;159
2026-05-05 11:08:26;P+R Pachońskiego;1
2026-05-05 11:08:26;P+R Krowodrza Górka;2
2026-05-05 11:08:26;P+R Czerwone Maki;0
2026-05-05 11:08:26;P+R Mały Płaszów;147
2026-05-05 11:08:26;P+R Nowy Bieżanów;0
2026-05-05 11:08:26;P+R Kurdwanów;46
2026-05-05 11:34:17;P+R Górka Narodowa;158
2026-05-05 11:34:17;P+R Pachońskiego;0
2026-05-05 11:34:17;P+R Krowodrza Górka;0
2026-05-05 11:34:17;P+R Czerwone Maki;0
2026-05-05 11:34:17;P+R Mały Płaszów;145
2026-05-05 11:34:17;P+R Nowy Bieżanów;0
2026-05-05 11:34:17;P+R Kurdwanów;43
2026-05-05 12:11:31;P+R Górka Narodowa;156
2026-05-05 12:11:31;P+R Pachońskiego;0
2026-05-05 12:11:31;P+R Krowodrza Górka;1
2026-05-05 12:11:31;P+R Czerwone Maki;3
2026-05-05 12:11:31;P+R Mały Płaszów;142
2026-05-05 12:11:31;P+R Nowy Bieżanów;1
2026-05-05 12:11:31;P+R Kurdwanów;45
2026-05-05 12:34:08;P+R Górka Narodowa;157
2026-05-05 12:34:08;P+R Pachońskiego;0
2026-05-05 12:34:08;P+R Krowodrza Górka;0
2026-05-05 12:34:08;P+R Czerwone Maki;4
2026-05-05 12:34:08;P+R Mały Płaszów;141
2026-05-05 12:34:08;P+R Nowy Bieżanów;1
2026-05-05 12:34:08;P+R Kurdwanów;38
2026-05-05 13:08:36;P+R Górka Narodowa;165
2026-05-05 13:08:36;P+R Pachońskiego;0
2026-05-05 13:08:36;P+R Krowodrza Górka;6
2026-05-05 13:08:36;P+R Czerwone Maki;7
2026-05-05 13:08:36;P+R Mały Płaszów;140
2026-05-05 13:08:36;P+R Nowy Bieżanów;5
2026-05-05 13:08:36;P+R Kurdwanów;41
2026-05-05 13:34:12;P+R Górka Narodowa;172
2026-05-05 13:34:12;P+R Pachońskiego;1
2026-05-05 13:34:12;P+R Krowodrza Górka;7
2026-05-05 13:34:12;P+R Czerwone Maki;9
2026-05-05 13:34:12;P+R Mały Płaszów;139
2026-05-05 13:34:12;P+R Nowy Bieżanów;7
2026-05-05 13:34:12;P+R Kurdwanów;43
2026-05-05 14:08:28;P+R Górka Narodowa;187
2026-05-05 14:08:28;P+R Pachońskiego;0
2026-05-05 14:08:28;P+R Krowodrza Górka;8
2026-05-05 14:08:28;P+R Czerwone Maki;12
2026-05-05 14:08:28;P+R Mały Płaszów;135
2026-05-05 14:08:28;P+R Nowy Bieżanów;6
2026-05-05 14:08:28;P+R Kurdwanów;48
2026-05-05 14:34:02;P+R Górka Narodowa;196
2026-05-05 14:34:02;P+R Pachońskiego;7
2026-05-05 14:34:02;P+R Krowodrza Górka;4
2026-05-05 14:34:02;P+R Czerwone Maki;20
2026-05-05 14:34:02;P+R Mały Płaszów;134
2026-05-05 14:34:02;P+R Nowy Bieżanów;7
2026-05-05 14:34:02;P+R Kurdwanów;49
2026-05-05 15:11:19;P+R Górka Narodowa;208
2026-05-05 15:11:19;P+R Pachońskiego;11
2026-05-05 15:11:19;P+R Krowodrza Górka;15
2026-05-05 15:11:19;P+R Czerwone Maki;34
2026-05-05 15:11:19;P+R Mały Płaszów;135
2026-05-05 15:11:19;P+R Nowy Bieżanów;8
2026-05-05 15:11:19;P+R Kurdwanów;57
2026-05-05 15:34:08;P+R Górka Narodowa;214
2026-05-05 15:34:08;P+R Pachońskiego;27
2026-05-05 15:34:08;P+R Krowodrza Górka;21
2026-05-05 15:34:08;P+R Czerwone Maki;48
2026-05-05 15:34:08;P+R Mały Płaszów;135
2026-05-05 15:34:08;P+R Nowy Bieżanów;19
2026-05-05 15:34:08;P+R Kurdwanów;65
2026-05-05 16:08:55;P+R Górka Narodowa;249
2026-05-05 16:08:55;P+R Pachońskiego;51
2026-05-05 16:08:55;P+R Krowodrza Górka;39
2026-05-05 16:08:55;P+R Czerwone Maki;69
2026-05-05 16:08:55;P+R Mały Płaszów;135
2026-05-05 16:08:55;P+R Nowy Bieżanów;48
2026-05-05 16:08:55;P+R Kurdwanów;82
2026-05-05 16:34:22;P+R Górka Narodowa;267
2026-05-05 16:34:22;P+R Pachońskiego;59
2026-05-05 16:34:22;P+R Krowodrza Górka;46
2026-05-05 16:34:22;P+R Czerwone Maki;81
2026-05-05 16:34:22;P+R Mały Płaszów;133
2026-05-05 16:34:22;P+R Nowy Bieżanów;65
2026-05-05 16:34:22;P+R Kurdwanów;92
2026-05-05 17:08:41;P+R Górka Narodowa;301
2026-05-05 17:08:41;P+R Pachońskiego;64
2026-05-05 17:08:41;P+R Krowodrza Górka;58
2026-05-05 17:08:41;P+R Czerwone Maki;111
2026-05-05 17:08:41;P+R Mały Płaszów;132
2026-05-05 17:08:41;P+R Nowy Bieżanów;73
2026-05-05 17:08:41;P+R Kurdwanów;94
2026-05-05 17:34:22;P+R Górka Narodowa;316
2026-05-05 17:34:22;P+R Pachońskiego;67
2026-05-05 17:34:22;P+R Krowodrza Górka;63
2026-05-05 17:34:22;P+R Czerwone Maki;124
2026-05-05 17:34:22;P+R Mały Płaszów;132
2026-05-05 17:34:22;P+R Nowy Bieżanów;74
2026-05-05 17:34:22;P+R Kurdwanów;104
2026-05-05 18:11:40;P+R Górka Narodowa;343
2026-05-05 18:11:40;P+R Pachońskiego;71
2026-05-05 18:11:40;P+R Krowodrza Górka;67
2026-05-05 18:11:40;P+R Czerwone Maki;125
2026-05-05 18:11:40;P+R Mały Płaszów;130
2026-05-05 18:11:40;P+R Nowy Bieżanów;78
2026-05-05 18:11:40;P+R Kurdwanów;109
2026-05-05 18:35:07;P+R Górka Narodowa;359
2026-05-05 18:35:07;P+R Pachońskiego;72
2026-05-05 18:35:07;P+R Krowodrza Górka;70
2026-05-05 18:35:07;P+R Czerwone Maki;134
2026-05-05 18:35:07;P+R Mały Płaszów;131
2026-05-05 18:35:07;P+R Nowy Bieżanów;79
2026-05-05 18:35:07;P+R Kurdwanów;117
2026-05-05 19:09:35;P+R Górka Narodowa;372
2026-05-05 19:09:35;P+R Pachońskiego;75
2026-05-05 19:09:35;P+R Krowodrza Górka;70
2026-05-05 19:09:35;P+R Czerwone Maki;139
2026-05-05 19:09:35;P+R Mały Płaszów;135
2026-05-05 19:09:35;P+R Nowy Bieżanów;83
2026-05-05 19:09:35;P+R Kurdwanów;120
2026-05-05 19:34:40;P+R Górka Narodowa;383
2026-05-05 19:34:40;P+R Pachońskiego;77
2026-05-05 19:34:40;P+R Krowodrza Górka;69
2026-05-05 19:34:40;P+R Czerwone Maki;143
2026-05-05 19:34:40;P+R Mały Płaszów;137
2026-05-05 19:34:40;P+R Nowy Bieżanów;83
2026-05-05 19:34:40;P+R Kurdwanów;125
2026-05-05 20:11:46;P+R Górka Narodowa;397
2026-05-05 20:11:46;P+R Pachońskiego;81
2026-05-05 20:11:46;P+R Krowodrza Górka;73
2026-05-05 20:11:46;P+R Czerwone Maki;153
2026-05-05 20:11:46;P+R Mały Płaszów;139
2026-05-05 20:11:46;P+R Nowy Bieżanów;85
2026-05-05 20:11:46;P+R Kurdwanów;127
2026-05-05 20:34:22;P+R Górka Narodowa;406
2026-05-05 20:34:22;P+R Pachońskiego;82
2026-05-05 20:34:22;P+R Krowodrza Górka;74
2026-05-05 20:34:22;P+R Czerwone Maki;157
2026-05-05 20:34:22;P+R Mały Płaszów;139
2026-05-05 20:34:22;P+R Nowy Bieżanów;87
2026-05-05 20:34:22;P+R Kurdwanów;131
2026-05-05 21:08:46;P+R Górka Narodowa;417
2026-05-05 21:08:46;P+R Pachońskiego;82
2026-05-05 21:08:46;P+R Krowodrza Górka;78
2026-05-05 21:08:46;P+R Czerwone Maki;164
2026-05-05 21:08:46;P+R Mały Płaszów;141
2026-05-05 21:08:46;P+R Nowy Bieżanów;92
2026-05-05 21:08:46;P+R Kurdwanów;135
2026-05-05 21:34:04;P+R Górka Narodowa;423
2026-05-05 21:34:04;P+R Pachońskiego;84
2026-05-05 21:34:04;P+R Krowodrza Górka;82
2026-05-05 21:34:04;P+R Czerwone Maki;166
2026-05-05 21:34:04;P+R Mały Płaszów;144
2026-05-05 21:34:04;P+R Nowy Bieżanów;95
2026-05-05 21:34:04;P+R Kurdwanów;139
2026-05-05 22:08:33;P+R Górka Narodowa;431
2026-05-05 22:08:33;P+R Pachońskiego;85
2026-05-05 22:08:33;P+R Krowodrza Górka;83
2026-05-05 22:08:33;P+R Czerwone Maki;169
2026-05-05 22:08:33;P+R Mały Płaszów;145
2026-05-05 22:08:33;P+R Nowy Bieżanów;95
2026-05-05 22:08:33;P+R Kurdwanów;145
2026-05-05 22:38:53;P+R Górka Narodowa;432
2026-05-05 22:38:53;P+R Pachońskiego;87
2026-05-05 22:38:53;P+R Krowodrza Górka;89
2026-05-05 22:38:53;P+R Czerwone Maki;171
2026-05-05 22:38:53;P+R Mały Płaszów;151
2026-05-05 22:38:53;P+R Nowy Bieżanów;97
2026-05-05 22:38:53;P+R Kurdwanów;146
2026-05-05 23:08:23;P+R Górka Narodowa;435
2026-05-05 23:08:23;P+R Pachońskiego;88
2026-05-05 23:08:23;P+R Krowodrza Górka;96
2026-05-05 23:08:23;P+R Czerwone Maki;176
2026-05-05 23:08:23;P+R Mały Płaszów;151
2026-05-05 23:08:23;P+R Nowy Bieżanów;98
2026-05-05 23:08:23;P+R Kurdwanów;149
2026-05-05 23:34:17;P+R Górka Narodowa;435
2026-05-05 23:34:17;P+R Pachońskiego;88
2026-05-05 23:34:17;P+R Krowodrza Górka;97
2026-05-05 23:34:17;P+R Czerwone Maki;176
2026-05-05 23:34:17;P+R Mały Płaszów;152
2026-05-05 23:34:17;P+R Nowy Bieżanów;98
2026-05-05 23:34:17;P+R Kurdwanów;152
2026-05-06 00:08:36;P+R Górka Narodowa;435
2026-05-06 00:08:36;P+R Pachońskiego;88
2026-05-06 00:08:36;P+R Krowodrza Górka;98
2026-05-06 00:08:36;P+R Czerwone Maki;179
2026-05-06 00:08:36;P+R Mały Płaszów;152
2026-05-06 00:08:36;P+R Nowy Bieżanów;98
2026-05-06 00:08:36;P+R Kurdwanów;152
2026-05-06 00:34:25;P+R Górka Narodowa;435
2026-05-06 00:34:25;P+R Pachońskiego;88
2026-05-06 00:34:25;P+R Krowodrza Górka;99
2026-05-06 00:34:25;P+R Czerwone Maki;181
2026-05-06 00:34:25;P+R Mały Płaszów;152
2026-05-06 00:34:25;P+R Nowy Bieżanów;98
2026-05-06 00:34:25;P+R Kurdwanów;153
2026-05-06 01:08:31;P+R Górka Narodowa;435
2026-05-06 01:08:31;P+R Pachońskiego;88
2026-05-06 01:08:31;P+R Krowodrza Górka;99
2026-05-06 01:08:31;P+R Czerwone Maki;181
2026-05-06 01:08:31;P+R Mały Płaszów;152
2026-05-06 01:08:31;P+R Nowy Bieżanów;98
2026-05-06 01:08:31;P+R Kurdwanów;153
2026-05-06 01:34:15;P+R Górka Narodowa;435
2026-05-06 01:34:15;P+R Pachońskiego;88
2026-05-06 01:34:15;P+R Krowodrza Górka;99
2026-05-06 01:34:15;P+R Czerwone Maki;181
2026-05-06 01:34:15;P+R Mały Płaszów;153
2026-05-06 01:34:15;P+R Nowy Bieżanów;98
2026-05-06 01:34:15;P+R Kurdwanów;153
2026-05-06 02:08:33;P+R Górka Narodowa;435
2026-05-06 02:08:33;P+R Pachońskiego;88
2026-05-06 02:08:33;P+R Krowodrza Górka;99
2026-05-06 02:08:33;P+R Czerwone Maki;181
2026-05-06 02:08:33;P+R Mały Płaszów;153
2026-05-06 02:08:33;P+R Nowy Bieżanów;98
2026-05-06 02:08:33;P+R Kurdwanów;153
2026-05-06 02:33:55;P+R Górka Narodowa;435
2026-05-06 02:33:55;P+R Pachońskiego;88
2026-05-06 02:33:55;P+R Krowodrza Górka;99
2026-05-06 02:33:55;P+R Czerwone Maki;181
2026-05-06 02:33:55;P+R Mały Płaszów;153
2026-05-06 02:33:55;P+R Nowy Bieżanów;98
2026-05-06 02:33:55;P+R Kurdwanów;153
2026-05-06 03:08:50;P+R Górka Narodowa;435
2026-05-06 03:08:50;P+R Pachońskiego;88
2026-05-06 03:08:50;P+R Krowodrza Górka;99
2026-05-06 03:08:50;P+R Czerwone Maki;181
2026-05-06 03:08:50;P+R Mały Płaszów;153
2026-05-06 03:08:50;P+R Nowy Bieżanów;98
2026-05-06 03:08:50;P+R Kurdwanów;153
2026-05-06 03:34:05;P+R Górka Narodowa;435
2026-05-06 03:34:05;P+R Pachońskiego;88
2026-05-06 03:34:05;P+R Krowodrza Górka;99
2026-05-06 03:34:05;P+R Czerwone Maki;181
2026-05-06 03:34:05;P+R Mały Płaszów;153
2026-05-06 03:34:05;P+R Nowy Bieżanów;98
2026-05-06 03:34:05;P+R Kurdwanów;153
2026-05-06 04:34:02;P+R Górka Narodowa;434
2026-05-06 04:34:02;P+R Pachońskiego;88
2026-05-06 04:34:02;P+R Krowodrza Górka;101
2026-05-06 04:34:02;P+R Czerwone Maki;182
2026-05-06 04:34:02;P+R Mały Płaszów;155
2026-05-06 04:34:02;P+R Nowy Bieżanów;100
2026-05-06 04:34:02;P+R Kurdwanów;156
2026-05-06 05:08:39;P+R Górka Narodowa;434
2026-05-06 05:08:39;P+R Pachońskiego;84
2026-05-06 05:08:39;P+R Krowodrza Górka;99
2026-05-06 05:08:39;P+R Czerwone Maki;179
2026-05-06 05:08:39;P+R Mały Płaszów;153
2026-05-06 05:08:39;P+R Nowy Bieżanów;99
2026-05-06 05:08:39;P+R Kurdwanów;152
2026-05-06 05:34:16;P+R Górka Narodowa;430
2026-05-06 05:34:16;P+R Pachońskiego;77
2026-05-06 05:34:16;P+R Krowodrza Górka;95
2026-05-06 05:34:16;P+R Czerwone Maki;175
2026-05-06 05:34:16;P+R Mały Płaszów;153
2026-05-06 05:34:16;P+R Nowy Bieżanów;92
2026-05-06 05:34:16;P+R Kurdwanów;145
2026-05-06 06:08:43;P+R Górka Narodowa;420
2026-05-06 06:08:43;P+R Pachońskiego;67
2026-05-06 06:08:43;P+R Krowodrza Górka;87
2026-05-06 06:08:43;P+R Czerwone Maki;161
2026-05-06 06:08:43;P+R Mały Płaszów;151
2026-05-06 06:08:43;P+R Nowy Bieżanów;78
2026-05-06 06:08:43;P+R Kurdwanów;138
2026-05-06 06:37:49;P+R Górka Narodowa;399
2026-05-06 06:37:49;P+R Pachońskiego;43
2026-05-06 06:37:49;P+R Krowodrza Górka;75
2026-05-06 06:37:49;P+R Czerwone Maki;146
2026-05-06 06:37:49;P+R Mały Płaszów;142
2026-05-06 06:37:49;P+R Nowy Bieżanów;56
2026-05-06 06:37:49;P+R Kurdwanów;125
2026-05-06 07:08:32;P+R Górka Narodowa;355
2026-05-06 07:08:32;P+R Pachońskiego;15
2026-05-06 07:08:32;P+R Krowodrza Górka;41
2026-05-06 07:08:32;P+R Czerwone Maki;126
2026-05-06 07:08:32;P+R Mały Płaszów;128
2026-05-06 07:08:32;P+R Nowy Bieżanów;22
2026-05-06 07:08:32;P+R Kurdwanów;106
2026-05-06 07:33:56;P+R Górka Narodowa;308
2026-05-06 07:33:56;P+R Pachońskiego;0
2026-05-06 07:33:56;P+R Krowodrza Górka;7
2026-05-06 07:33:56;P+R Czerwone Maki;100
2026-05-06 07:33:56;P+R Mały Płaszów;115
2026-05-06 07:33:56;P+R Nowy Bieżanów;4
2026-05-06 07:33:56;P+R Kurdwanów;86
2026-05-06 08:08:33;P+R Górka Narodowa;245
2026-05-06 08:08:33;P+R Pachońskiego;0
2026-05-06 08:08:33;P+R Krowodrza Górka;1
2026-05-06 08:08:33;P+R Czerwone Maki;70
2026-05-06 08:08:33;P+R Mały Płaszów;99
2026-05-06 08:08:33;P+R Nowy Bieżanów;0
2026-05-06 08:08:33;P+R Kurdwanów;68
2026-05-06 08:34:14;P+R Górka Narodowa;220
2026-05-06 08:34:14;P+R Pachońskiego;0
2026-05-06 08:34:14;P+R Krowodrza Górka;0
2026-05-06 08:34:14;P+R Czerwone Maki;45
2026-05-06 08:34:14;P+R Mały Płaszów;95
2026-05-06 08:34:14;P+R Nowy Bieżanów;0
2026-05-06 08:34:14;P+R Kurdwanów;55
2026-05-06 09:08:44;P+R Górka Narodowa;189
2026-05-06 09:08:44;P+R Pachońskiego;0
2026-05-06 09:08:44;P+R Krowodrza Górka;0
2026-05-06 09:08:44;P+R Czerwone Maki;34
2026-05-06 09:08:44;P+R Mały Płaszów;92
2026-05-06 09:08:44;P+R Nowy Bieżanów;0
2026-05-06 09:08:44;P+R Kurdwanów;47
2026-05-06 09:34:07;P+R Górka Narodowa;175
2026-05-06 09:34:07;P+R Pachońskiego;0
2026-05-06 09:34:07;P+R Krowodrza Górka;3
2026-05-06 09:34:07;P+R Czerwone Maki;25
2026-05-06 09:34:07;P+R Mały Płaszów;91
2026-05-06 09:34:07;P+R Nowy Bieżanów;2
2026-05-06 09:34:07;P+R Kurdwanów;42
2026-05-06 10:08:24;P+R Górka Narodowa;163
2026-05-06 10:08:24;P+R Pachońskiego;1
2026-05-06 10:08:24;P+R Krowodrza Górka;1
2026-05-06 10:08:24;P+R Czerwone Maki;25
2026-05-06 10:08:24;P+R Mały Płaszów;89
2026-05-06 10:08:24;P+R Nowy Bieżanów;0
2026-05-06 10:08:24;P+R Kurdwanów;41
2026-05-06 10:34:06;P+R Górka Narodowa;151
2026-05-06 10:34:06;P+R Pachońskiego;0
2026-05-06 10:34:06;P+R Krowodrza Górka;1
2026-05-06 10:34:06;P+R Czerwone Maki;20
2026-05-06 10:34:06;P+R Mały Płaszów;87
2026-05-06 10:34:06;P+R Nowy Bieżanów;2
2026-05-06 10:34:06;P+R Kurdwanów;38
2026-05-06 11:08:25;P+R Górka Narodowa;146
2026-05-06 11:08:25;P+R Pachońskiego;0
2026-05-06 11:08:25;P+R Krowodrza Górka;1
2026-05-06 11:08:25;P+R Czerwone Maki;17
2026-05-06 11:08:25;P+R Mały Płaszów;83
2026-05-06 11:08:25;P+R Nowy Bieżanów;1
2026-05-06 11:08:25;P+R Kurdwanów;33
2026-05-06 11:34:06;P+R Górka Narodowa;151
2026-05-06 11:34:06;P+R Pachońskiego;0
2026-05-06 11:34:06;P+R Krowodrza Górka;3
2026-05-06 11:34:06;P+R Czerwone Maki;17
2026-05-06 11:34:06;P+R Mały Płaszów;84
2026-05-06 11:34:06;P+R Nowy Bieżanów;3
2026-05-06 11:34:06;P+R Kurdwanów;34
2026-05-06 12:08:32;P+R Górka Narodowa;164
2026-05-06 12:08:32;P+R Pachońskiego;0
2026-05-06 12:08:32;P+R Krowodrza Górka;4
2026-05-06 12:08:32;P+R Czerwone Maki;18
2026-05-06 12:08:32;P+R Mały Płaszów;86
2026-05-06 12:08:32;P+R Nowy Bieżanów;4
2026-05-06 12:08:32;P+R Kurdwanów;37
2026-05-06 12:34:19;P+R Górka Narodowa;170
2026-05-06 12:34:19;P+R Pachońskiego;1
2026-05-06 12:34:19;P+R Krowodrza Górka;1
2026-05-06 12:34:19;P+R Czerwone Maki;15
2026-05-06 12:34:19;P+R Mały Płaszów;87
2026-05-06 12:34:19;P+R Nowy Bieżanów;5
2026-05-06 12:34:19;P+R Kurdwanów;38
2026-05-06 13:08:26;P+R Górka Narodowa;182
2026-05-06 13:08:26;P+R Pachońskiego;0
2026-05-06 13:08:26;P+R Krowodrza Górka;1
2026-05-06 13:08:26;P+R Czerwone Maki;19
2026-05-06 13:08:26;P+R Mały Płaszów;84
2026-05-06 13:08:26;P+R Nowy Bieżanów;4
2026-05-06 13:08:26;P+R Kurdwanów;40
2026-05-06 13:34:26;P+R Górka Narodowa;186
2026-05-06 13:34:26;P+R Pachońskiego;1
2026-05-06 13:34:26;P+R Krowodrza Górka;0
2026-05-06 13:34:26;P+R Czerwone Maki;23
2026-05-06 13:34:26;P+R Mały Płaszów;84
2026-05-06 13:34:26;P+R Nowy Bieżanów;7
2026-05-06 13:34:26;P+R Kurdwanów;41
2026-05-06 14:08:28;P+R Górka Narodowa;194
2026-05-06 14:08:28;P+R Pachońskiego;2
2026-05-06 14:08:28;P+R Krowodrza Górka;2
2026-05-06 14:08:28;P+R Czerwone Maki;25
2026-05-06 14:08:28;P+R Mały Płaszów;85
2026-05-06 14:08:28;P+R Nowy Bieżanów;7
2026-05-06 14:08:28;P+R Kurdwanów;45
2026-05-06 14:33:59;P+R Górka Narodowa;196
2026-05-06 14:33:59;P+R Pachońskiego;6
2026-05-06 14:33:59;P+R Krowodrza Górka;9
2026-05-06 14:33:59;P+R Czerwone Maki;30
2026-05-06 14:33:59;P+R Mały Płaszów;88
2026-05-06 14:33:59;P+R Nowy Bieżanów;8
2026-05-06 14:33:59;P+R Kurdwanów;47
2026-05-06 15:08:39;P+R Górka Narodowa;215
2026-05-06 15:08:39;P+R Pachońskiego;19
2026-05-06 15:08:39;P+R Krowodrza Górka;17
2026-05-06 15:08:39;P+R Czerwone Maki;38
2026-05-06 15:08:39;P+R Mały Płaszów;90
2026-05-06 15:08:39;P+R Nowy Bieżanów;17
2026-05-06 15:08:39;P+R Kurdwanów;57
2026-05-06 15:34:09;P+R Górka Narodowa;224
2026-05-06 15:34:09;P+R Pachońskiego;34
2026-05-06 15:34:09;P+R Krowodrza Górka;22
2026-05-06 15:34:09;P+R Czerwone Maki;44
2026-05-06 15:34:09;P+R Mały Płaszów;90
2026-05-06 15:34:09;P+R Nowy Bieżanów;26
2026-05-06 15:34:09;P+R Kurdwanów;62
2026-05-06 16:08:39;P+R Górka Narodowa;250
2026-05-06 16:08:39;P+R Pachońskiego;61
2026-05-06 16:08:39;P+R Krowodrza Górka;45
2026-05-06 16:08:39;P+R Czerwone Maki;67
2026-05-06 16:08:39;P+R Mały Płaszów;103
2026-05-06 16:08:39;P+R Nowy Bieżanów;36
2026-05-06 16:08:39;P+R Kurdwanów;69
2026-05-06 16:34:18;P+R Górka Narodowa;285
2026-05-06 16:34:18;P+R Pachońskiego;63
2026-05-06 16:34:18;P+R Krowodrza Górka;52
2026-05-06 16:34:18;P+R Czerwone Maki;83
2026-05-06 16:34:18;P+R Mały Płaszów;111
2026-05-06 16:34:18;P+R Nowy Bieżanów;60
2026-05-06 16:34:18;P+R Kurdwanów;83
2026-05-06 17:08:34;P+R Górka Narodowa;307
2026-05-06 17:08:34;P+R Pachońskiego;67
2026-05-06 17:08:34;P+R Krowodrza Górka;51
2026-05-06 17:08:34;P+R Czerwone Maki;99
2026-05-06 17:08:34;P+R Mały Płaszów;122
2026-05-06 17:08:34;P+R Nowy Bieżanów;70
2026-05-06 17:08:34;P+R Kurdwanów;89
2026-05-06 17:34:15;P+R Górka Narodowa;327
2026-05-06 17:34:15;P+R Pachońskiego;70
2026-05-06 17:34:15;P+R Krowodrza Górka;56
2026-05-06 17:34:15;P+R Czerwone Maki;108
2026-05-06 17:34:15;P+R Mały Płaszów;127
2026-05-06 17:34:15;P+R Nowy Bieżanów;76
2026-05-06 17:34:15;P+R Kurdwanów;104
2026-05-06 18:08:31;P+R Górka Narodowa;339
2026-05-06 18:08:31;P+R Pachońskiego;72
2026-05-06 18:08:31;P+R Krowodrza Górka;63
2026-05-06 18:08:31;P+R Czerwone Maki;123
2026-05-06 18:08:31;P+R Mały Płaszów;130
2026-05-06 18:08:31;P+R Nowy Bieżanów;82
2026-05-06 18:08:31;P+R Kurdwanów;113
2026-05-06 18:34:25;P+R Górka Narodowa;354
2026-05-06 18:34:25;P+R Pachońskiego;74
2026-05-06 18:34:25;P+R Krowodrza Górka;61
2026-05-06 18:34:25;P+R Czerwone Maki;127
2026-05-06 18:34:25;P+R Mały Płaszów;132
2026-05-06 18:34:25;P+R Nowy Bieżanów;87
2026-05-06 18:34:25;P+R Kurdwanów;116
2026-05-06 19:08:39;P+R Górka Narodowa;361
2026-05-06 19:08:39;P+R Pachońskiego;78
2026-05-06 19:08:39;P+R Krowodrza Górka;67
2026-05-06 19:08:39;P+R Czerwone Maki;130
2026-05-06 19:08:39;P+R Mały Płaszów;135
2026-05-06 19:08:39;P+R Nowy Bieżanów;89
2026-05-06 19:08:39;P+R Kurdwanów;124
2026-05-06 19:38:59;P+R Górka Narodowa;379
2026-05-06 19:38:59;P+R Pachońskiego;79
2026-05-06 19:38:59;P+R Krowodrza Górka;74
2026-05-06 19:38:59;P+R Czerwone Maki;138
2026-05-06 19:38:59;P+R Mały Płaszów;137
2026-05-06 19:38:59;P+R Nowy Bieżanów;89
2026-05-06 19:38:59;P+R Kurdwanów;129
2026-05-06 20:09:01;P+R Górka Narodowa;390
2026-05-06 20:09:01;P+R Pachońskiego;80
2026-05-06 20:09:01;P+R Krowodrza Górka;77
2026-05-06 20:09:01;P+R Czerwone Maki;140
2026-05-06 20:09:01;P+R Mały Płaszów;141
2026-05-06 20:09:01;P+R Nowy Bieżanów;92
2026-05-06 20:09:01;P+R Kurdwanów;132
2026-05-06 20:34:10;P+R Górka Narodowa;398
2026-05-06 20:34:10;P+R Pachońskiego;83
2026-05-06 20:34:10;P+R Krowodrza Górka;80
2026-05-06 20:34:10;P+R Czerwone Maki;150
2026-05-06 20:34:10;P+R Mały Płaszów;144
2026-05-06 20:34:10;P+R Nowy Bieżanów;93
2026-05-06 20:34:10;P+R Kurdwanów;137
2026-05-06 21:08:38;P+R Górka Narodowa;408
2026-05-06 21:08:38;P+R Pachońskiego;86
2026-05-06 21:08:38;P+R Krowodrza Górka;84
2026-05-06 21:08:38;P+R Czerwone Maki;156
2026-05-06 21:08:38;P+R Mały Płaszów;149
2026-05-06 21:08:38;P+R Nowy Bieżanów;96
2026-05-06 21:08:38;P+R Kurdwanów;145
2026-05-06 21:34:07;P+R Górka Narodowa;417
2026-05-06 21:34:07;P+R Pachońskiego;87
2026-05-06 21:34:07;P+R Krowodrza Górka;88
2026-05-06 21:34:07;P+R Czerwone Maki;159
2026-05-06 21:34:07;P+R Mały Płaszów;151
2026-05-06 21:34:07;P+R Nowy Bieżanów;97
2026-05-06 21:34:07;P+R Kurdwanów;146
2026-05-06 22:08:28;P+R Górka Narodowa;423
2026-05-06 22:08:28;P+R Pachońskiego;88
2026-05-06 22:08:28;P+R Krowodrza Górka;89
2026-05-06 22:08:28;P+R Czerwone Maki;163
2026-05-06 22:08:28;P+R Mały Płaszów;153
2026-05-06 22:08:28;P+R Nowy Bieżanów;98
2026-05-06 22:08:28;P+R Kurdwanów;148
2026-05-06 22:34:19;P+R Górka Narodowa;423
2026-05-06 22:34:19;P+R Pachońskiego;88
2026-05-06 22:34:19;P+R Krowodrza Górka;91
2026-05-06 22:34:19;P+R Czerwone Maki;167
2026-05-06 22:34:19;P+R Mały Płaszów;154
2026-05-06 22:34:19;P+R Nowy Bieżanów;98
2026-05-06 22:34:19;P+R Kurdwanów;147
2026-05-06 23:08:30;P+R Górka Narodowa;429
2026-05-06 23:08:30;P+R Pachońskiego;88
2026-05-06 23:08:30;P+R Krowodrza Górka;97
2026-05-06 23:08:30;P+R Czerwone Maki;172
2026-05-06 23:08:30;P+R Mały Płaszów;154
2026-05-06 23:08:30;P+R Nowy Bieżanów;98
2026-05-06 23:08:30;P+R Kurdwanów;147
2026-05-06 23:34:18;P+R Górka Narodowa;431
2026-05-06 23:34:18;P+R Pachońskiego;88
2026-05-06 23:34:18;P+R Krowodrza Górka;100
2026-05-06 23:34:18;P+R Czerwone Maki;174
2026-05-06 23:34:18;P+R Mały Płaszów;154
2026-05-06 23:34:18;P+R Nowy Bieżanów;98
2026-05-06 23:34:18;P+R Kurdwanów;147
2026-05-07 00:08:44;P+R Górka Narodowa;432
2026-05-07 00:08:44;P+R Pachońskiego;88
2026-05-07 00:08:44;P+R Krowodrza Górka;101
2026-05-07 00:08:44;P+R Czerwone Maki;175
2026-05-07 00:08:44;P+R Mały Płaszów;154
2026-05-07 00:08:44;P+R Nowy Bieżanów;99
2026-05-07 00:08:44;P+R Kurdwanów;147
2026-05-07 00:33:57;P+R Górka Narodowa;432
2026-05-07 00:33:57;P+R Pachońskiego;88
2026-05-07 00:33:57;P+R Krowodrza Górka;102
2026-05-07 00:33:57;P+R Czerwone Maki;176
2026-05-07 00:33:57;P+R Mały Płaszów;154
2026-05-07 00:33:57;P+R Nowy Bieżanów;99
2026-05-07 00:33:57;P+R Kurdwanów;147
2026-05-07 01:08:41;P+R Górka Narodowa;433
2026-05-07 01:08:41;P+R Pachońskiego;88
2026-05-07 01:08:41;P+R Krowodrza Górka;101
2026-05-07 01:08:41;P+R Czerwone Maki;176
2026-05-07 01:08:41;P+R Mały Płaszów;154
2026-05-07 01:08:41;P+R Nowy Bieżanów;100
2026-05-07 01:08:41;P+R Kurdwanów;155
2026-05-07 01:34:14;P+R Górka Narodowa;433
2026-05-07 01:34:14;P+R Pachońskiego;88
2026-05-07 01:34:14;P+R Krowodrza Górka;102
2026-05-07 01:34:14;P+R Czerwone Maki;176
2026-05-07 01:34:14;P+R Mały Płaszów;155
2026-05-07 01:34:14;P+R Nowy Bieżanów;100
2026-05-07 01:34:14;P+R Kurdwanów;156
2026-05-07 02:08:36;P+R Górka Narodowa;433
2026-05-07 02:08:36;P+R Pachońskiego;88
2026-05-07 02:08:36;P+R Krowodrza Górka;102
2026-05-07 02:08:36;P+R Czerwone Maki;177
2026-05-07 02:08:36;P+R Mały Płaszów;155
2026-05-07 02:08:36;P+R Nowy Bieżanów;100
2026-05-07 02:08:36;P+R Kurdwanów;156
2026-05-07 02:34:05;P+R Górka Narodowa;433
2026-05-07 02:34:05;P+R Pachońskiego;88
2026-05-07 02:34:05;P+R Krowodrza Górka;101
2026-05-07 02:34:05;P+R Czerwone Maki;183
2026-05-07 02:34:05;P+R Mały Płaszów;155
2026-05-07 02:34:05;P+R Nowy Bieżanów;100
2026-05-07 02:34:05;P+R Kurdwanów;156
2026-05-07 03:08:36;P+R Górka Narodowa;433
2026-05-07 03:08:36;P+R Pachońskiego;88
2026-05-07 03:08:36;P+R Krowodrza Górka;101
2026-05-07 03:08:36;P+R Czerwone Maki;183
2026-05-07 03:08:36;P+R Mały Płaszów;155
2026-05-07 03:08:36;P+R Nowy Bieżanów;100
2026-05-07 03:08:36;P+R Kurdwanów;156
2026-05-07 03:34:06;P+R Górka Narodowa;433
2026-05-07 03:34:06;P+R Pachońskiego;88
2026-05-07 03:34:06;P+R Krowodrza Górka;101
2026-05-07 03:34:06;P+R Czerwone Maki;183
2026-05-07 03:34:06;P+R Mały Płaszów;155
2026-05-07 03:34:06;P+R Nowy Bieżanów;100
2026-05-07 03:34:06;P+R Kurdwanów;156
2026-05-07 04:08:43;P+R Górka Narodowa;433
2026-05-07 04:08:43;P+R Pachońskiego;88
2026-05-07 04:08:43;P+R Krowodrza Górka;101
2026-05-07 04:08:43;P+R Czerwone Maki;183
2026-05-07 04:08:43;P+R Mały Płaszów;155
2026-05-07 04:08:43;P+R Nowy Bieżanów;100
2026-05-07 04:08:43;P+R Kurdwanów;156
2026-05-07 04:34:02;P+R Górka Narodowa;432
2026-05-07 04:34:02;P+R Pachońskiego;88
2026-05-07 04:34:02;P+R Krowodrza Górka;99
2026-05-07 04:34:02;P+R Czerwone Maki;181
2026-05-07 04:34:02;P+R Mały Płaszów;154
2026-05-07 04:34:02;P+R Nowy Bieżanów;100
2026-05-07 04:34:02;P+R Kurdwanów;155
2026-05-07 05:08:35;P+R Górka Narodowa;430
2026-05-07 05:08:35;P+R Pachońskiego;86
2026-05-07 05:08:35;P+R Krowodrza Górka;98
2026-05-07 05:08:35;P+R Czerwone Maki;178
2026-05-07 05:08:35;P+R Mały Płaszów;153
2026-05-07 05:08:35;P+R Nowy Bieżanów;98
2026-05-07 05:08:35;P+R Kurdwanów;153
2026-05-07 05:34:15;P+R Górka Narodowa;427
2026-05-07 05:34:15;P+R Pachońskiego;82
2026-05-07 05:34:15;P+R Krowodrza Górka;96
2026-05-07 05:34:15;P+R Czerwone Maki;172
2026-05-07 05:34:15;P+R Mały Płaszów;153
2026-05-07 05:34:15;P+R Nowy Bieżanów;92
2026-05-07 05:34:15;P+R Kurdwanów;145
2026-05-07 06:08:29;P+R Górka Narodowa;421
2026-05-07 06:08:29;P+R Pachońskiego;67
2026-05-07 06:08:29;P+R Krowodrza Górka;90
2026-05-07 06:08:29;P+R Czerwone Maki;155
2026-05-07 06:08:29;P+R Mały Płaszów;148
2026-05-07 06:08:29;P+R Nowy Bieżanów;80
2026-05-07 06:08:29;P+R Kurdwanów;135
2026-05-07 06:34:06;P+R Górka Narodowa;403
2026-05-07 06:34:06;P+R Pachońskiego;40
2026-05-07 06:34:06;P+R Krowodrza Górka;81
2026-05-07 06:34:06;P+R Czerwone Maki;144
2026-05-07 06:34:06;P+R Mały Płaszów;138
2026-05-07 06:34:06;P+R Nowy Bieżanów;59
2026-05-07 06:34:06;P+R Kurdwanów;124
2026-05-07 07:08:29;P+R Górka Narodowa;373
2026-05-07 07:08:29;P+R Pachońskiego;8
2026-05-07 07:08:29;P+R Krowodrza Górka;50
2026-05-07 07:08:29;P+R Czerwone Maki;124
2026-05-07 07:08:29;P+R Mały Płaszów;127
2026-05-07 07:08:29;P+R Nowy Bieżanów;22
2026-05-07 07:08:29;P+R Kurdwanów;103
2026-05-07 07:34:27;P+R Górka Narodowa;333
2026-05-07 07:34:27;P+R Pachońskiego;0
2026-05-07 07:34:27;P+R Krowodrza Górka;12
2026-05-07 07:34:27;P+R Czerwone Maki;100
2026-05-07 07:34:27;P+R Mały Płaszów;120
2026-05-07 07:34:27;P+R Nowy Bieżanów;2
2026-05-07 07:34:27;P+R Kurdwanów;97
2026-05-07 08:08:37;P+R Górka Narodowa;272
2026-05-07 08:08:37;P+R Pachońskiego;0
2026-05-07 08:08:37;P+R Krowodrza Górka;3
2026-05-07 08:08:37;P+R Czerwone Maki;57
2026-05-07 08:08:37;P+R Mały Płaszów;112
2026-05-07 08:08:37;P+R Nowy Bieżanów;0
2026-05-07 08:08:37;P+R Kurdwanów;84
2026-05-07 08:34:08;P+R Górka Narodowa;240
2026-05-07 08:34:08;P+R Pachońskiego;0
2026-05-07 08:34:08;P+R Krowodrza Górka;0
2026-05-07 08:34:08;P+R Czerwone Maki;45
2026-05-07 08:34:08;P+R Mały Płaszów;108
2026-05-07 08:34:08;P+R Nowy Bieżanów;0
2026-05-07 08:34:08;P+R Kurdwanów;71
2026-05-07 09:08:40;P+R Górka Narodowa;216
2026-05-07 09:08:40;P+R Pachońskiego;0
2026-05-07 09:08:40;P+R Krowodrza Górka;0
2026-05-07 09:08:40;P+R Czerwone Maki;24
2026-05-07 09:08:40;P+R Mały Płaszów;102
2026-05-07 09:08:40;P+R Nowy Bieżanów;0
2026-05-07 09:08:40;P+R Kurdwanów;61
2026-05-07 09:37:46;P+R Górka Narodowa;199
2026-05-07 09:37:46;P+R Pachońskiego;0
2026-05-07 09:37:46;P+R Krowodrza Górka;0
2026-05-07 09:37:46;P+R Czerwone Maki;16
2026-05-07 09:37:46;P+R Mały Płaszów;103
2026-05-07 09:37:46;P+R Nowy Bieżanów;2
2026-05-07 09:37:46;P+R Kurdwanów;56
2026-05-07 10:08:52;P+R Górka Narodowa;197
2026-05-07 10:08:52;P+R Pachońskiego;0
2026-05-07 10:08:52;P+R Krowodrza Górka;0
2026-05-07 10:08:52;P+R Czerwone Maki;8
2026-05-07 10:08:52;P+R Mały Płaszów;101
2026-05-07 10:08:52;P+R Nowy Bieżanów;1
2026-05-07 10:08:52;P+R Kurdwanów;53
2026-05-07 10:34:18;P+R Górka Narodowa;187
2026-05-07 10:34:18;P+R Pachońskiego;0
2026-05-07 10:34:18;P+R Krowodrza Górka;1
2026-05-07 10:34:18;P+R Czerwone Maki;5
2026-05-07 10:34:18;P+R Mały Płaszów;99
2026-05-07 10:34:18;P+R Nowy Bieżanów;1
2026-05-07 10:34:18;P+R Kurdwanów;50
2026-05-07 11:08:40;P+R Górka Narodowa;179
2026-05-07 11:08:40;P+R Pachońskiego;0
2026-05-07 11:08:40;P+R Krowodrza Górka;3
2026-05-07 11:08:40;P+R Czerwone Maki;10
2026-05-07 11:08:40;P+R Mały Płaszów;97
2026-05-07 11:08:40;P+R Nowy Bieżanów;2
2026-05-07 11:08:40;P+R Kurdwanów;46
2026-05-07 11:34:27;P+R Górka Narodowa;179
2026-05-07 11:34:27;P+R Pachońskiego;0
2026-05-07 11:34:27;P+R Krowodrza Górka;0
2026-05-07 11:34:27;P+R Czerwone Maki;13
2026-05-07 11:34:27;P+R Mały Płaszów;96
2026-05-07 11:34:27;P+R Nowy Bieżanów;0
2026-05-07 11:34:27;P+R Kurdwanów;44
2026-05-07 12:08:46;P+R Górka Narodowa;178
2026-05-07 12:08:46;P+R Pachońskiego;1
2026-05-07 12:08:46;P+R Krowodrza Górka;0
2026-05-07 12:08:46;P+R Czerwone Maki;14
2026-05-07 12:08:46;P+R Mały Płaszów;98
2026-05-07 12:08:46;P+R Nowy Bieżanów;0
2026-05-07 12:08:46;P+R Kurdwanów;43
2026-05-07 12:36:12;P+R Górka Narodowa;185
2026-05-07 12:36:12;P+R Pachońskiego;1
2026-05-07 12:36:12;P+R Krowodrza Górka;0
2026-05-07 12:36:12;P+R Czerwone Maki;14
2026-05-07 12:36:12;P+R Mały Płaszów;96
2026-05-07 12:36:12;P+R Nowy Bieżanów;0
2026-05-07 12:36:12;P+R Kurdwanów;40
2026-05-07 13:08:57;P+R Górka Narodowa;181
2026-05-07 13:08:57;P+R Pachońskiego;0
2026-05-07 13:08:57;P+R Krowodrza Górka;0
2026-05-07 13:08:57;P+R Czerwone Maki;14
2026-05-07 13:08:57;P+R Mały Płaszów;95
2026-05-07 13:08:57;P+R Nowy Bieżanów;1
2026-05-07 13:08:57;P+R Kurdwanów;37
2026-05-07 13:34:11;P+R Górka Narodowa;181
2026-05-07 13:34:11;P+R Pachońskiego;0
2026-05-07 13:34:11;P+R Krowodrza Górka;0
2026-05-07 13:34:11;P+R Czerwone Maki;16
2026-05-07 13:34:11;P+R Mały Płaszów;95
2026-05-07 13:34:11;P+R Nowy Bieżanów;4
2026-05-07 13:34:11;P+R Kurdwanów;39
2026-05-07 14:08:41;P+R Górka Narodowa;184
2026-05-07 14:08:41;P+R Pachońskiego;0
2026-05-07 14:08:41;P+R Krowodrza Górka;0
2026-05-07 14:08:41;P+R Czerwone Maki;20
2026-05-07 14:08:41;P+R Mały Płaszów;97
2026-05-07 14:08:41;P+R Nowy Bieżanów;3
2026-05-07 14:08:41;P+R Kurdwanów;43
2026-05-07 14:34:02;P+R Górka Narodowa;193
2026-05-07 14:34:02;P+R Pachońskiego;2
2026-05-07 14:34:02;P+R Krowodrza Górka;0
2026-05-07 14:34:02;P+R Czerwone Maki;24
2026-05-07 14:34:02;P+R Mały Płaszów;99
2026-05-07 14:34:02;P+R Nowy Bieżanów;4
2026-05-07 14:34:02;P+R Kurdwanów;40
2026-05-07 15:10:10;P+R Górka Narodowa;216
2026-05-07 15:10:10;P+R Pachońskiego;13
2026-05-07 15:10:10;P+R Krowodrza Górka;4
2026-05-07 15:10:10;P+R Czerwone Maki;36
2026-05-07 15:10:10;P+R Mały Płaszów;98
2026-05-07 15:10:10;P+R Nowy Bieżanów;17
2026-05-07 15:10:10;P+R Kurdwanów;48
2026-05-07 15:34:11;P+R Górka Narodowa;226
2026-05-07 15:34:11;P+R Pachońskiego;23
2026-05-07 15:34:11;P+R Krowodrza Górka;12
2026-05-07 15:34:11;P+R Czerwone Maki;48
2026-05-07 15:34:11;P+R Mały Płaszów;104
2026-05-07 15:34:11;P+R Nowy Bieżanów;28
2026-05-07 15:34:11;P+R Kurdwanów;57
2026-05-07 16:12:26;P+R Górka Narodowa;253
2026-05-07 16:12:26;P+R Pachońskiego;48
2026-05-07 16:12:26;P+R Krowodrza Górka;28
2026-05-07 16:12:26;P+R Czerwone Maki;70
2026-05-07 16:12:26;P+R Mały Płaszów;113
2026-05-07 16:12:26;P+R Nowy Bieżanów;42
2026-05-07 16:12:26;P+R Kurdwanów;77
2026-05-07 16:37:02;P+R Górka Narodowa;274
2026-05-07 16:37:02;P+R Pachońskiego;56
2026-05-07 16:37:02;P+R Krowodrza Górka;36
2026-05-07 16:37:02;P+R Czerwone Maki;85
2026-05-07 16:37:02;P+R Mały Płaszów;117
2026-05-07 16:37:02;P+R Nowy Bieżanów;65
2026-05-07 16:37:02;P+R Kurdwanów;87
2026-05-07 17:08:42;P+R Górka Narodowa;299
2026-05-07 17:08:42;P+R Pachońskiego;59
2026-05-07 17:08:42;P+R Krowodrza Górka;41
2026-05-07 17:08:42;P+R Czerwone Maki;100
2026-05-07 17:08:42;P+R Mały Płaszów;125
2026-05-07 17:08:42;P+R Nowy Bieżanów;74
2026-05-07 17:08:42;P+R Kurdwanów;96
2026-05-07 17:34:32;P+R Górka Narodowa;310
2026-05-07 17:34:32;P+R Pachońskiego;60
2026-05-07 17:34:32;P+R Krowodrza Górka;39
2026-05-07 17:34:32;P+R Czerwone Maki;108
2026-05-07 17:34:32;P+R Mały Płaszów;127
2026-05-07 17:34:32;P+R Nowy Bieżanów;78
2026-05-07 17:34:32;P+R Kurdwanów;107
2026-05-07 18:08:33;P+R Górka Narodowa;338
2026-05-07 18:08:33;P+R Pachońskiego;60
2026-05-07 18:08:33;P+R Krowodrza Górka;47
2026-05-07 18:08:33;P+R Czerwone Maki;118
2026-05-07 18:08:33;P+R Mały Płaszów;134
2026-05-07 18:08:33;P+R Nowy Bieżanów;84
2026-05-07 18:08:33;P+R Kurdwanów;112
2026-05-07 18:34:09;P+R Górka Narodowa;353
2026-05-07 18:34:09;P+R Pachońskiego;68
2026-05-07 18:34:09;P+R Krowodrza Górka;49
2026-05-07 18:34:09;P+R Czerwone Maki;121
2026-05-07 18:34:09;P+R Mały Płaszów;135
2026-05-07 18:34:09;P+R Nowy Bieżanów;84
2026-05-07 18:34:09;P+R Kurdwanów;119
2026-05-07 19:11:21;P+R Górka Narodowa;376
2026-05-07 19:11:21;P+R Pachońskiego;71
2026-05-07 19:11:21;P+R Krowodrza Górka;53
2026-05-07 19:11:21;P+R Czerwone Maki;136
2026-05-07 19:11:21;P+R Mały Płaszów;138
2026-05-07 19:11:21;P+R Nowy Bieżanów;87
2026-05-07 19:11:21;P+R Kurdwanów;125
2026-05-07 19:34:07;P+R Górka Narodowa;383
2026-05-07 19:34:07;P+R Pachońskiego;73
2026-05-07 19:34:07;P+R Krowodrza Górka;56
2026-05-07 19:34:07;P+R Czerwone Maki;141
2026-05-07 19:34:07;P+R Mały Płaszów;139
2026-05-07 19:34:07;P+R Nowy Bieżanów;88
2026-05-07 19:34:07;P+R Kurdwanów;128
2026-05-07 20:10:47;P+R Górka Narodowa;395
2026-05-07 20:10:47;P+R Pachońskiego;77
2026-05-07 20:10:47;P+R Krowodrza Górka;56
2026-05-07 20:10:47;P+R Czerwone Maki;148
2026-05-07 20:10:47;P+R Mały Płaszów;141
2026-05-07 20:10:47;P+R Nowy Bieżanów;93
2026-05-07 20:10:47;P+R Kurdwanów;135
2026-05-07 20:34:06;P+R Górka Narodowa;404
2026-05-07 20:34:06;P+R Pachońskiego;78
2026-05-07 20:34:06;P+R Krowodrza Górka;58
2026-05-07 20:34:06;P+R Czerwone Maki;150
2026-05-07 20:34:06;P+R Mały Płaszów;143
2026-05-07 20:34:06;P+R Nowy Bieżanów;95
2026-05-07 20:34:06;P+R Kurdwanów;138
2026-05-07 21:08:30;P+R Górka Narodowa;412
2026-05-07 21:08:30;P+R Pachońskiego;79
2026-05-07 21:08:30;P+R Krowodrza Górka;59
2026-05-07 21:08:30;P+R Czerwone Maki;156
2026-05-07 21:08:30;P+R Mały Płaszów;145
2026-05-07 21:08:30;P+R Nowy Bieżanów;96
2026-05-07 21:08:30;P+R Kurdwanów;142
2026-05-07 21:34:18;P+R Górka Narodowa;418
2026-05-07 21:34:18;P+R Pachońskiego;82
2026-05-07 21:34:18;P+R Krowodrza Górka;66
2026-05-07 21:34:18;P+R Czerwone Maki;162
2026-05-07 21:34:18;P+R Mały Płaszów;149
2026-05-07 21:34:18;P+R Nowy Bieżanów;96
2026-05-07 21:34:18;P+R Kurdwanów;144
2026-05-07 22:08:39;P+R Górka Narodowa;422
2026-05-07 22:08:39;P+R Pachońskiego;84
2026-05-07 22:08:39;P+R Krowodrza Górka;68
2026-05-07 22:08:39;P+R Czerwone Maki;167
2026-05-07 22:08:39;P+R Mały Płaszów;152
2026-05-07 22:08:39;P+R Nowy Bieżanów;98
2026-05-07 22:08:39;P+R Kurdwanów;145
2026-05-07 22:34:12;P+R Górka Narodowa;427
2026-05-07 22:34:12;P+R Pachońskiego;85
2026-05-07 22:34:12;P+R Krowodrza Górka;70
2026-05-07 22:34:12;P+R Czerwone Maki;168
2026-05-07 22:34:12;P+R Mały Płaszów;152
2026-05-07 22:34:12;P+R Nowy Bieżanów;98
2026-05-07 22:34:12;P+R Kurdwanów;146
2026-05-07 23:08:26;P+R Górka Narodowa;429
2026-05-07 23:08:26;P+R Pachońskiego;88
2026-05-07 23:08:26;P+R Krowodrza Górka;70
2026-05-07 23:08:26;P+R Czerwone Maki;171
2026-05-07 23:08:26;P+R Mały Płaszów;153
2026-05-07 23:08:26;P+R Nowy Bieżanów;98
2026-05-07 23:08:26;P+R Kurdwanów;148
2026-05-07 23:34:05;P+R Górka Narodowa;431
2026-05-07 23:34:05;P+R Pachońskiego;88
2026-05-07 23:34:05;P+R Krowodrza Górka;71
2026-05-07 23:34:05;P+R Czerwone Maki;174
2026-05-07 23:34:05;P+R Mały Płaszów;153
2026-05-07 23:34:05;P+R Nowy Bieżanów;98
2026-05-07 23:34:05;P+R Kurdwanów;150
2026-05-08 00:08:27;P+R Górka Narodowa;431
2026-05-08 00:08:27;P+R Pachońskiego;88
2026-05-08 00:08:27;P+R Krowodrza Górka;90
2026-05-08 00:08:27;P+R Czerwone Maki;175
2026-05-08 00:08:27;P+R Mały Płaszów;154
2026-05-08 00:08:27;P+R Nowy Bieżanów;100
2026-05-08 00:08:27;P+R Kurdwanów;153
2026-05-08 00:34:04;P+R Górka Narodowa;431
2026-05-08 00:34:04;P+R Pachońskiego;88
2026-05-08 00:34:04;P+R Krowodrza Górka;101
2026-05-08 00:34:04;P+R Czerwone Maki;176
2026-05-08 00:34:04;P+R Mały Płaszów;154
2026-05-08 00:34:04;P+R Nowy Bieżanów;100
2026-05-08 00:34:04;P+R Kurdwanów;156
2026-05-08 01:08:34;P+R Górka Narodowa;431
2026-05-08 01:08:34;P+R Pachońskiego;88
2026-05-08 01:08:34;P+R Krowodrza Górka;101
2026-05-08 01:08:34;P+R Czerwone Maki;176
2026-05-08 01:08:34;P+R Mały Płaszów;154
2026-05-08 01:08:34;P+R Nowy Bieżanów;100
2026-05-08 01:08:34;P+R Kurdwanów;156
2026-05-08 01:34:05;P+R Górka Narodowa;431
2026-05-08 01:34:05;P+R Pachońskiego;88
2026-05-08 01:34:05;P+R Krowodrza Górka;101
2026-05-08 01:34:05;P+R Czerwone Maki;177
2026-05-08 01:34:05;P+R Mały Płaszów;154
2026-05-08 01:34:05;P+R Nowy Bieżanów;100
2026-05-08 01:34:05;P+R Kurdwanów;156
2026-05-08 02:08:29;P+R Górka Narodowa;431
2026-05-08 02:08:29;P+R Pachońskiego;88
2026-05-08 02:08:29;P+R Krowodrza Górka;101
2026-05-08 02:08:29;P+R Czerwone Maki;177
2026-05-08 02:08:29;P+R Mały Płaszów;155
2026-05-08 02:08:29;P+R Nowy Bieżanów;100
2026-05-08 02:08:29;P+R Kurdwanów;156
2026-05-08 02:33:58;P+R Górka Narodowa;431
2026-05-08 02:33:58;P+R Pachońskiego;88
2026-05-08 02:33:58;P+R Krowodrza Górka;101
2026-05-08 02:33:58;P+R Czerwone Maki;177
2026-05-08 02:33:58;P+R Mały Płaszów;155
2026-05-08 02:33:58;P+R Nowy Bieżanów;100
2026-05-08 02:33:58;P+R Kurdwanów;156
2026-05-08 03:08:28;P+R Górka Narodowa;431
2026-05-08 03:08:28;P+R Pachońskiego;88
2026-05-08 03:08:28;P+R Krowodrza Górka;101
2026-05-08 03:08:28;P+R Czerwone Maki;183
2026-05-08 03:08:28;P+R Mały Płaszów;155
2026-05-08 03:08:28;P+R Nowy Bieżanów;100
2026-05-08 03:08:28;P+R Kurdwanów;156
2026-05-08 03:34:03;P+R Górka Narodowa;431
2026-05-08 03:34:03;P+R Pachońskiego;88
2026-05-08 03:34:03;P+R Krowodrza Górka;101
2026-05-08 03:34:03;P+R Czerwone Maki;183
2026-05-08 03:34:03;P+R Mały Płaszów;155
2026-05-08 03:34:03;P+R Nowy Bieżanów;100
2026-05-08 03:34:03;P+R Kurdwanów;156
2026-05-08 04:08:28;P+R Górka Narodowa;432
2026-05-08 04:08:28;P+R Pachońskiego;88
2026-05-08 04:08:28;P+R Krowodrza Górka;101
2026-05-08 04:08:28;P+R Czerwone Maki;183
2026-05-08 04:08:28;P+R Mały Płaszów;155
2026-05-08 04:08:28;P+R Nowy Bieżanów;100
2026-05-08 04:08:28;P+R Kurdwanów;156
2026-05-08 04:34:05;P+R Górka Narodowa;430
2026-05-08 04:34:05;P+R Pachońskiego;88
2026-05-08 04:34:05;P+R Krowodrza Górka;100
2026-05-08 04:34:05;P+R Czerwone Maki;182
2026-05-08 04:34:05;P+R Mały Płaszów;154
2026-05-08 04:34:05;P+R Nowy Bieżanów;100
2026-05-08 04:34:05;P+R Kurdwanów;156
2026-05-08 05:08:32;P+R Górka Narodowa;429
2026-05-08 05:08:32;P+R Pachońskiego;86
2026-05-08 05:08:32;P+R Krowodrza Górka;99
2026-05-08 05:08:32;P+R Czerwone Maki;180
2026-05-08 05:08:32;P+R Mały Płaszów;152
2026-05-08 05:08:32;P+R Nowy Bieżanów;99
2026-05-08 05:08:32;P+R Kurdwanów;153
2026-05-08 05:34:10;P+R Górka Narodowa;426
2026-05-08 05:34:10;P+R Pachońskiego;80
2026-05-08 05:34:10;P+R Krowodrza Górka;95
2026-05-08 05:34:10;P+R Czerwone Maki;174
2026-05-08 05:34:10;P+R Mały Płaszów;152
2026-05-08 05:34:10;P+R Nowy Bieżanów;92
2026-05-08 05:34:10;P+R Kurdwanów;150
2026-05-08 06:08:36;P+R Górka Narodowa;421
2026-05-08 06:08:36;P+R Pachońskiego;65
2026-05-08 06:08:36;P+R Krowodrza Górka;89
2026-05-08 06:08:36;P+R Czerwone Maki;162
2026-05-08 06:08:36;P+R Mały Płaszów;148
2026-05-08 06:08:36;P+R Nowy Bieżanów;80
2026-05-08 06:08:36;P+R Kurdwanów;141
2026-05-08 06:34:05;P+R Górka Narodowa;400
2026-05-08 06:34:05;P+R Pachońskiego;40
2026-05-08 06:34:05;P+R Krowodrza Górka;77
2026-05-08 06:34:05;P+R Czerwone Maki;151
2026-05-08 06:34:05;P+R Mały Płaszów;139
2026-05-08 06:34:05;P+R Nowy Bieżanów;65
2026-05-08 06:34:05;P+R Kurdwanów;131
2026-05-08 07:08:37;P+R Górka Narodowa;376
2026-05-08 07:08:37;P+R Pachońskiego;0
2026-05-08 07:08:37;P+R Krowodrza Górka;48
2026-05-08 07:08:37;P+R Czerwone Maki;123
2026-05-08 07:08:37;P+R Mały Płaszów;129
2026-05-08 07:08:37;P+R Nowy Bieżanów;28
2026-05-08 07:08:37;P+R Kurdwanów;114
2026-05-08 07:34:06;P+R Górka Narodowa;339
2026-05-08 07:34:06;P+R Pachońskiego;0
2026-05-08 07:34:06;P+R Krowodrza Górka;22
2026-05-08 07:34:06;P+R Czerwone Maki;96
2026-05-08 07:34:06;P+R Mały Płaszów;120
2026-05-08 07:34:06;P+R Nowy Bieżanów;9
2026-05-08 07:34:06;P+R Kurdwanów;108
2026-05-08 08:08:41;P+R Górka Narodowa;306
2026-05-08 08:08:41;P+R Pachońskiego;0
2026-05-08 08:08:41;P+R Krowodrza Górka;12
2026-05-08 08:08:41;P+R Czerwone Maki;69
2026-05-08 08:08:41;P+R Mały Płaszów;112
2026-05-08 08:08:41;P+R Nowy Bieżanów;3
2026-05-08 08:08:41;P+R Kurdwanów;94
2026-05-08 08:34:09;P+R Górka Narodowa;282
2026-05-08 08:34:09;P+R Pachońskiego;0
2026-05-08 08:34:09;P+R Krowodrza Górka;2
2026-05-08 08:34:09;P+R Czerwone Maki;59
2026-05-08 08:34:09;P+R Mały Płaszów;105
2026-05-08 08:34:09;P+R Nowy Bieżanów;2
2026-05-08 08:34:09;P+R Kurdwanów;86
2026-05-08 09:10:41;P+R Górka Narodowa;263
2026-05-08 09:10:41;P+R Pachońskiego;1
2026-05-08 09:10:41;P+R Krowodrza Górka;0
2026-05-08 09:10:41;P+R Czerwone Maki;42
2026-05-08 09:10:41;P+R Mały Płaszów;98
2026-05-08 09:10:41;P+R Nowy Bieżanów;0
2026-05-08 09:10:41;P+R Kurdwanów;81
2026-05-08 09:34:13;P+R Górka Narodowa;254
2026-05-08 09:34:13;P+R Pachońskiego;0
2026-05-08 09:34:13;P+R Krowodrza Górka;3
2026-05-08 09:34:13;P+R Czerwone Maki;34
2026-05-08 09:34:13;P+R Mały Płaszów;96
2026-05-08 09:34:13;P+R Nowy Bieżanów;0
2026-05-08 09:34:13;P+R Kurdwanów;79
2026-05-08 10:08:32;P+R Górka Narodowa;242
2026-05-08 10:08:32;P+R Pachońskiego;1
2026-05-08 10:08:32;P+R Krowodrza Górka;6
2026-05-08 10:08:32;P+R Czerwone Maki;28
2026-05-08 10:08:32;P+R Mały Płaszów;94
2026-05-08 10:08:32;P+R Nowy Bieżanów;2
2026-05-08 10:08:32;P+R Kurdwanów;77
2026-05-08 10:34:16;P+R Górka Narodowa;236
2026-05-08 10:34:16;P+R Pachońskiego;0
2026-05-08 10:34:16;P+R Krowodrza Górka;0
2026-05-08 10:34:16;P+R Czerwone Maki;28
2026-05-08 10:34:16;P+R Mały Płaszów;92
2026-05-08 10:34:16;P+R Nowy Bieżanów;1
2026-05-08 10:34:16;P+R Kurdwanów;76
2026-05-08 11:08:25;P+R Górka Narodowa;227
2026-05-08 11:08:25;P+R Pachońskiego;1
2026-05-08 11:08:25;P+R Krowodrza Górka;0
2026-05-08 11:08:25;P+R Czerwone Maki;27
2026-05-08 11:08:25;P+R Mały Płaszów;93
2026-05-08 11:08:25;P+R Nowy Bieżanów;0
2026-05-08 11:08:25;P+R Kurdwanów;69
2026-05-08 11:34:05;P+R Górka Narodowa;227
2026-05-08 11:34:05;P+R Pachońskiego;1
2026-05-08 11:34:05;P+R Krowodrza Górka;1
2026-05-08 11:34:05;P+R Czerwone Maki;31
2026-05-08 11:34:05;P+R Mały Płaszów;97
2026-05-08 11:34:05;P+R Nowy Bieżanów;1
2026-05-08 11:34:05;P+R Kurdwanów;67
2026-05-08 12:08:36;P+R Górka Narodowa;226
2026-05-08 12:08:36;P+R Pachońskiego;0
2026-05-08 12:08:36;P+R Krowodrza Górka;2
2026-05-08 12:08:36;P+R Czerwone Maki;31
2026-05-08 12:08:36;P+R Mały Płaszów;94
2026-05-08 12:08:36;P+R Nowy Bieżanów;3
2026-05-08 12:08:36;P+R Kurdwanów;65
2026-05-08 12:34:06;P+R Górka Narodowa;230
2026-05-08 12:34:06;P+R Pachońskiego;0
2026-05-08 12:34:06;P+R Krowodrza Górka;4
2026-05-08 12:34:06;P+R Czerwone Maki;34
2026-05-08 12:34:06;P+R Mały Płaszów;95
2026-05-08 12:34:06;P+R Nowy Bieżanów;3
2026-05-08 12:34:06;P+R Kurdwanów;64
2026-05-08 13:08:28;P+R Górka Narodowa;239
2026-05-08 13:08:28;P+R Pachońskiego;0
2026-05-08 13:08:28;P+R Krowodrza Górka;6
2026-05-08 13:08:28;P+R Czerwone Maki;38
2026-05-08 13:08:28;P+R Mały Płaszów;94
2026-05-08 13:08:28;P+R Nowy Bieżanów;4
2026-05-08 13:08:28;P+R Kurdwanów;69
2026-05-08 13:34:14;P+R Górka Narodowa;247
2026-05-08 13:34:14;P+R Pachońskiego;5
2026-05-08 13:34:14;P+R Krowodrza Górka;5
2026-05-08 13:34:14;P+R Czerwone Maki;42
2026-05-08 13:34:14;P+R Mały Płaszów;94
2026-05-08 13:34:14;P+R Nowy Bieżanów;5
2026-05-08 13:34:14;P+R Kurdwanów;72
2026-05-08 14:10:00;P+R Górka Narodowa;249
2026-05-08 14:10:00;P+R Pachońskiego;10
2026-05-08 14:10:00;P+R Krowodrza Górka;6
2026-05-08 14:10:00;P+R Czerwone Maki;49
2026-05-08 14:10:00;P+R Mały Płaszów;100
2026-05-08 14:10:00;P+R Nowy Bieżanów;10
2026-05-08 14:10:00;P+R Kurdwanów;78
2026-05-08 14:34:00;P+R Górka Narodowa;256
2026-05-08 14:34:00;P+R Pachońskiego;18
2026-05-08 14:34:00;P+R Krowodrza Górka;8
2026-05-08 14:34:00;P+R Czerwone Maki;54
2026-05-08 14:34:00;P+R Mały Płaszów;101
2026-05-08 14:34:00;P+R Nowy Bieżanów;14
2026-05-08 14:34:00;P+R Kurdwanów;78
2026-05-08 15:08:43;P+R Górka Narodowa;265
2026-05-08 15:08:43;P+R Pachońskiego;26
2026-05-08 15:08:43;P+R Krowodrza Górka;12
2026-05-08 15:08:43;P+R Czerwone Maki;66
2026-05-08 15:08:43;P+R Mały Płaszów;106
2026-05-08 15:08:43;P+R Nowy Bieżanów;23
2026-05-08 15:08:43;P+R Kurdwanów;88
2026-05-08 15:34:39;P+R Górka Narodowa;277
2026-05-08 15:34:39;P+R Pachońskiego;47
2026-05-08 15:34:39;P+R Krowodrza Górka;14
2026-05-08 15:34:39;P+R Czerwone Maki;72
2026-05-08 15:34:39;P+R Mały Płaszów;111
2026-05-08 15:34:39;P+R Nowy Bieżanów;25
2026-05-08 15:34:39;P+R Kurdwanów;96
2026-05-08 16:08:37;P+R Górka Narodowa;303
2026-05-08 16:08:37;P+R Pachońskiego;66
2026-05-08 16:08:37;P+R Krowodrza Górka;27
2026-05-08 16:08:37;P+R Czerwone Maki;89
2026-05-08 16:08:37;P+R Mały Płaszów;123
2026-05-08 16:08:37;P+R Nowy Bieżanów;49
2026-05-08 16:08:37;P+R Kurdwanów;105
2026-05-08 16:34:12;P+R Górka Narodowa;317
2026-05-08 16:34:12;P+R Pachońskiego;74
2026-05-08 16:34:12;P+R Krowodrza Górka;39
2026-05-08 16:34:12;P+R Czerwone Maki;102
2026-05-08 16:34:12;P+R Mały Płaszów;123
2026-05-08 16:34:12;P+R Nowy Bieżanów;63
2026-05-08 16:34:12;P+R Kurdwanów;109
2026-05-08 17:08:50;P+R Górka Narodowa;336
2026-05-08 17:08:50;P+R Pachońskiego;74
2026-05-08 17:08:50;P+R Krowodrza Górka;37
2026-05-08 17:08:50;P+R Czerwone Maki;115
2026-05-08 17:08:50;P+R Mały Płaszów;127
2026-05-08 17:08:50;P+R Nowy Bieżanów;69
2026-05-08 17:08:50;P+R Kurdwanów;118
2026-05-08 17:34:18;P+R Górka Narodowa;349
2026-05-08 17:34:18;P+R Pachońskiego;76
2026-05-08 17:34:18;P+R Krowodrza Górka;47
2026-05-08 17:34:18;P+R Czerwone Maki;116
2026-05-08 17:34:18;P+R Mały Płaszów;131
2026-05-08 17:34:18;P+R Nowy Bieżanów;71
2026-05-08 17:34:18;P+R Kurdwanów;123
2026-05-08 18:08:30;P+R Górka Narodowa;366
2026-05-08 18:08:30;P+R Pachońskiego;79
2026-05-08 18:08:30;P+R Krowodrza Górka;54
2026-05-08 18:08:30;P+R Czerwone Maki;130
2026-05-08 18:08:30;P+R Mały Płaszów;133
2026-05-08 18:08:30;P+R Nowy Bieżanów;75
2026-05-08 18:08:30;P+R Kurdwanów;130
2026-05-08 18:34:01;P+R Górka Narodowa;368
2026-05-08 18:34:01;P+R Pachońskiego;81
2026-05-08 18:34:01;P+R Krowodrza Górka;52
2026-05-08 18:34:01;P+R Czerwone Maki;136
2026-05-08 18:34:01;P+R Mały Płaszów;137
2026-05-08 18:34:01;P+R Nowy Bieżanów;75
2026-05-08 18:34:01;P+R Kurdwanów;134
2026-05-08 19:08:25;P+R Górka Narodowa;382
2026-05-08 19:08:25;P+R Pachońskiego;80
2026-05-08 19:08:25;P+R Krowodrza Górka;57
2026-05-08 19:08:25;P+R Czerwone Maki;138
2026-05-08 19:08:25;P+R Mały Płaszów;136
2026-05-08 19:08:25;P+R Nowy Bieżanów;76
2026-05-08 19:08:25;P+R Kurdwanów;134
2026-05-08 19:34:13;P+R Górka Narodowa;384
2026-05-08 19:34:13;P+R Pachońskiego;80
2026-05-08 19:34:13;P+R Krowodrza Górka;60
2026-05-08 19:34:13;P+R Czerwone Maki;145
2026-05-08 19:34:13;P+R Mały Płaszów;135
2026-05-08 19:34:13;P+R Nowy Bieżanów;79
2026-05-08 19:34:13;P+R Kurdwanów;136
2026-05-08 20:08:37;P+R Górka Narodowa;390
2026-05-08 20:08:37;P+R Pachońskiego;79
2026-05-08 20:08:37;P+R Krowodrza Górka;65
2026-05-08 20:08:37;P+R Czerwone Maki;151
2026-05-08 20:08:37;P+R Mały Płaszów;138
2026-05-08 20:08:37;P+R Nowy Bieżanów;83
2026-05-08 20:08:37;P+R Kurdwanów;139
2026-05-08 20:34:00;P+R Górka Narodowa;396
2026-05-08 20:34:00;P+R Pachońskiego;79
2026-05-08 20:34:00;P+R Krowodrza Górka;66
2026-05-08 20:34:00;P+R Czerwone Maki;154
2026-05-08 20:34:00;P+R Mały Płaszów;140
2026-05-08 20:34:00;P+R Nowy Bieżanów;84
2026-05-08 20:34:00;P+R Kurdwanów;139
2026-05-08 21:08:34;P+R Górka Narodowa;404
2026-05-08 21:08:34;P+R Pachońskiego;82
2026-05-08 21:08:34;P+R Krowodrza Górka;70
2026-05-08 21:08:34;P+R Czerwone Maki;155
2026-05-08 21:08:34;P+R Mały Płaszów;141
2026-05-08 21:08:34;P+R Nowy Bieżanów;88
2026-05-08 21:08:34;P+R Kurdwanów;143
2026-05-08 21:34:10;P+R Górka Narodowa;408
2026-05-08 21:34:10;P+R Pachońskiego;82
2026-05-08 21:34:10;P+R Krowodrza Górka;77
2026-05-08 21:34:10;P+R Czerwone Maki;156
2026-05-08 21:34:10;P+R Mały Płaszów;141
2026-05-08 21:34:10;P+R Nowy Bieżanów;92
2026-05-08 21:34:10;P+R Kurdwanów;142
2026-05-08 22:08:33;P+R Górka Narodowa;417
2026-05-08 22:08:33;P+R Pachońskiego;83
2026-05-08 22:08:33;P+R Krowodrza Górka;84
2026-05-08 22:08:33;P+R Czerwone Maki;161
2026-05-08 22:08:33;P+R Mały Płaszów;142
2026-05-08 22:08:33;P+R Nowy Bieżanów;93
2026-05-08 22:08:33;P+R Kurdwanów;145
2026-05-08 22:34:14;P+R Górka Narodowa;419
2026-05-08 22:34:14;P+R Pachońskiego;86
2026-05-08 22:34:14;P+R Krowodrza Górka;89
2026-05-08 22:34:14;P+R Czerwone Maki;165
2026-05-08 22:34:14;P+R Mały Płaszów;143
2026-05-08 22:34:14;P+R Nowy Bieżanów;93
2026-05-08 22:34:14;P+R Kurdwanów;146
2026-05-08 23:08:36;P+R Górka Narodowa;425
2026-05-08 23:08:36;P+R Pachońskiego;86
2026-05-08 23:08:36;P+R Krowodrza Górka;91
2026-05-08 23:08:36;P+R Czerwone Maki;170
2026-05-08 23:08:36;P+R Mały Płaszów;146
2026-05-08 23:08:36;P+R Nowy Bieżanów;96
2026-05-08 23:08:36;P+R Kurdwanów;149
2026-05-08 23:34:06;P+R Górka Narodowa;426
2026-05-08 23:34:06;P+R Pachońskiego;87
2026-05-08 23:34:06;P+R Krowodrza Górka;92
2026-05-08 23:34:06;P+R Czerwone Maki;174
2026-05-08 23:34:06;P+R Mały Płaszów;146
2026-05-08 23:34:06;P+R Nowy Bieżanów;96
2026-05-08 23:34:06;P+R Kurdwanów;153
2026-05-09 00:08:29;P+R Górka Narodowa;429
2026-05-09 00:08:29;P+R Pachońskiego;88
2026-05-09 00:08:29;P+R Krowodrza Górka;94
2026-05-09 00:08:29;P+R Czerwone Maki;177
2026-05-09 00:08:29;P+R Mały Płaszów;147
2026-05-09 00:08:29;P+R Nowy Bieżanów;96
2026-05-09 00:08:29;P+R Kurdwanów;153
2026-05-09 00:33:57;P+R Górka Narodowa;430
2026-05-09 00:33:57;P+R Pachońskiego;88
2026-05-09 00:33:57;P+R Krowodrza Górka;95
2026-05-09 00:33:57;P+R Czerwone Maki;180
2026-05-09 00:33:57;P+R Mały Płaszów;152
2026-05-09 00:33:57;P+R Nowy Bieżanów;97
2026-05-09 00:33:57;P+R Kurdwanów;154
2026-05-09 01:08:37;P+R Górka Narodowa;430
2026-05-09 01:08:37;P+R Pachońskiego;88
2026-05-09 01:08:37;P+R Krowodrza Górka;95
2026-05-09 01:08:37;P+R Czerwone Maki;180
2026-05-09 01:08:37;P+R Mały Płaszów;152
2026-05-09 01:08:37;P+R Nowy Bieżanów;98
2026-05-09 01:08:37;P+R Kurdwanów;155
2026-05-09 01:34:12;P+R Górka Narodowa;430
2026-05-09 01:34:12;P+R Pachońskiego;88
2026-05-09 01:34:12;P+R Krowodrza Górka;95
2026-05-09 01:34:12;P+R Czerwone Maki;180
2026-05-09 01:34:12;P+R Mały Płaszów;153
2026-05-09 01:34:12;P+R Nowy Bieżanów;98
2026-05-09 01:34:12;P+R Kurdwanów;155
2026-05-09 02:08:28;P+R Górka Narodowa;431
2026-05-09 02:08:28;P+R Pachońskiego;88
2026-05-09 02:08:28;P+R Krowodrza Górka;97
2026-05-09 02:08:28;P+R Czerwone Maki;180
2026-05-09 02:08:28;P+R Mały Płaszów;153
2026-05-09 02:08:28;P+R Nowy Bieżanów;99
2026-05-09 02:08:28;P+R Kurdwanów;155
2026-05-09 02:34:06;P+R Górka Narodowa;431
2026-05-09 02:34:06;P+R Pachońskiego;88
2026-05-09 02:34:06;P+R Krowodrza Górka;97
2026-05-09 02:34:06;P+R Czerwone Maki;180
2026-05-09 02:34:06;P+R Mały Płaszów;153
2026-05-09 02:34:06;P+R Nowy Bieżanów;99
2026-05-09 02:34:06;P+R Kurdwanów;155
2026-05-09 03:08:39;P+R Górka Narodowa;432
2026-05-09 03:08:39;P+R Pachońskiego;88
2026-05-09 03:08:39;P+R Krowodrza Górka;97
2026-05-09 03:08:39;P+R Czerwone Maki;183
2026-05-09 03:08:39;P+R Mały Płaszów;154
2026-05-09 03:08:39;P+R Nowy Bieżanów;100
2026-05-09 03:08:39;P+R Kurdwanów;156
2026-05-09 03:33:58;P+R Górka Narodowa;432
2026-05-09 03:33:58;P+R Pachońskiego;88
2026-05-09 03:33:58;P+R Krowodrza Górka;97
2026-05-09 03:33:58;P+R Czerwone Maki;183
2026-05-09 03:33:58;P+R Mały Płaszów;154
2026-05-09 03:33:58;P+R Nowy Bieżanów;100
2026-05-09 03:33:58;P+R Kurdwanów;156
2026-05-09 04:08:22;P+R Górka Narodowa;432
2026-05-09 04:08:22;P+R Pachońskiego;88
2026-05-09 04:08:22;P+R Krowodrza Górka;97
2026-05-09 04:08:22;P+R Czerwone Maki;183
2026-05-09 04:08:22;P+R Mały Płaszów;154
2026-05-09 04:08:22;P+R Nowy Bieżanów;100
2026-05-09 04:08:22;P+R Kurdwanów;156
2026-05-09 04:34:09;P+R Górka Narodowa;431
2026-05-09 04:34:09;P+R Pachońskiego;88
2026-05-09 04:34:09;P+R Krowodrza Górka;97
2026-05-09 04:34:09;P+R Czerwone Maki;182
2026-05-09 04:34:09;P+R Mały Płaszów;154
2026-05-09 04:34:09;P+R Nowy Bieżanów;99
2026-05-09 04:34:09;P+R Kurdwanów;155
2026-05-09 05:08:29;P+R Górka Narodowa;430
2026-05-09 05:08:29;P+R Pachońskiego;88
2026-05-09 05:08:29;P+R Krowodrza Górka;92
2026-05-09 05:08:29;P+R Czerwone Maki;181
2026-05-09 05:08:29;P+R Mały Płaszów;154
2026-05-09 05:08:29;P+R Nowy Bieżanów;99
2026-05-09 05:08:29;P+R Kurdwanów;155
2026-05-09 05:33:59;P+R Górka Narodowa;428
2026-05-09 05:33:59;P+R Pachońskiego;88
2026-05-09 05:33:59;P+R Krowodrza Górka;90
2026-05-09 05:33:59;P+R Czerwone Maki;181
2026-05-09 05:33:59;P+R Mały Płaszów;154
2026-05-09 05:33:59;P+R Nowy Bieżanów;99
2026-05-09 05:33:59;P+R Kurdwanów;155
2026-05-09 06:08:33;P+R Górka Narodowa;425
2026-05-09 06:08:33;P+R Pachońskiego;88
2026-05-09 06:08:33;P+R Krowodrza Górka;89
2026-05-09 06:08:33;P+R Czerwone Maki;181
2026-05-09 06:08:33;P+R Mały Płaszów;154
2026-05-09 06:08:33;P+R Nowy Bieżanów;98
2026-05-09 06:08:33;P+R Kurdwanów;155
2026-05-09 06:33:55;P+R Górka Narodowa;424
2026-05-09 06:33:55;P+R Pachońskiego;87
2026-05-09 06:33:55;P+R Krowodrza Górka;88
2026-05-09 06:33:55;P+R Czerwone Maki;180
2026-05-09 06:33:55;P+R Mały Płaszów;153
2026-05-09 06:33:55;P+R Nowy Bieżanów;96
2026-05-09 06:33:55;P+R Kurdwanów;152
2026-05-09 07:08:30;P+R Górka Narodowa;424
2026-05-09 07:08:30;P+R Pachońskiego;86
2026-05-09 07:08:30;P+R Krowodrza Górka;88
2026-05-09 07:08:30;P+R Czerwone Maki;177
2026-05-09 07:08:30;P+R Mały Płaszów;152
2026-05-09 07:08:30;P+R Nowy Bieżanów;94
2026-05-09 07:08:30;P+R Kurdwanów;151
2026-05-09 07:34:13;P+R Górka Narodowa;420
2026-05-09 07:34:13;P+R Pachońskiego;86
2026-05-09 07:34:13;P+R Krowodrza Górka;88
2026-05-09 07:34:13;P+R Czerwone Maki;172
2026-05-09 07:34:13;P+R Mały Płaszów;150
2026-05-09 07:34:13;P+R Nowy Bieżanów;91
2026-05-09 07:34:13;P+R Kurdwanów;147
2026-05-09 08:08:35;P+R Górka Narodowa;410
2026-05-09 08:08:35;P+R Pachońskiego;84
2026-05-09 08:08:35;P+R Krowodrza Górka;82
2026-05-09 08:08:35;P+R Czerwone Maki;165
2026-05-09 08:08:35;P+R Mały Płaszów;146
2026-05-09 08:08:35;P+R Nowy Bieżanów;88
2026-05-09 08:08:35;P+R Kurdwanów;143
2026-05-09 08:34:00;P+R Górka Narodowa;400
2026-05-09 08:34:00;P+R Pachońskiego;82
2026-05-09 08:34:00;P+R Krowodrza Górka;76
2026-05-09 08:34:00;P+R Czerwone Maki;157
2026-05-09 08:34:00;P+R Mały Płaszów;146
2026-05-09 08:34:00;P+R Nowy Bieżanów;87
2026-05-09 08:34:00;P+R Kurdwanów;142
2026-05-09 09:08:31;P+R Górka Narodowa;397
2026-05-09 09:08:31;P+R Pachońskiego;81
2026-05-09 09:08:31;P+R Krowodrza Górka;65
2026-05-09 09:08:31;P+R Czerwone Maki;146
2026-05-09 09:08:31;P+R Mały Płaszów;146
2026-05-09 09:08:31;P+R Nowy Bieżanów;85
2026-05-09 09:08:31;P+R Kurdwanów;140
2026-05-09 09:34:10;P+R Górka Narodowa;395
2026-05-09 09:34:10;P+R Pachońskiego;78
2026-05-09 09:34:10;P+R Krowodrza Górka;57
2026-05-09 09:34:10;P+R Czerwone Maki;138
2026-05-09 09:34:10;P+R Mały Płaszów;146
2026-05-09 09:34:10;P+R Nowy Bieżanów;82
2026-05-09 09:34:10;P+R Kurdwanów;138
2026-05-09 10:08:28;P+R Górka Narodowa;392
2026-05-09 10:08:28;P+R Pachońskiego;74
2026-05-09 10:08:28;P+R Krowodrza Górka;56
2026-05-09 10:08:28;P+R Czerwone Maki;136
2026-05-09 10:08:28;P+R Mały Płaszów;144
2026-05-09 10:08:28;P+R Nowy Bieżanów;79
2026-05-09 10:08:28;P+R Kurdwanów;135
2026-05-09 10:34:01;P+R Górka Narodowa;390
2026-05-09 10:34:01;P+R Pachońskiego;74
2026-05-09 10:34:01;P+R Krowodrza Górka;52
2026-05-09 10:34:01;P+R Czerwone Maki;133
2026-05-09 10:34:01;P+R Mały Płaszów;141
2026-05-09 10:34:01;P+R Nowy Bieżanów;74
2026-05-09 10:34:01;P+R Kurdwanów;131
2026-05-09 11:08:32;P+R Górka Narodowa;390
2026-05-09 11:08:32;P+R Pachońskiego;72
2026-05-09 11:08:32;P+R Krowodrza Górka;48
2026-05-09 11:08:32;P+R Czerwone Maki;133
2026-05-09 11:08:32;P+R Mały Płaszów;140
2026-05-09 11:08:32;P+R Nowy Bieżanów;72
2026-05-09 11:08:32;P+R Kurdwanów;129
2026-05-09 11:34:09;P+R Górka Narodowa;388
2026-05-09 11:34:09;P+R Pachońskiego;70
2026-05-09 11:34:09;P+R Krowodrza Górka;47
2026-05-09 11:34:09;P+R Czerwone Maki;129
2026-05-09 11:34:09;P+R Mały Płaszów;139
2026-05-09 11:34:09;P+R Nowy Bieżanów;69
2026-05-09 11:34:09;P+R Kurdwanów;131
2026-05-09 12:08:24;P+R Górka Narodowa;384
2026-05-09 12:08:24;P+R Pachońskiego;71
2026-05-09 12:08:24;P+R Krowodrza Górka;49
2026-05-09 12:08:24;P+R Czerwone Maki;129
2026-05-09 12:08:24;P+R Mały Płaszów;138
2026-05-09 12:08:24;P+R Nowy Bieżanów;70
2026-05-09 12:08:24;P+R Kurdwanów;126
2026-05-09 12:34:06;P+R Górka Narodowa;383
2026-05-09 12:34:06;P+R Pachońskiego;71
2026-05-09 12:34:06;P+R Krowodrza Górka;50
2026-05-09 12:34:06;P+R Czerwone Maki;129
2026-05-09 12:34:06;P+R Mały Płaszów;139
2026-05-09 12:34:06;P+R Nowy Bieżanów;69
2026-05-09 12:34:06;P+R Kurdwanów;124
2026-05-09 13:08:27;P+R Górka Narodowa;388
2026-05-09 13:08:27;P+R Pachońskiego;71
2026-05-09 13:08:27;P+R Krowodrza Górka;54
2026-05-09 13:08:27;P+R Czerwone Maki;128
2026-05-09 13:08:27;P+R Mały Płaszów;139
2026-05-09 13:08:27;P+R Nowy Bieżanów;70
2026-05-09 13:08:27;P+R Kurdwanów;125
2026-05-09 13:33:59;P+R Górka Narodowa;388
2026-05-09 13:33:59;P+R Pachońskiego;70
2026-05-09 13:33:59;P+R Krowodrza Górka;56
2026-05-09 13:33:59;P+R Czerwone Maki;127
2026-05-09 13:33:59;P+R Mały Płaszów;139
2026-05-09 13:33:59;P+R Nowy Bieżanów;73
2026-05-09 13:33:59;P+R Kurdwanów;126
2026-05-09 14:08:31;P+R Górka Narodowa;389
2026-05-09 14:08:31;P+R Pachońskiego;67
2026-05-09 14:08:31;P+R Krowodrza Górka;54
2026-05-09 14:08:31;P+R Czerwone Maki;129
2026-05-09 14:08:31;P+R Mały Płaszów;137
2026-05-09 14:08:31;P+R Nowy Bieżanów;73
2026-05-09 14:08:31;P+R Kurdwanów;127
2026-05-09 14:33:59;P+R Górka Narodowa;387
2026-05-09 14:33:59;P+R Pachońskiego;67
2026-05-09 14:33:59;P+R Krowodrza Górka;53
2026-05-09 14:33:59;P+R Czerwone Maki;126
2026-05-09 14:33:59;P+R Mały Płaszów;134
2026-05-09 14:33:59;P+R Nowy Bieżanów;73
2026-05-09 14:33:59;P+R Kurdwanów;125
2026-05-09 15:08:25;P+R Górka Narodowa;390
2026-05-09 15:08:25;P+R Pachońskiego;65
2026-05-09 15:08:25;P+R Krowodrza Górka;56
2026-05-09 15:08:25;P+R Czerwone Maki;133
2026-05-09 15:08:25;P+R Mały Płaszów;132
2026-05-09 15:08:25;P+R Nowy Bieżanów;73
2026-05-09 15:08:25;P+R Kurdwanów;126
2026-05-09 15:34:08;P+R Górka Narodowa;392
2026-05-09 15:34:08;P+R Pachońskiego;66
2026-05-09 15:34:08;P+R Krowodrza Górka;57
2026-05-09 15:34:08;P+R Czerwone Maki;132
2026-05-09 15:34:08;P+R Mały Płaszów;131
2026-05-09 15:34:08;P+R Nowy Bieżanów;76
2026-05-09 15:34:08;P+R Kurdwanów;130
2026-05-09 16:08:28;P+R Górka Narodowa;392
2026-05-09 16:08:28;P+R Pachońskiego;68
2026-05-09 16:08:28;P+R Krowodrza Górka;56
2026-05-09 16:08:28;P+R Czerwone Maki;140
2026-05-09 16:08:28;P+R Mały Płaszów;130
2026-05-09 16:08:28;P+R Nowy Bieżanów;78
2026-05-09 16:08:28;P+R Kurdwanów;132
2026-05-09 16:34:01;P+R Górka Narodowa;397
2026-05-09 16:34:01;P+R Pachońskiego;69
2026-05-09 16:34:01;P+R Krowodrza Górka;54
2026-05-09 16:34:01;P+R Czerwone Maki;140
2026-05-09 16:34:01;P+R Mały Płaszów;133
2026-05-09 16:34:01;P+R Nowy Bieżanów;79
2026-05-09 16:34:01;P+R Kurdwanów;133
2026-05-09 17:08:23;P+R Górka Narodowa;395
2026-05-09 17:08:23;P+R Pachońskiego;73
2026-05-09 17:08:23;P+R Krowodrza Górka;58
2026-05-09 17:08:23;P+R Czerwone Maki;144
2026-05-09 17:08:23;P+R Mały Płaszów;134
2026-05-09 17:08:23;P+R Nowy Bieżanów;82
2026-05-09 17:08:23;P+R Kurdwanów;137
2026-05-09 17:34:04;P+R Górka Narodowa;398
2026-05-09 17:34:04;P+R Pachońskiego;74
2026-05-09 17:34:04;P+R Krowodrza Górka;60
2026-05-09 17:34:04;P+R Czerwone Maki;147
2026-05-09 17:34:04;P+R Mały Płaszów;134
2026-05-09 17:34:04;P+R Nowy Bieżanów;84
2026-05-09 17:34:04;P+R Kurdwanów;137
2026-05-09 18:08:22;P+R Górka Narodowa;397
2026-05-09 18:08:22;P+R Pachońskiego;73
2026-05-09 18:08:22;P+R Krowodrza Górka;64
2026-05-09 18:08:22;P+R Czerwone Maki;146
2026-05-09 18:08:22;P+R Mały Płaszów;135
2026-05-09 18:08:22;P+R Nowy Bieżanów;85
2026-05-09 18:08:22;P+R Kurdwanów;137
2026-05-09 18:34:06;P+R Górka Narodowa;400
2026-05-09 18:34:06;P+R Pachońskiego;73
2026-05-09 18:34:06;P+R Krowodrza Górka;65
2026-05-09 18:34:06;P+R Czerwone Maki;149
2026-05-09 18:34:06;P+R Mały Płaszów;133
2026-05-09 18:34:06;P+R Nowy Bieżanów;85
2026-05-09 18:34:06;P+R Kurdwanów;135
2026-05-09 19:08:27;P+R Górka Narodowa;404
2026-05-09 19:08:27;P+R Pachońskiego;75
2026-05-09 19:08:27;P+R Krowodrza Górka;66
2026-05-09 19:08:27;P+R Czerwone Maki;152
2026-05-09 19:08:27;P+R Mały Płaszów;135
2026-05-09 19:08:27;P+R Nowy Bieżanów;88
2026-05-09 19:08:27;P+R Kurdwanów;137
2026-05-09 19:33:59;P+R Górka Narodowa;409
2026-05-09 19:33:59;P+R Pachońskiego;77
2026-05-09 19:33:59;P+R Krowodrza Górka;67
2026-05-09 19:33:59;P+R Czerwone Maki;155
2026-05-09 19:33:59;P+R Mały Płaszów;135
2026-05-09 19:33:59;P+R Nowy Bieżanów;89
2026-05-09 19:33:59;P+R Kurdwanów;138
2026-05-09 20:08:30;P+R Górka Narodowa;415
2026-05-09 20:08:30;P+R Pachońskiego;76
2026-05-09 20:08:30;P+R Krowodrza Górka;69
2026-05-09 20:08:30;P+R Czerwone Maki;155
2026-05-09 20:08:30;P+R Mały Płaszów;137
2026-05-09 20:08:30;P+R Nowy Bieżanów;90
2026-05-09 20:08:30;P+R Kurdwanów;138
2026-05-09 20:33:57;P+R Górka Narodowa;417
2026-05-09 20:33:57;P+R Pachońskiego;79
2026-05-09 20:33:57;P+R Krowodrza Górka;71
2026-05-09 20:33:57;P+R Czerwone Maki;159
2026-05-09 20:33:57;P+R Mały Płaszów;139
2026-05-09 20:33:57;P+R Nowy Bieżanów;90
2026-05-09 20:33:57;P+R Kurdwanów;138
2026-05-09 21:08:31;P+R Górka Narodowa;420
2026-05-09 21:08:31;P+R Pachońskiego;81
2026-05-09 21:08:31;P+R Krowodrza Górka;72
2026-05-09 21:08:31;P+R Czerwone Maki;162
2026-05-09 21:08:31;P+R Mały Płaszów;141
2026-05-09 21:08:31;P+R Nowy Bieżanów;92
2026-05-09 21:08:31;P+R Kurdwanów;139
2026-05-09 21:34:04;P+R Górka Narodowa;411
2026-05-09 21:34:04;P+R Pachońskiego;82
2026-05-09 21:34:04;P+R Krowodrza Górka;75
2026-05-09 21:34:04;P+R Czerwone Maki;164
2026-05-09 21:34:04;P+R Mały Płaszów;143
2026-05-09 21:34:04;P+R Nowy Bieżanów;92
2026-05-09 21:34:04;P+R Kurdwanów;140
2026-05-09 22:08:29;P+R Górka Narodowa;420
2026-05-09 22:08:29;P+R Pachońskiego;83
2026-05-09 22:08:29;P+R Krowodrza Górka;76
2026-05-09 22:08:29;P+R Czerwone Maki;167
2026-05-09 22:08:29;P+R Mały Płaszów;144
2026-05-09 22:08:29;P+R Nowy Bieżanów;96
2026-05-09 22:08:29;P+R Kurdwanów;141
2026-05-09 22:34:05;P+R Górka Narodowa;427
2026-05-09 22:34:05;P+R Pachońskiego;83
2026-05-09 22:34:05;P+R Krowodrza Górka;84
2026-05-09 22:34:05;P+R Czerwone Maki;169
2026-05-09 22:34:05;P+R Mały Płaszów;145
2026-05-09 22:34:05;P+R Nowy Bieżanów;98
2026-05-09 22:34:05;P+R Kurdwanów;149
2026-05-09 23:08:32;P+R Górka Narodowa;428
2026-05-09 23:08:32;P+R Pachońskiego;84
2026-05-09 23:08:32;P+R Krowodrza Górka;90
2026-05-09 23:08:32;P+R Czerwone Maki;172
2026-05-09 23:08:32;P+R Mały Płaszów;147
2026-05-09 23:08:32;P+R Nowy Bieżanów;100
2026-05-09 23:08:32;P+R Kurdwanów;150
2026-05-09 23:33:57;P+R Górka Narodowa;429
2026-05-09 23:33:57;P+R Pachońskiego;85
2026-05-09 23:33:57;P+R Krowodrza Górka;93
2026-05-09 23:33:57;P+R Czerwone Maki;178
2026-05-09 23:33:57;P+R Mały Płaszów;150
2026-05-09 23:33:57;P+R Nowy Bieżanów;100
2026-05-09 23:33:57;P+R Kurdwanów;153
2026-05-10 00:08:26;P+R Górka Narodowa;431
2026-05-10 00:08:26;P+R Pachońskiego;86
2026-05-10 00:08:26;P+R Krowodrza Górka;93
2026-05-10 00:08:26;P+R Czerwone Maki;181
2026-05-10 00:08:26;P+R Mały Płaszów;152
2026-05-10 00:08:26;P+R Nowy Bieżanów;100
2026-05-10 00:08:26;P+R Kurdwanów;155
2026-05-10 00:33:58;P+R Górka Narodowa;436
2026-05-10 00:33:58;P+R Pachońskiego;87
2026-05-10 00:33:58;P+R Krowodrza Górka;97
2026-05-10 00:33:58;P+R Czerwone Maki;182
2026-05-10 00:33:58;P+R Mały Płaszów;153
2026-05-10 00:33:58;P+R Nowy Bieżanów;100
2026-05-10 00:33:58;P+R Kurdwanów;156
2026-05-10 01:08:25;P+R Górka Narodowa;436
2026-05-10 01:08:25;P+R Pachońskiego;87
2026-05-10 01:08:25;P+R Krowodrza Górka;97
2026-05-10 01:08:25;P+R Czerwone Maki;182
2026-05-10 01:08:25;P+R Mały Płaszów;153
2026-05-10 01:08:25;P+R Nowy Bieżanów;100
2026-05-10 01:08:25;P+R Kurdwanów;156
2026-05-10 01:33:59;P+R Górka Narodowa;436
2026-05-10 01:33:59;P+R Pachońskiego;87
2026-05-10 01:33:59;P+R Krowodrza Górka;97
2026-05-10 01:33:59;P+R Czerwone Maki;183
2026-05-10 01:33:59;P+R Mały Płaszów;153
2026-05-10 01:33:59;P+R Nowy Bieżanów;100
2026-05-10 01:33:59;P+R Kurdwanów;156
2026-05-10 02:08:37;P+R Górka Narodowa;436
2026-05-10 02:08:37;P+R Pachońskiego;87
2026-05-10 02:08:37;P+R Krowodrza Górka;97
2026-05-10 02:08:37;P+R Czerwone Maki;183
2026-05-10 02:08:37;P+R Mały Płaszów;153
2026-05-10 02:08:37;P+R Nowy Bieżanów;100
2026-05-10 02:08:37;P+R Kurdwanów;156
2026-05-10 02:34:01;P+R Górka Narodowa;436
2026-05-10 02:34:01;P+R Pachońskiego;87
2026-05-10 02:34:01;P+R Krowodrza Górka;97
2026-05-10 02:34:01;P+R Czerwone Maki;183
2026-05-10 02:34:01;P+R Mały Płaszów;153
2026-05-10 02:34:01;P+R Nowy Bieżanów;100
2026-05-10 02:34:01;P+R Kurdwanów;156
2026-05-10 03:08:46;P+R Górka Narodowa;436
2026-05-10 03:08:46;P+R Pachońskiego;87
2026-05-10 03:08:46;P+R Krowodrza Górka;97
2026-05-10 03:08:46;P+R Czerwone Maki;183
2026-05-10 03:08:46;P+R Mały Płaszów;153
2026-05-10 03:08:46;P+R Nowy Bieżanów;100
2026-05-10 03:08:46;P+R Kurdwanów;156
2026-05-10 03:34:07;P+R Górka Narodowa;436
2026-05-10 03:34:07;P+R Pachońskiego;87
2026-05-10 03:34:07;P+R Krowodrza Górka;97
2026-05-10 03:34:07;P+R Czerwone Maki;183
2026-05-10 03:34:07;P+R Mały Płaszów;153
2026-05-10 03:34:07;P+R Nowy Bieżanów;100
2026-05-10 03:34:07;P+R Kurdwanów;156
2026-05-10 04:08:31;P+R Górka Narodowa;436
2026-05-10 04:08:31;P+R Pachońskiego;87
2026-05-10 04:08:31;P+R Krowodrza Górka;97
2026-05-10 04:08:31;P+R Czerwone Maki;183
2026-05-10 04:08:31;P+R Mały Płaszów;153
2026-05-10 04:08:31;P+R Nowy Bieżanów;100
2026-05-10 04:08:31;P+R Kurdwanów;156
2026-05-10 04:33:56;P+R Górka Narodowa;436
2026-05-10 04:33:56;P+R Pachońskiego;87
2026-05-10 04:33:56;P+R Krowodrza Górka;97
2026-05-10 04:33:56;P+R Czerwone Maki;183
2026-05-10 04:33:56;P+R Mały Płaszów;153
2026-05-10 04:33:56;P+R Nowy Bieżanów;100
2026-05-10 04:33:56;P+R Kurdwanów;156
2026-05-10 05:08:27;P+R Górka Narodowa;436
2026-05-10 05:08:27;P+R Pachońskiego;87
2026-05-10 05:08:27;P+R Krowodrza Górka;94
2026-05-10 05:08:27;P+R Czerwone Maki;182
2026-05-10 05:08:27;P+R Mały Płaszów;153
2026-05-10 05:08:27;P+R Nowy Bieżanów;100
2026-05-10 05:08:27;P+R Kurdwanów;156
2026-05-10 06:08:25;P+R Górka Narodowa;436
2026-05-10 06:08:25;P+R Pachońskiego;86
2026-05-10 06:08:25;P+R Krowodrza Górka;92
2026-05-10 06:08:25;P+R Czerwone Maki;182
2026-05-10 06:08:25;P+R Mały Płaszów;153
2026-05-10 06:08:25;P+R Nowy Bieżanów;100
2026-05-10 06:08:25;P+R Kurdwanów;155
2026-05-10 06:34:09;P+R Górka Narodowa;435
2026-05-10 06:34:09;P+R Pachońskiego;86
2026-05-10 06:34:09;P+R Krowodrza Górka;91
2026-05-10 06:34:09;P+R Czerwone Maki;182
2026-05-10 06:34:09;P+R Mały Płaszów;153
2026-05-10 06:34:09;P+R Nowy Bieżanów;100
2026-05-10 06:34:09;P+R Kurdwanów;155
2026-05-10 07:08:34;P+R Górka Narodowa;433
2026-05-10 07:08:34;P+R Pachońskiego;84
2026-05-10 07:08:34;P+R Krowodrza Górka;88
2026-05-10 07:08:34;P+R Czerwone Maki;181
2026-05-10 07:08:34;P+R Mały Płaszów;151
2026-05-10 07:08:34;P+R Nowy Bieżanów;99
2026-05-10 07:08:34;P+R Kurdwanów;155
2026-05-10 07:34:04;P+R Górka Narodowa;432
2026-05-10 07:34:04;P+R Pachońskiego;84
2026-05-10 07:34:04;P+R Krowodrza Górka;85
2026-05-10 07:34:04;P+R Czerwone Maki;180
2026-05-10 07:34:04;P+R Mały Płaszów;151
2026-05-10 07:34:04;P+R Nowy Bieżanów;98
2026-05-10 07:34:04;P+R Kurdwanów;154
2026-05-10 08:08:27;P+R Górka Narodowa;431
2026-05-10 08:08:27;P+R Pachońskiego;84
2026-05-10 08:08:27;P+R Krowodrza Górka;83
2026-05-10 08:08:27;P+R Czerwone Maki;174
2026-05-10 08:08:27;P+R Mały Płaszów;149
2026-05-10 08:08:27;P+R Nowy Bieżanów;95
2026-05-10 08:08:27;P+R Kurdwanów;153
2026-05-10 08:35:12;P+R Górka Narodowa;424
2026-05-10 08:35:12;P+R Pachońskiego;80
2026-05-10 08:35:12;P+R Krowodrza Górka;78
2026-05-10 08:35:12;P+R Czerwone Maki;170
2026-05-10 08:35:12;P+R Mały Płaszów;148
2026-05-10 08:35:12;P+R Nowy Bieżanów;95
2026-05-10 08:35:12;P+R Kurdwanów;153
2026-05-10 09:08:35;P+R Górka Narodowa;420
2026-05-10 09:08:35;P+R Pachońskiego;78
2026-05-10 09:08:35;P+R Krowodrza Górka;70
2026-05-10 09:08:35;P+R Czerwone Maki;167
2026-05-10 09:08:35;P+R Mały Płaszów;147
2026-05-10 09:08:35;P+R Nowy Bieżanów;92
2026-05-10 09:08:35;P+R Kurdwanów;153
2026-05-10 09:34:01;P+R Górka Narodowa;418
2026-05-10 09:34:01;P+R Pachońskiego;76
2026-05-10 09:34:01;P+R Krowodrza Górka;66
2026-05-10 09:34:01;P+R Czerwone Maki;160
2026-05-10 09:34:01;P+R Mały Płaszów;147
2026-05-10 09:34:01;P+R Nowy Bieżanów;90
2026-05-10 09:34:01;P+R Kurdwanów;152
2026-05-10 10:08:27;P+R Górka Narodowa;414
2026-05-10 10:08:27;P+R Pachońskiego;75
2026-05-10 10:08:27;P+R Krowodrza Górka;60
2026-05-10 10:08:27;P+R Czerwone Maki;155
2026-05-10 10:08:27;P+R Mały Płaszów;146
2026-05-10 10:08:27;P+R Nowy Bieżanów;89
2026-05-10 10:08:27;P+R Kurdwanów;151
2026-05-10 10:33:54;P+R Górka Narodowa;414
2026-05-10 10:33:54;P+R Pachońskiego;72
2026-05-10 10:33:54;P+R Krowodrza Górka;55
2026-05-10 10:33:54;P+R Czerwone Maki;153
2026-05-10 10:33:54;P+R Mały Płaszów;144
2026-05-10 10:33:54;P+R Nowy Bieżanów;89
2026-05-10 10:33:54;P+R Kurdwanów;149
2026-05-10 11:08:27;P+R Górka Narodowa;409
2026-05-10 11:08:27;P+R Pachońskiego;70
2026-05-10 11:08:27;P+R Krowodrza Górka;55
2026-05-10 11:08:27;P+R Czerwone Maki;152
2026-05-10 11:08:27;P+R Mały Płaszów;143
2026-05-10 11:08:27;P+R Nowy Bieżanów;88
2026-05-10 11:08:27;P+R Kurdwanów;146
2026-05-10 11:33:58;P+R Górka Narodowa;405
2026-05-10 11:33:58;P+R Pachońskiego;70
2026-05-10 11:33:58;P+R Krowodrza Górka;54
2026-05-10 11:33:58;P+R Czerwone Maki;152
2026-05-10 11:33:58;P+R Mały Płaszów;141
2026-05-10 11:33:58;P+R Nowy Bieżanów;87
2026-05-10 11:33:58;P+R Kurdwanów;146
2026-05-10 12:08:31;P+R Górka Narodowa;402
2026-05-10 12:08:31;P+R Pachońskiego;71
2026-05-10 12:08:31;P+R Krowodrza Górka;54
2026-05-10 12:08:31;P+R Czerwone Maki;147
2026-05-10 12:08:31;P+R Mały Płaszów;139
2026-05-10 12:08:31;P+R Nowy Bieżanów;87
2026-05-10 12:08:31;P+R Kurdwanów;145
2026-05-10 12:34:07;P+R Górka Narodowa;400
2026-05-10 12:34:07;P+R Pachońskiego;72
2026-05-10 12:34:07;P+R Krowodrza Górka;48
2026-05-10 12:34:07;P+R Czerwone Maki;144
2026-05-10 12:34:07;P+R Mały Płaszów;139
2026-05-10 12:34:07;P+R Nowy Bieżanów;87
2026-05-10 12:34:07;P+R Kurdwanów;145
2026-05-10 13:08:28;P+R Górka Narodowa;404
2026-05-10 13:08:28;P+R Pachońskiego;73
2026-05-10 13:08:28;P+R Krowodrza Górka;50
2026-05-10 13:08:28;P+R Czerwone Maki;142
2026-05-10 13:08:28;P+R Mały Płaszów;141
2026-05-10 13:08:28;P+R Nowy Bieżanów;86
2026-05-10 13:08:28;P+R Kurdwanów;145
2026-05-10 13:34:04;P+R Górka Narodowa;402
2026-05-10 13:34:04;P+R Pachońskiego;73
2026-05-10 13:34:04;P+R Krowodrza Górka;50
2026-05-10 13:34:04;P+R Czerwone Maki;141
2026-05-10 13:34:04;P+R Mały Płaszów;141
2026-05-10 13:34:04;P+R Nowy Bieżanów;88
2026-05-10 13:34:04;P+R Kurdwanów;146
2026-05-10 14:08:27;P+R Górka Narodowa;404
2026-05-10 14:08:27;P+R Pachońskiego;73
2026-05-10 14:08:27;P+R Krowodrza Górka;51
2026-05-10 14:08:27;P+R Czerwone Maki;142
2026-05-10 14:08:27;P+R Mały Płaszów;140
2026-05-10 14:08:27;P+R Nowy Bieżanów;87
2026-05-10 14:08:27;P+R Kurdwanów;147
2026-05-10 14:34:04;P+R Górka Narodowa;406
2026-05-10 14:34:04;P+R Pachońskiego;75
2026-05-10 14:34:04;P+R Krowodrza Górka;48
2026-05-10 14:34:04;P+R Czerwone Maki;142
2026-05-10 14:34:04;P+R Mały Płaszów;142
2026-05-10 14:34:04;P+R Nowy Bieżanów;88
2026-05-10 14:34:04;P+R Kurdwanów;148
2026-05-10 15:08:26;P+R Górka Narodowa;406
2026-05-10 15:08:26;P+R Pachońskiego;74
2026-05-10 15:08:26;P+R Krowodrza Górka;51
2026-05-10 15:08:26;P+R Czerwone Maki;137
2026-05-10 15:08:26;P+R Mały Płaszów;144
2026-05-10 15:08:26;P+R Nowy Bieżanów;87
2026-05-10 15:08:26;P+R Kurdwanów;147
2026-05-10 15:33:58;P+R Górka Narodowa;408
2026-05-10 15:33:58;P+R Pachońskiego;75
2026-05-10 15:33:58;P+R Krowodrza Górka;52
2026-05-10 15:33:58;P+R Czerwone Maki;138
2026-05-10 15:33:58;P+R Mały Płaszów;144
2026-05-10 15:33:58;P+R Nowy Bieżanów;90
2026-05-10 15:33:58;P+R Kurdwanów;148
2026-05-10 16:08:30;P+R Górka Narodowa;410
2026-05-10 16:08:30;P+R Pachońskiego;75
2026-05-10 16:08:30;P+R Krowodrza Górka;53
2026-05-10 16:08:30;P+R Czerwone Maki;139
2026-05-10 16:08:30;P+R Mały Płaszów;143
2026-05-10 16:08:30;P+R Nowy Bieżanów;88
2026-05-10 16:08:30;P+R Kurdwanów;149
2026-05-10 16:34:00;P+R Górka Narodowa;416
2026-05-10 16:34:00;P+R Pachońskiego;75
2026-05-10 16:34:00;P+R Krowodrza Górka;54
2026-05-10 16:34:00;P+R Czerwone Maki;140
2026-05-10 16:34:00;P+R Mały Płaszów;140
2026-05-10 16:34:00;P+R Nowy Bieżanów;87
2026-05-10 16:34:00;P+R Kurdwanów;151
2026-05-10 17:08:33;P+R Górka Narodowa;413
2026-05-10 17:08:33;P+R Pachońskiego;77
2026-05-10 17:08:33;P+R Krowodrza Górka;58
2026-05-10 17:08:33;P+R Czerwone Maki;144
2026-05-10 17:08:33;P+R Mały Płaszów;139
2026-05-10 17:08:33;P+R Nowy Bieżanów;87
2026-05-10 17:08:33;P+R Kurdwanów;151
2026-05-10 17:33:59;P+R Górka Narodowa;411
2026-05-10 17:33:59;P+R Pachońskiego;74
2026-05-10 17:33:59;P+R Krowodrza Górka;59
2026-05-10 17:33:59;P+R Czerwone Maki;146
2026-05-10 17:33:59;P+R Mały Płaszów;140
2026-05-10 17:33:59;P+R Nowy Bieżanów;88
2026-05-10 17:33:59;P+R Kurdwanów;150
2026-05-10 18:08:31;P+R Górka Narodowa;409
2026-05-10 18:08:31;P+R Pachońskiego;73
2026-05-10 18:08:31;P+R Krowodrza Górka;58
2026-05-10 18:08:31;P+R Czerwone Maki;153
2026-05-10 18:08:31;P+R Mały Płaszów;138
2026-05-10 18:08:31;P+R Nowy Bieżanów;88
2026-05-10 18:08:31;P+R Kurdwanów;151
2026-05-10 18:34:09;P+R Górka Narodowa;410
2026-05-10 18:34:09;P+R Pachońskiego;74
2026-05-10 18:34:09;P+R Krowodrza Górka;62
2026-05-10 18:34:09;P+R Czerwone Maki;154
2026-05-10 18:34:09;P+R Mały Płaszów;139
2026-05-10 18:34:09;P+R Nowy Bieżanów;88
2026-05-10 18:34:09;P+R Kurdwanów;151
2026-05-10 19:08:28;P+R Górka Narodowa;411
2026-05-10 19:08:28;P+R Pachońskiego;74
2026-05-10 19:08:28;P+R Krowodrza Górka;67
2026-05-10 19:08:28;P+R Czerwone Maki;157
2026-05-10 19:08:28;P+R Mały Płaszów;141
2026-05-10 19:08:28;P+R Nowy Bieżanów;94
2026-05-10 19:08:28;P+R Kurdwanów;152
2026-05-10 19:33:55;P+R Górka Narodowa;410
2026-05-10 19:33:55;P+R Pachońskiego;74
2026-05-10 19:33:55;P+R Krowodrza Górka;70
2026-05-10 19:33:55;P+R Czerwone Maki;160
2026-05-10 19:33:55;P+R Mały Płaszów;144
2026-05-10 19:33:55;P+R Nowy Bieżanów;95
2026-05-10 19:33:55;P+R Kurdwanów;153
2026-05-10 20:08:34;P+R Górka Narodowa;416
2026-05-10 20:08:34;P+R Pachońskiego;75
2026-05-10 20:08:34;P+R Krowodrza Górka;70
2026-05-10 20:08:34;P+R Czerwone Maki;165
2026-05-10 20:08:34;P+R Mały Płaszów;146
2026-05-10 20:08:34;P+R Nowy Bieżanów;98
2026-05-10 20:08:34;P+R Kurdwanów;153
2026-05-10 20:34:02;P+R Górka Narodowa;419
2026-05-10 20:34:02;P+R Pachońskiego;77
2026-05-10 20:34:02;P+R Krowodrza Górka;79
2026-05-10 20:34:02;P+R Czerwone Maki;167
2026-05-10 20:34:02;P+R Mały Płaszów;147
2026-05-10 20:34:02;P+R Nowy Bieżanów;98
2026-05-10 20:34:02;P+R Kurdwanów;154
2026-05-10 21:08:24;P+R Górka Narodowa;425
2026-05-10 21:08:24;P+R Pachońskiego;82
2026-05-10 21:08:24;P+R Krowodrza Górka;86
2026-05-10 21:08:24;P+R Czerwone Maki;168
2026-05-10 21:08:24;P+R Mały Płaszów;148
2026-05-10 21:08:24;P+R Nowy Bieżanów;98
2026-05-10 21:08:24;P+R Kurdwanów;154
2026-05-10 21:33:56;P+R Górka Narodowa;426
2026-05-10 21:33:56;P+R Pachońskiego;82
2026-05-10 21:33:56;P+R Krowodrza Górka;89
2026-05-10 21:33:56;P+R Czerwone Maki;169
2026-05-10 21:33:56;P+R Mały Płaszów;150
2026-05-10 21:33:56;P+R Nowy Bieżanów;98
2026-05-10 21:33:56;P+R Kurdwanów;154
2026-05-10 22:08:31;P+R Górka Narodowa;431
2026-05-10 22:08:31;P+R Pachońskiego;84
2026-05-10 22:08:31;P+R Krowodrza Górka;90
2026-05-10 22:08:31;P+R Czerwone Maki;170
2026-05-10 22:08:31;P+R Mały Płaszów;151
2026-05-10 22:08:31;P+R Nowy Bieżanów;99
2026-05-10 22:08:31;P+R Kurdwanów;155
2026-05-10 22:33:59;P+R Górka Narodowa;432
2026-05-10 22:33:59;P+R Pachońskiego;87
2026-05-10 22:33:59;P+R Krowodrza Górka;92
2026-05-10 22:33:59;P+R Czerwone Maki;173
2026-05-10 22:33:59;P+R Mały Płaszów;152
2026-05-10 22:33:59;P+R Nowy Bieżanów;99
2026-05-10 22:33:59;P+R Kurdwanów;155
2026-05-10 23:08:26;P+R Górka Narodowa;433
2026-05-10 23:08:26;P+R Pachońskiego;88
2026-05-10 23:08:26;P+R Krowodrza Górka;95
2026-05-10 23:08:26;P+R Czerwone Maki;177
2026-05-10 23:08:26;P+R Mały Płaszów;154
2026-05-10 23:08:26;P+R Nowy Bieżanów;100
2026-05-10 23:08:26;P+R Kurdwanów;156
2026-05-10 23:34:02;P+R Górka Narodowa;436
2026-05-10 23:34:02;P+R Pachońskiego;88
2026-05-10 23:34:02;P+R Krowodrza Górka;96
2026-05-10 23:34:02;P+R Czerwone Maki;179
2026-05-10 23:34:02;P+R Mały Płaszów;154
2026-05-10 23:34:02;P+R Nowy Bieżanów;100
2026-05-10 23:34:02;P+R Kurdwanów;156
2026-05-11 00:08:28;P+R Górka Narodowa;436
2026-05-11 00:08:28;P+R Pachońskiego;88
2026-05-11 00:08:28;P+R Krowodrza Górka;96
2026-05-11 00:08:28;P+R Czerwone Maki;181
2026-05-11 00:08:28;P+R Mały Płaszów;154
2026-05-11 00:08:28;P+R Nowy Bieżanów;100
2026-05-11 00:08:28;P+R Kurdwanów;156
2026-05-11 00:34:02;P+R Górka Narodowa;436
2026-05-11 00:34:02;P+R Pachońskiego;88
2026-05-11 00:34:02;P+R Krowodrza Górka;96
2026-05-11 00:34:02;P+R Czerwone Maki;181
2026-05-11 00:34:02;P+R Mały Płaszów;154
2026-05-11 00:34:02;P+R Nowy Bieżanów;100
2026-05-11 00:34:02;P+R Kurdwanów;156
2026-05-11 01:08:36;P+R Górka Narodowa;436
2026-05-11 01:08:36;P+R Pachońskiego;88
2026-05-11 01:08:36;P+R Krowodrza Górka;96
2026-05-11 01:08:36;P+R Czerwone Maki;181
2026-05-11 01:08:36;P+R Mały Płaszów;154
2026-05-11 01:08:36;P+R Nowy Bieżanów;100
2026-05-11 01:08:36;P+R Kurdwanów;156
2026-05-11 01:33:58;P+R Górka Narodowa;436
2026-05-11 01:33:58;P+R Pachońskiego;88
2026-05-11 01:33:58;P+R Krowodrza Górka;96
2026-05-11 01:33:58;P+R Czerwone Maki;182
2026-05-11 01:33:58;P+R Mały Płaszów;154
2026-05-11 01:33:58;P+R Nowy Bieżanów;100
2026-05-11 01:33:58;P+R Kurdwanów;156
2026-05-11 02:08:30;P+R Górka Narodowa;436
2026-05-11 02:08:30;P+R Pachońskiego;88
2026-05-11 02:08:30;P+R Krowodrza Górka;96
2026-05-11 02:08:30;P+R Czerwone Maki;182
2026-05-11 02:08:30;P+R Mały Płaszów;154
2026-05-11 02:08:30;P+R Nowy Bieżanów;100
2026-05-11 02:08:30;P+R Kurdwanów;156
2026-05-11 02:34:09;P+R Górka Narodowa;436
2026-05-11 02:34:09;P+R Pachońskiego;88
2026-05-11 02:34:09;P+R Krowodrza Górka;96
2026-05-11 02:34:09;P+R Czerwone Maki;182
2026-05-11 02:34:09;P+R Mały Płaszów;154
2026-05-11 02:34:09;P+R Nowy Bieżanów;100
2026-05-11 02:34:09;P+R Kurdwanów;156
2026-05-11 03:08:37;P+R Górka Narodowa;436
2026-05-11 03:08:37;P+R Pachońskiego;88
2026-05-11 03:08:37;P+R Krowodrza Górka;96
2026-05-11 03:08:37;P+R Czerwone Maki;182
2026-05-11 03:08:37;P+R Mały Płaszów;154
2026-05-11 03:08:37;P+R Nowy Bieżanów;100
2026-05-11 03:08:37;P+R Kurdwanów;156
2026-05-11 03:33:58;P+R Górka Narodowa;436
2026-05-11 03:33:58;P+R Pachońskiego;88
2026-05-11 03:33:58;P+R Krowodrza Górka;96
2026-05-11 03:33:58;P+R Czerwone Maki;182
2026-05-11 03:33:58;P+R Mały Płaszów;154
2026-05-11 03:33:58;P+R Nowy Bieżanów;100
2026-05-11 03:33:58;P+R Kurdwanów;156
2026-05-11 04:08:27;P+R Górka Narodowa;436
2026-05-11 04:08:27;P+R Pachońskiego;88
2026-05-11 04:08:27;P+R Krowodrza Górka;96
2026-05-11 04:08:27;P+R Czerwone Maki;182
2026-05-11 04:08:27;P+R Mały Płaszów;154
2026-05-11 04:08:27;P+R Nowy Bieżanów;100
2026-05-11 04:08:27;P+R Kurdwanów;156
2026-05-11 04:33:59;P+R Górka Narodowa;435
2026-05-11 04:33:59;P+R Pachońskiego;88
2026-05-11 04:33:59;P+R Krowodrza Górka;96
2026-05-11 04:33:59;P+R Czerwone Maki;181
2026-05-11 04:33:59;P+R Mały Płaszów;155
2026-05-11 04:33:59;P+R Nowy Bieżanów;100
2026-05-11 04:33:59;P+R Kurdwanów;156
2026-05-11 05:08:25;P+R Górka Narodowa;433
2026-05-11 05:08:25;P+R Pachońskiego;86
2026-05-11 05:08:25;P+R Krowodrza Górka;91
2026-05-11 05:08:25;P+R Czerwone Maki;179
2026-05-11 05:08:25;P+R Mały Płaszów;155
2026-05-11 05:08:25;P+R Nowy Bieżanów;97
2026-05-11 05:08:25;P+R Kurdwanów;154
2026-05-11 05:34:04;P+R Górka Narodowa;431
2026-05-11 05:34:04;P+R Pachońskiego;82
2026-05-11 05:34:04;P+R Krowodrza Górka;89
2026-05-11 05:34:04;P+R Czerwone Maki;170
2026-05-11 05:34:04;P+R Mały Płaszów;155
2026-05-11 05:34:04;P+R Nowy Bieżanów;92
2026-05-11 05:34:04;P+R Kurdwanów;149
2026-05-11 06:08:36;P+R Górka Narodowa;423
2026-05-11 06:08:36;P+R Pachońskiego;71
2026-05-11 06:08:36;P+R Krowodrza Górka;82
2026-05-11 06:08:36;P+R Czerwone Maki;158
2026-05-11 06:08:36;P+R Mały Płaszów;152
2026-05-11 06:08:36;P+R Nowy Bieżanów;79
2026-05-11 06:08:36;P+R Kurdwanów;139
2026-05-11 06:34:00;P+R Górka Narodowa;404
2026-05-11 06:34:00;P+R Pachońskiego;42
2026-05-11 06:34:00;P+R Krowodrza Górka;70
2026-05-11 06:34:00;P+R Czerwone Maki;150
2026-05-11 06:34:00;P+R Mały Płaszów;148
2026-05-11 06:34:00;P+R Nowy Bieżanów;65
2026-05-11 06:34:00;P+R Kurdwanów;128
2026-05-11 07:08:37;P+R Górka Narodowa;373
2026-05-11 07:08:37;P+R Pachońskiego;7
2026-05-11 07:08:37;P+R Krowodrza Górka;36
2026-05-11 07:08:37;P+R Czerwone Maki;125
2026-05-11 07:08:37;P+R Mały Płaszów;134
2026-05-11 07:08:37;P+R Nowy Bieżanów;35
2026-05-11 07:08:37;P+R Kurdwanów;109
2026-05-11 07:34:03;P+R Górka Narodowa;326
2026-05-11 07:34:03;P+R Pachońskiego;0
2026-05-11 07:34:03;P+R Krowodrza Górka;0
2026-05-11 07:34:03;P+R Czerwone Maki;104
2026-05-11 07:34:03;P+R Mały Płaszów;125
2026-05-11 07:34:03;P+R Nowy Bieżanów;13
2026-05-11 07:34:03;P+R Kurdwanów;95
2026-05-11 08:08:24;P+R Górka Narodowa;280
2026-05-11 08:08:24;P+R Pachońskiego;0
2026-05-11 08:08:24;P+R Krowodrza Górka;0
2026-05-11 08:08:24;P+R Czerwone Maki;85
2026-05-11 08:08:24;P+R Mały Płaszów;119
2026-05-11 08:08:24;P+R Nowy Bieżanów;3
2026-05-11 08:08:24;P+R Kurdwanów;83
2026-05-11 08:34:10;P+R Górka Narodowa;257
2026-05-11 08:34:10;P+R Pachońskiego;0
2026-05-11 08:34:10;P+R Krowodrza Górka;1
2026-05-11 08:34:10;P+R Czerwone Maki;63
2026-05-11 08:34:10;P+R Mały Płaszów;112
2026-05-11 08:34:10;P+R Nowy Bieżanów;0
2026-05-11 08:34:10;P+R Kurdwanów;72
2026-05-11 09:08:27;P+R Górka Narodowa;238
2026-05-11 09:08:27;P+R Pachońskiego;0
2026-05-11 09:08:27;P+R Krowodrza Górka;0
2026-05-11 09:08:27;P+R Czerwone Maki;45
2026-05-11 09:08:27;P+R Mały Płaszów;108
2026-05-11 09:08:27;P+R Nowy Bieżanów;0
2026-05-11 09:08:27;P+R Kurdwanów;67
2026-05-11 09:34:11;P+R Górka Narodowa;219
2026-05-11 09:34:11;P+R Pachońskiego;0
2026-05-11 09:34:11;P+R Krowodrza Górka;0
2026-05-11 09:34:11;P+R Czerwone Maki;38
2026-05-11 09:34:11;P+R Mały Płaszów;105
2026-05-11 09:34:11;P+R Nowy Bieżanów;0
2026-05-11 09:34:11;P+R Kurdwanów;61
2026-05-11 10:08:41;P+R Górka Narodowa;210
2026-05-11 10:08:41;P+R Pachońskiego;0
2026-05-11 10:08:41;P+R Krowodrza Górka;1
2026-05-11 10:08:41;P+R Czerwone Maki;30
2026-05-11 10:08:41;P+R Mały Płaszów;102
2026-05-11 10:08:41;P+R Nowy Bieżanów;0
2026-05-11 10:08:41;P+R Kurdwanów;51
2026-05-11 10:34:07;P+R Górka Narodowa;206
2026-05-11 10:34:07;P+R Pachońskiego;0
2026-05-11 10:34:07;P+R Krowodrza Górka;0
2026-05-11 10:34:07;P+R Czerwone Maki;33
2026-05-11 10:34:07;P+R Mały Płaszów;101
2026-05-11 10:34:07;P+R Nowy Bieżanów;0
2026-05-11 10:34:07;P+R Kurdwanów;52
2026-05-11 11:08:29;P+R Górka Narodowa;196
2026-05-11 11:08:29;P+R Pachońskiego;0
2026-05-11 11:08:29;P+R Krowodrza Górka;0
2026-05-11 11:08:29;P+R Czerwone Maki;24
2026-05-11 11:08:29;P+R Mały Płaszów;98
2026-05-11 11:08:29;P+R Nowy Bieżanów;0
2026-05-11 11:08:29;P+R Kurdwanów;49
2026-05-11 11:33:59;P+R Górka Narodowa;193
2026-05-11 11:33:59;P+R Pachońskiego;0
2026-05-11 11:33:59;P+R Krowodrza Górka;0
2026-05-11 11:33:59;P+R Czerwone Maki;25
2026-05-11 11:33:59;P+R Mały Płaszów;97
2026-05-11 11:33:59;P+R Nowy Bieżanów;0
2026-05-11 11:33:59;P+R Kurdwanów;53
2026-05-11 12:08:31;P+R Górka Narodowa;199
2026-05-11 12:08:31;P+R Pachońskiego;0
2026-05-11 12:08:31;P+R Krowodrza Górka;1
2026-05-11 12:08:31;P+R Czerwone Maki;25
2026-05-11 12:08:31;P+R Mały Płaszów;98
2026-05-11 12:08:31;P+R Nowy Bieżanów;0
2026-05-11 12:08:31;P+R Kurdwanów;53
2026-05-11 12:34:04;P+R Górka Narodowa;195
2026-05-11 12:34:04;P+R Pachońskiego;0
2026-05-11 12:34:04;P+R Krowodrza Górka;0
2026-05-11 12:34:04;P+R Czerwone Maki;24
2026-05-11 12:34:04;P+R Mały Płaszów;97
2026-05-11 12:34:04;P+R Nowy Bieżanów;0
2026-05-11 12:34:04;P+R Kurdwanów;53
2026-05-11 13:08:32;P+R Górka Narodowa;195
2026-05-11 13:08:32;P+R Pachońskiego;2
2026-05-11 13:08:32;P+R Krowodrza Górka;5
2026-05-11 13:08:32;P+R Czerwone Maki;29
2026-05-11 13:08:32;P+R Mały Płaszów;99
2026-05-11 13:08:32;P+R Nowy Bieżanów;4
2026-05-11 13:08:32;P+R Kurdwanów;53
2026-05-11 13:34:01;P+R Górka Narodowa;198
2026-05-11 13:34:01;P+R Pachońskiego;1
2026-05-11 13:34:01;P+R Krowodrza Górka;2
2026-05-11 13:34:01;P+R Czerwone Maki;33
2026-05-11 13:34:01;P+R Mały Płaszów;102
2026-05-11 13:34:01;P+R Nowy Bieżanów;3
2026-05-11 13:34:01;P+R Kurdwanów;53
2026-05-11 14:08:30;P+R Górka Narodowa;209
2026-05-11 14:08:30;P+R Pachońskiego;2
2026-05-11 14:08:30;P+R Krowodrza Górka;5
2026-05-11 14:08:30;P+R Czerwone Maki;42
2026-05-11 14:08:30;P+R Mały Płaszów;103
2026-05-11 14:08:30;P+R Nowy Bieżanów;3
2026-05-11 14:08:30;P+R Kurdwanów;51
2026-05-11 14:34:06;P+R Górka Narodowa;208
2026-05-11 14:34:06;P+R Pachońskiego;3
2026-05-11 14:34:06;P+R Krowodrza Górka;9
2026-05-11 14:34:06;P+R Czerwone Maki;45
2026-05-11 14:34:06;P+R Mały Płaszów;102
2026-05-11 14:34:06;P+R Nowy Bieżanów;7
2026-05-11 14:34:06;P+R Kurdwanów;50
2026-05-11 15:08:38;P+R Górka Narodowa;220
2026-05-11 15:08:38;P+R Pachońskiego;9
2026-05-11 15:08:38;P+R Krowodrza Górka;19
2026-05-11 15:08:38;P+R Czerwone Maki;49
2026-05-11 15:08:38;P+R Mały Płaszów;102
2026-05-11 15:08:38;P+R Nowy Bieżanów;15
2026-05-11 15:08:38;P+R Kurdwanów;59
2026-05-11 15:34:09;P+R Górka Narodowa;232
2026-05-11 15:34:09;P+R Pachońskiego;33
2026-05-11 15:34:09;P+R Krowodrza Górka;32
2026-05-11 15:34:09;P+R Czerwone Maki;58
2026-05-11 15:34:09;P+R Mały Płaszów;107
2026-05-11 15:34:09;P+R Nowy Bieżanów;21
2026-05-11 15:34:09;P+R Kurdwanów;72
2026-05-11 16:09:58;P+R Górka Narodowa;267
2026-05-11 16:09:58;P+R Pachońskiego;54
2026-05-11 16:09:58;P+R Krowodrza Górka;51
2026-05-11 16:09:58;P+R Czerwone Maki;78
2026-05-11 16:09:58;P+R Mały Płaszów;120
2026-05-11 16:09:58;P+R Nowy Bieżanów;44
2026-05-11 16:09:58;P+R Kurdwanów;85
2026-05-11 16:34:08;P+R Górka Narodowa;282
2026-05-11 16:34:08;P+R Pachońskiego;56
2026-05-11 16:34:08;P+R Krowodrza Górka;55
2026-05-11 16:34:08;P+R Czerwone Maki;91
2026-05-11 16:34:08;P+R Mały Płaszów;124
2026-05-11 16:34:08;P+R Nowy Bieżanów;58
2026-05-11 16:34:08;P+R Kurdwanów;92
2026-05-11 17:08:30;P+R Górka Narodowa;318
2026-05-11 17:08:30;P+R Pachońskiego;68
2026-05-11 17:08:30;P+R Krowodrza Górka;60
2026-05-11 17:08:30;P+R Czerwone Maki;103
2026-05-11 17:08:30;P+R Mały Płaszów;130
2026-05-11 17:08:30;P+R Nowy Bieżanów;69
2026-05-11 17:08:30;P+R Kurdwanów;103
2026-05-11 17:34:09;P+R Górka Narodowa;335
2026-05-11 17:34:09;P+R Pachońskiego;70
2026-05-11 17:34:09;P+R Krowodrza Górka;61
2026-05-11 17:34:09;P+R Czerwone Maki;111
2026-05-11 17:34:09;P+R Mały Płaszów;132
2026-05-11 17:34:09;P+R Nowy Bieżanów;73
2026-05-11 17:34:09;P+R Kurdwanów;107
2026-05-11 18:08:36;P+R Górka Narodowa;357
2026-05-11 18:08:36;P+R Pachońskiego;69
2026-05-11 18:08:36;P+R Krowodrza Górka;62
2026-05-11 18:08:36;P+R Czerwone Maki;122
2026-05-11 18:08:36;P+R Mały Płaszów;134
2026-05-11 18:08:36;P+R Nowy Bieżanów;77
2026-05-11 18:08:36;P+R Kurdwanów;122
2026-05-11 18:34:11;P+R Górka Narodowa;369
2026-05-11 18:34:11;P+R Pachońskiego;74
2026-05-11 18:34:11;P+R Krowodrza Górka;63
2026-05-11 18:34:11;P+R Czerwone Maki;134
2026-05-11 18:34:11;P+R Mały Płaszów;138
2026-05-11 18:34:11;P+R Nowy Bieżanów;79
2026-05-11 18:34:11;P+R Kurdwanów;127
2026-05-11 19:08:38;P+R Górka Narodowa;384
2026-05-11 19:08:38;P+R Pachońskiego;79
2026-05-11 19:08:38;P+R Krowodrza Górka;66
2026-05-11 19:08:38;P+R Czerwone Maki;138
2026-05-11 19:08:38;P+R Mały Płaszów;143
2026-05-11 19:08:38;P+R Nowy Bieżanów;83
2026-05-11 19:08:38;P+R Kurdwanów;131
2026-05-11 19:34:08;P+R Górka Narodowa;389
2026-05-11 19:34:08;P+R Pachońskiego;81
2026-05-11 19:34:08;P+R Krowodrza Górka;70
2026-05-11 19:34:08;P+R Czerwone Maki;143
2026-05-11 19:34:08;P+R Mały Płaszów;145
2026-05-11 19:34:08;P+R Nowy Bieżanów;86
2026-05-11 19:34:08;P+R Kurdwanów;136
2026-05-11 20:08:35;P+R Górka Narodowa;405
2026-05-11 20:08:35;P+R Pachońskiego;83
2026-05-11 20:08:35;P+R Krowodrza Górka;72
2026-05-11 20:08:35;P+R Czerwone Maki;153
2026-05-11 20:08:35;P+R Mały Płaszów;145
2026-05-11 20:08:35;P+R Nowy Bieżanów;89
2026-05-11 20:08:35;P+R Kurdwanów;142
2026-05-11 20:34:18;P+R Górka Narodowa;414
2026-05-11 20:34:18;P+R Pachońskiego;85
2026-05-11 20:34:18;P+R Krowodrza Górka;78
2026-05-11 20:34:18;P+R Czerwone Maki;157
2026-05-11 20:34:18;P+R Mały Płaszów;145
2026-05-11 20:34:18;P+R Nowy Bieżanów;92
2026-05-11 20:34:18;P+R Kurdwanów;142
2026-05-11 21:08:37;P+R Górka Narodowa;416
2026-05-11 21:08:37;P+R Pachońskiego;85
2026-05-11 21:08:37;P+R Krowodrza Górka;84
2026-05-11 21:08:37;P+R Czerwone Maki;159
2026-05-11 21:08:37;P+R Mały Płaszów;151
2026-05-11 21:08:37;P+R Nowy Bieżanów;94
2026-05-11 21:08:37;P+R Kurdwanów;146
2026-05-11 21:34:12;P+R Górka Narodowa;419
2026-05-11 21:34:12;P+R Pachońskiego;87
2026-05-11 21:34:12;P+R Krowodrza Górka;87
2026-05-11 21:34:12;P+R Czerwone Maki;163
2026-05-11 21:34:12;P+R Mały Płaszów;151
2026-05-11 21:34:12;P+R Nowy Bieżanów;94
2026-05-11 21:34:12;P+R Kurdwanów;148
2026-05-11 22:08:38;P+R Górka Narodowa;424
2026-05-11 22:08:38;P+R Pachońskiego;87
2026-05-11 22:08:38;P+R Krowodrza Górka;88
2026-05-11 22:08:38;P+R Czerwone Maki;167
2026-05-11 22:08:38;P+R Mały Płaszów;151
2026-05-11 22:08:38;P+R Nowy Bieżanów;99
2026-05-11 22:08:38;P+R Kurdwanów;151
2026-05-11 22:34:09;P+R Górka Narodowa;428
2026-05-11 22:34:09;P+R Pachońskiego;88
2026-05-11 22:34:09;P+R Krowodrza Górka;91
2026-05-11 22:34:09;P+R Czerwone Maki;169
2026-05-11 22:34:09;P+R Mały Płaszów;153
2026-05-11 22:34:09;P+R Nowy Bieżanów;99
2026-05-11 22:34:09;P+R Kurdwanów;152
2026-05-11 23:08:35;P+R Górka Narodowa;433
2026-05-11 23:08:35;P+R Pachońskiego;88
2026-05-11 23:08:35;P+R Krowodrza Górka;92
2026-05-11 23:08:35;P+R Czerwone Maki;171
2026-05-11 23:08:35;P+R Mały Płaszów;153
2026-05-11 23:08:35;P+R Nowy Bieżanów;100
2026-05-11 23:08:35;P+R Kurdwanów;153
2026-05-11 23:34:29;P+R Górka Narodowa;435
2026-05-11 23:34:29;P+R Pachońskiego;88
2026-05-11 23:34:29;P+R Krowodrza Górka;93
2026-05-11 23:34:29;P+R Czerwone Maki;175
2026-05-11 23:34:29;P+R Mały Płaszów;155
2026-05-11 23:34:29;P+R Nowy Bieżanów;100
2026-05-11 23:34:29;P+R Kurdwanów;154
2026-05-12 00:08:30;P+R Górka Narodowa;435
2026-05-12 00:08:30;P+R Pachońskiego;88
2026-05-12 00:08:30;P+R Krowodrza Górka;97
2026-05-12 00:08:30;P+R Czerwone Maki;178
2026-05-12 00:08:30;P+R Mały Płaszów;155
2026-05-12 00:08:30;P+R Nowy Bieżanów;100
2026-05-12 00:08:30;P+R Kurdwanów;154
2026-05-12 00:34:03;P+R Górka Narodowa;435
2026-05-12 00:34:03;P+R Pachońskiego;88
2026-05-12 00:34:03;P+R Krowodrza Górka;97
2026-05-12 00:34:03;P+R Czerwone Maki;180
2026-05-12 00:34:03;P+R Mały Płaszów;155
2026-05-12 00:34:03;P+R Nowy Bieżanów;100
2026-05-12 00:34:03;P+R Kurdwanów;155
2026-05-12 01:08:30;P+R Górka Narodowa;435
2026-05-12 01:08:30;P+R Pachońskiego;88
2026-05-12 01:08:30;P+R Krowodrza Górka;97
2026-05-12 01:08:30;P+R Czerwone Maki;181
2026-05-12 01:08:30;P+R Mały Płaszów;155
2026-05-12 01:08:30;P+R Nowy Bieżanów;100
2026-05-12 01:08:30;P+R Kurdwanów;156
2026-05-12 01:34:04;P+R Górka Narodowa;435
2026-05-12 01:34:04;P+R Pachońskiego;88
2026-05-12 01:34:04;P+R Krowodrza Górka;97
2026-05-12 01:34:04;P+R Czerwone Maki;181
2026-05-12 01:34:04;P+R Mały Płaszów;155
2026-05-12 01:34:04;P+R Nowy Bieżanów;100
2026-05-12 01:34:04;P+R Kurdwanów;156
2026-05-12 02:08:33;P+R Górka Narodowa;435
2026-05-12 02:08:33;P+R Pachońskiego;88
2026-05-12 02:08:33;P+R Krowodrza Górka;97
2026-05-12 02:08:33;P+R Czerwone Maki;182
2026-05-12 02:08:33;P+R Mały Płaszów;155
2026-05-12 02:08:33;P+R Nowy Bieżanów;100
2026-05-12 02:08:33;P+R Kurdwanów;156
2026-05-12 02:33:59;P+R Górka Narodowa;435
2026-05-12 02:33:59;P+R Pachońskiego;88
2026-05-12 02:33:59;P+R Krowodrza Górka;97
2026-05-12 02:33:59;P+R Czerwone Maki;182
2026-05-12 02:33:59;P+R Mały Płaszów;155
2026-05-12 02:33:59;P+R Nowy Bieżanów;100
2026-05-12 02:33:59;P+R Kurdwanów;156
2026-05-12 03:08:48;P+R Górka Narodowa;435
2026-05-12 03:08:48;P+R Pachońskiego;88
2026-05-12 03:08:48;P+R Krowodrza Górka;97
2026-05-12 03:08:48;P+R Czerwone Maki;182
2026-05-12 03:08:48;P+R Mały Płaszów;155
2026-05-12 03:08:48;P+R Nowy Bieżanów;100
2026-05-12 03:08:48;P+R Kurdwanów;156
2026-05-12 03:34:07;P+R Górka Narodowa;435
2026-05-12 03:34:07;P+R Pachońskiego;88
2026-05-12 03:34:07;P+R Krowodrza Górka;97
2026-05-12 03:34:07;P+R Czerwone Maki;182
2026-05-12 03:34:07;P+R Mały Płaszów;155
2026-05-12 03:34:07;P+R Nowy Bieżanów;100
2026-05-12 03:34:07;P+R Kurdwanów;156
2026-05-12 04:08:31;P+R Górka Narodowa;435
2026-05-12 04:08:31;P+R Pachońskiego;88
2026-05-12 04:08:31;P+R Krowodrza Górka;97
2026-05-12 04:08:31;P+R Czerwone Maki;182
2026-05-12 04:08:31;P+R Mały Płaszów;155
2026-05-12 04:08:31;P+R Nowy Bieżanów;100
2026-05-12 04:08:31;P+R Kurdwanów;156
2026-05-12 04:33:56;P+R Górka Narodowa;435
2026-05-12 04:33:56;P+R Pachońskiego;88
2026-05-12 04:33:56;P+R Krowodrza Górka;97
2026-05-12 04:33:56;P+R Czerwone Maki;180
2026-05-12 04:33:56;P+R Mały Płaszów;155
2026-05-12 04:33:56;P+R Nowy Bieżanów;100
2026-05-12 04:33:56;P+R Kurdwanów;155
2026-05-12 05:34:01;P+R Górka Narodowa;430
2026-05-12 05:34:01;P+R Pachońskiego;76
2026-05-12 05:34:01;P+R Krowodrza Górka;92
2026-05-12 05:34:01;P+R Czerwone Maki;170
2026-05-12 05:34:01;P+R Mały Płaszów;155
2026-05-12 05:34:01;P+R Nowy Bieżanów;91
2026-05-12 05:34:01;P+R Kurdwanów;147
2026-05-12 06:08:37;P+R Górka Narodowa;421
2026-05-12 06:08:37;P+R Pachońskiego;66
2026-05-12 06:08:37;P+R Krowodrza Górka;84
2026-05-12 06:08:37;P+R Czerwone Maki;156
2026-05-12 06:08:37;P+R Mały Płaszów;152
2026-05-12 06:08:37;P+R Nowy Bieżanów;79
2026-05-12 06:08:37;P+R Kurdwanów;141
2026-05-12 06:34:10;P+R Górka Narodowa;403
2026-05-12 06:34:10;P+R Pachońskiego;47
2026-05-12 06:34:10;P+R Krowodrza Górka;74
2026-05-12 06:34:10;P+R Czerwone Maki;144
2026-05-12 06:34:10;P+R Mały Płaszów;144
2026-05-12 06:34:10;P+R Nowy Bieżanów;56
2026-05-12 06:34:10;P+R Kurdwanów;131
2026-05-12 07:08:33;P+R Górka Narodowa;365
2026-05-12 07:08:33;P+R Pachońskiego;6
2026-05-12 07:08:33;P+R Krowodrza Górka;36
2026-05-12 07:08:33;P+R Czerwone Maki;120
2026-05-12 07:08:33;P+R Mały Płaszów;130
2026-05-12 07:08:33;P+R Nowy Bieżanów;18
2026-05-12 07:08:33;P+R Kurdwanów;116
2026-05-12 07:33:58;P+R Górka Narodowa;316
2026-05-12 07:33:58;P+R Pachońskiego;0
2026-05-12 07:33:58;P+R Krowodrza Górka;4
2026-05-12 07:33:58;P+R Czerwone Maki;88
2026-05-12 07:33:58;P+R Mały Płaszów;123
2026-05-12 07:33:58;P+R Nowy Bieżanów;1
2026-05-12 07:33:58;P+R Kurdwanów;98
2026-05-12 08:08:39;P+R Górka Narodowa;270
2026-05-12 08:08:39;P+R Pachońskiego;0
2026-05-12 08:08:39;P+R Krowodrza Górka;1
2026-05-12 08:08:39;P+R Czerwone Maki;77
2026-05-12 08:08:39;P+R Mały Płaszów;117
2026-05-12 08:08:39;P+R Nowy Bieżanów;0
2026-05-12 08:08:39;P+R Kurdwanów;75
2026-05-12 08:34:00;P+R Górka Narodowa;239
2026-05-12 08:34:00;P+R Pachońskiego;0
2026-05-12 08:34:00;P+R Krowodrza Górka;0
2026-05-12 08:34:00;P+R Czerwone Maki;54
2026-05-12 08:34:00;P+R Mały Płaszów;106
2026-05-12 08:34:00;P+R Nowy Bieżanów;0
2026-05-12 08:34:00;P+R Kurdwanów;67
2026-05-12 09:08:32;P+R Górka Narodowa;212
2026-05-12 09:08:32;P+R Pachońskiego;0
2026-05-12 09:08:32;P+R Krowodrza Górka;2
2026-05-12 09:08:32;P+R Czerwone Maki;36
2026-05-12 09:08:32;P+R Mały Płaszów;97
2026-05-12 09:08:32;P+R Nowy Bieżanów;0
2026-05-12 09:08:32;P+R Kurdwanów;63
2026-05-12 09:34:07;P+R Górka Narodowa;191
2026-05-12 09:34:07;P+R Pachońskiego;0
2026-05-12 09:34:07;P+R Krowodrza Górka;0
2026-05-12 09:34:07;P+R Czerwone Maki;20
2026-05-12 09:34:07;P+R Mały Płaszów;93
2026-05-12 09:34:07;P+R Nowy Bieżanów;0
2026-05-12 09:34:07;P+R Kurdwanów;61
2026-05-12 10:08:28;P+R Górka Narodowa;183
2026-05-12 10:08:28;P+R Pachońskiego;0
2026-05-12 10:08:28;P+R Krowodrza Górka;1
2026-05-12 10:08:28;P+R Czerwone Maki;19
2026-05-12 10:08:28;P+R Mały Płaszów;89
2026-05-12 10:08:28;P+R Nowy Bieżanów;0
2026-05-12 10:08:28;P+R Kurdwanów;53
2026-05-12 10:34:03;P+R Górka Narodowa;170
2026-05-12 10:34:03;P+R Pachońskiego;0
2026-05-12 10:34:03;P+R Krowodrza Górka;0
2026-05-12 10:34:03;P+R Czerwone Maki;12
2026-05-12 10:34:03;P+R Mały Płaszów;87
2026-05-12 10:34:03;P+R Nowy Bieżanów;0
2026-05-12 10:34:03;P+R Kurdwanów;51
2026-05-12 11:08:30;P+R Górka Narodowa;159
2026-05-12 11:08:30;P+R Pachońskiego;1
2026-05-12 11:08:30;P+R Krowodrza Górka;0
2026-05-12 11:08:30;P+R Czerwone Maki;6
2026-05-12 11:08:30;P+R Mały Płaszów;86
2026-05-12 11:08:30;P+R Nowy Bieżanów;0
2026-05-12 11:08:30;P+R Kurdwanów;48
2026-05-12 11:34:13;P+R Górka Narodowa;156
2026-05-12 11:34:13;P+R Pachońskiego;0
2026-05-12 11:34:13;P+R Krowodrza Górka;0
2026-05-12 11:34:13;P+R Czerwone Maki;0
2026-05-12 11:34:13;P+R Mały Płaszów;88
2026-05-12 11:34:13;P+R Nowy Bieżanów;1
2026-05-12 11:34:13;P+R Kurdwanów;46
2026-05-12 12:13:42;P+R Górka Narodowa;161
2026-05-12 12:13:42;P+R Pachońskiego;0
2026-05-12 12:13:42;P+R Krowodrza Górka;2
2026-05-12 12:13:42;P+R Czerwone Maki;4
2026-05-12 12:13:42;P+R Mały Płaszów;87
2026-05-12 12:13:42;P+R Nowy Bieżanów;1
2026-05-12 12:13:42;P+R Kurdwanów;52
2026-05-12 12:34:07;P+R Górka Narodowa;157
2026-05-12 12:34:07;P+R Pachońskiego;0
2026-05-12 12:34:07;P+R Krowodrza Górka;7
2026-05-12 12:34:07;P+R Czerwone Maki;0
2026-05-12 12:34:07;P+R Mały Płaszów;86
2026-05-12 12:34:07;P+R Nowy Bieżanów;1
2026-05-12 12:34:07;P+R Kurdwanów;53
2026-05-12 13:08:43;P+R Górka Narodowa;156
2026-05-12 13:08:43;P+R Pachońskiego;0
2026-05-12 13:08:43;P+R Krowodrza Górka;7
2026-05-12 13:08:43;P+R Czerwone Maki;0
2026-05-12 13:08:43;P+R Mały Płaszów;84
2026-05-12 13:08:43;P+R Nowy Bieżanów;2
2026-05-12 13:08:43;P+R Kurdwanów;53
2026-05-12 13:34:06;P+R Górka Narodowa;164
2026-05-12 13:34:06;P+R Pachońskiego;0
2026-05-12 13:34:06;P+R Krowodrza Górka;4
2026-05-12 13:34:06;P+R Czerwone Maki;5
2026-05-12 13:34:06;P+R Mały Płaszów;84
2026-05-12 13:34:06;P+R Nowy Bieżanów;4
2026-05-12 13:34:06;P+R Kurdwanów;50
2026-05-12 14:08:34;P+R Górka Narodowa;174
2026-05-12 14:08:34;P+R Pachońskiego;1
2026-05-12 14:08:34;P+R Krowodrza Górka;3
2026-05-12 14:08:34;P+R Czerwone Maki;15
2026-05-12 14:08:34;P+R Mały Płaszów;81
2026-05-12 14:08:34;P+R Nowy Bieżanów;10
2026-05-12 14:08:34;P+R Kurdwanów;45
2026-05-12 14:34:22;P+R Górka Narodowa;180
2026-05-12 14:34:22;P+R Pachońskiego;3
2026-05-12 14:34:22;P+R Krowodrza Górka;6
2026-05-12 14:34:22;P+R Czerwone Maki;18
2026-05-12 14:34:22;P+R Mały Płaszów;79
2026-05-12 14:34:22;P+R Nowy Bieżanów;10
2026-05-12 14:34:22;P+R Kurdwanów;45
2026-05-12 15:08:25;P+R Górka Narodowa;194
2026-05-12 15:08:25;P+R Pachońskiego;9
2026-05-12 15:08:25;P+R Krowodrza Górka;11
2026-05-12 15:08:25;P+R Czerwone Maki;29
2026-05-12 15:08:25;P+R Mały Płaszów;81
2026-05-12 15:08:25;P+R Nowy Bieżanów;19
2026-05-12 15:08:25;P+R Kurdwanów;47
2026-05-12 15:34:13;P+R Górka Narodowa;205
2026-05-12 15:34:13;P+R Pachońskiego;33
2026-05-12 15:34:13;P+R Krowodrza Górka;20
2026-05-12 15:34:13;P+R Czerwone Maki;42
2026-05-12 15:34:13;P+R Mały Płaszów;83
2026-05-12 15:34:13;P+R Nowy Bieżanów;29
2026-05-12 15:34:13;P+R Kurdwanów;60
2026-05-12 16:08:59;P+R Górka Narodowa;236
2026-05-12 16:08:59;P+R Pachońskiego;51
2026-05-12 16:08:59;P+R Krowodrza Górka;37
2026-05-12 16:08:59;P+R Czerwone Maki;66
2026-05-12 16:08:59;P+R Mały Płaszów;92
2026-05-12 16:08:59;P+R Nowy Bieżanów;52
2026-05-12 16:08:59;P+R Kurdwanów;82
2026-05-12 16:34:12;P+R Górka Narodowa;258
2026-05-12 16:34:12;P+R Pachońskiego;58
2026-05-12 16:34:12;P+R Krowodrza Górka;47
2026-05-12 16:34:12;P+R Czerwone Maki;86
2026-05-12 16:34:12;P+R Mały Płaszów;97
2026-05-12 16:34:12;P+R Nowy Bieżanów;63
2026-05-12 16:34:12;P+R Kurdwanów;88
2026-05-12 17:10:13;P+R Górka Narodowa;305
2026-05-12 17:10:13;P+R Pachońskiego;61
2026-05-12 17:10:13;P+R Krowodrza Górka;53
2026-05-12 17:10:13;P+R Czerwone Maki;110
2026-05-12 17:10:13;P+R Mały Płaszów;107
2026-05-12 17:10:13;P+R Nowy Bieżanów;72
2026-05-12 17:10:13;P+R Kurdwanów;102
2026-05-12 17:34:15;P+R Górka Narodowa;319
2026-05-12 17:34:15;P+R Pachońskiego;62
2026-05-12 17:34:15;P+R Krowodrza Górka;57
2026-05-12 17:34:15;P+R Czerwone Maki;115
2026-05-12 17:34:15;P+R Mały Płaszów;118
2026-05-12 17:34:15;P+R Nowy Bieżanów;79
2026-05-12 17:34:15;P+R Kurdwanów;106
2026-05-12 18:09:39;P+R Górka Narodowa;343
2026-05-12 18:09:39;P+R Pachońskiego;66
2026-05-12 18:09:39;P+R Krowodrza Górka;64
2026-05-12 18:09:39;P+R Czerwone Maki;130
2026-05-12 18:09:39;P+R Mały Płaszów;120
2026-05-12 18:09:39;P+R Nowy Bieżanów;82
2026-05-12 18:09:39;P+R Kurdwanów;112
2026-05-12 19:08:51;P+R Górka Narodowa;369
2026-05-12 19:08:51;P+R Pachońskiego;72
2026-05-12 19:08:51;P+R Krowodrza Górka;73
2026-05-12 19:08:51;P+R Czerwone Maki;142
2026-05-12 19:08:51;P+R Mały Płaszów;129
2026-05-12 19:08:51;P+R Nowy Bieżanów;86
2026-05-12 19:08:51;P+R Kurdwanów;128
2026-05-12 19:36:13;P+R Górka Narodowa;379
2026-05-12 19:36:13;P+R Pachońskiego;74
2026-05-12 19:36:13;P+R Krowodrza Górka;70
2026-05-12 19:36:13;P+R Czerwone Maki;148
2026-05-12 19:36:13;P+R Mały Płaszów;136
2026-05-12 19:36:13;P+R Nowy Bieżanów;88
2026-05-12 19:36:13;P+R Kurdwanów;132
2026-05-12 20:08:47;P+R Górka Narodowa;389
2026-05-12 20:08:47;P+R Pachońskiego;77
2026-05-12 20:08:47;P+R Krowodrza Górka;71
2026-05-12 20:08:47;P+R Czerwone Maki;154
2026-05-12 20:08:47;P+R Mały Płaszów;139
2026-05-12 20:08:47;P+R Nowy Bieżanów;93
2026-05-12 20:08:47;P+R Kurdwanów;135
2026-05-12 20:34:07;P+R Górka Narodowa;396
2026-05-12 20:34:07;P+R Pachońskiego;82
2026-05-12 20:34:07;P+R Krowodrza Górka;77
2026-05-12 20:34:07;P+R Czerwone Maki;153
2026-05-12 20:34:07;P+R Mały Płaszów;142
2026-05-12 20:34:07;P+R Nowy Bieżanów;94
2026-05-12 20:34:07;P+R Kurdwanów;138
2026-05-12 21:08:38;P+R Górka Narodowa;407
2026-05-12 21:08:38;P+R Pachońskiego;84
2026-05-12 21:08:38;P+R Krowodrza Górka;79
2026-05-12 21:08:38;P+R Czerwone Maki;161
2026-05-12 21:08:38;P+R Mały Płaszów;151
2026-05-12 21:08:38;P+R Nowy Bieżanów;96
2026-05-12 21:08:38;P+R Kurdwanów;142
2026-05-12 21:34:15;P+R Górka Narodowa;413
2026-05-12 21:34:15;P+R Pachońskiego;88
2026-05-12 21:34:15;P+R Krowodrza Górka;84
2026-05-12 21:34:15;P+R Czerwone Maki;162
2026-05-12 21:34:15;P+R Mały Płaszów;151
2026-05-12 21:34:15;P+R Nowy Bieżanów;97
2026-05-12 21:34:15;P+R Kurdwanów;146
2026-05-12 22:08:40;P+R Górka Narodowa;422
2026-05-12 22:08:40;P+R Pachońskiego;88
2026-05-12 22:08:40;P+R Krowodrza Górka;89
2026-05-12 22:08:40;P+R Czerwone Maki;170
2026-05-12 22:08:40;P+R Mały Płaszów;152
2026-05-12 22:08:40;P+R Nowy Bieżanów;98
2026-05-12 22:08:40;P+R Kurdwanów;148
2026-05-12 22:34:12;P+R Górka Narodowa;426
2026-05-12 22:34:12;P+R Pachońskiego;88
2026-05-12 22:34:12;P+R Krowodrza Górka;95
2026-05-12 22:34:12;P+R Czerwone Maki;171
2026-05-12 22:34:12;P+R Mały Płaszów;153
2026-05-12 22:34:12;P+R Nowy Bieżanów;98
2026-05-12 22:34:12;P+R Kurdwanów;148
2026-05-12 23:08:27;P+R Górka Narodowa;430
2026-05-12 23:08:27;P+R Pachońskiego;88
2026-05-12 23:08:27;P+R Krowodrza Górka;96
2026-05-12 23:08:27;P+R Czerwone Maki;172
2026-05-12 23:08:27;P+R Mały Płaszów;154
2026-05-12 23:08:27;P+R Nowy Bieżanów;98
2026-05-12 23:08:27;P+R Kurdwanów;153
2026-05-12 23:38:25;P+R Górka Narodowa;436
2026-05-12 23:38:25;P+R Pachońskiego;88
2026-05-12 23:38:25;P+R Krowodrza Górka;96
2026-05-12 23:38:25;P+R Czerwone Maki;173
2026-05-12 23:38:25;P+R Mały Płaszów;155
2026-05-12 23:38:25;P+R Nowy Bieżanów;99
2026-05-12 23:38:25;P+R Kurdwanów;155
2026-05-13 00:08:26;P+R Górka Narodowa;436
2026-05-13 00:08:26;P+R Pachońskiego;88
2026-05-13 00:08:26;P+R Krowodrza Górka;97
2026-05-13 00:08:26;P+R Czerwone Maki;175
2026-05-13 00:08:26;P+R Mały Płaszów;155
2026-05-13 00:08:26;P+R Nowy Bieżanów;99
2026-05-13 00:08:26;P+R Kurdwanów;155
2026-05-13 00:34:10;P+R Górka Narodowa;436
2026-05-13 00:34:10;P+R Pachońskiego;88
2026-05-13 00:34:10;P+R Krowodrza Górka;97
2026-05-13 00:34:10;P+R Czerwone Maki;175
2026-05-13 00:34:10;P+R Mały Płaszów;155
2026-05-13 00:34:10;P+R Nowy Bieżanów;99
2026-05-13 00:34:10;P+R Kurdwanów;155
2026-05-13 01:08:30;P+R Górka Narodowa;436
2026-05-13 01:08:30;P+R Pachońskiego;88
2026-05-13 01:08:30;P+R Krowodrza Górka;97
2026-05-13 01:08:30;P+R Czerwone Maki;175
2026-05-13 01:08:30;P+R Mały Płaszów;155
2026-05-13 01:08:30;P+R Nowy Bieżanów;99
2026-05-13 01:08:30;P+R Kurdwanów;155
2026-05-13 01:33:58;P+R Górka Narodowa;436
2026-05-13 01:33:58;P+R Pachońskiego;88
2026-05-13 01:33:58;P+R Krowodrza Górka;97
2026-05-13 01:33:58;P+R Czerwone Maki;175
2026-05-13 01:33:58;P+R Mały Płaszów;155
2026-05-13 01:33:58;P+R Nowy Bieżanów;99
2026-05-13 01:33:58;P+R Kurdwanów;155
2026-05-13 02:08:33;P+R Górka Narodowa;436
2026-05-13 02:08:33;P+R Pachońskiego;88
2026-05-13 02:08:33;P+R Krowodrza Górka;97
2026-05-13 02:08:33;P+R Czerwone Maki;183
2026-05-13 02:08:33;P+R Mały Płaszów;155
2026-05-13 02:08:33;P+R Nowy Bieżanów;100
2026-05-13 02:08:33;P+R Kurdwanów;156
2026-05-13 02:34:04;P+R Górka Narodowa;436
2026-05-13 02:34:04;P+R Pachońskiego;88
2026-05-13 02:34:04;P+R Krowodrza Górka;97
2026-05-13 02:34:04;P+R Czerwone Maki;183
2026-05-13 02:34:04;P+R Mały Płaszów;155
2026-05-13 02:34:04;P+R Nowy Bieżanów;100
2026-05-13 02:34:04;P+R Kurdwanów;156
2026-05-13 03:08:25;P+R Górka Narodowa;436
2026-05-13 03:08:25;P+R Pachońskiego;88
2026-05-13 03:08:25;P+R Krowodrza Górka;97
2026-05-13 03:08:25;P+R Czerwone Maki;183
2026-05-13 03:08:25;P+R Mały Płaszów;155
2026-05-13 03:08:25;P+R Nowy Bieżanów;100
2026-05-13 03:08:25;P+R Kurdwanów;156
2026-05-13 03:33:57;P+R Górka Narodowa;436
2026-05-13 03:33:57;P+R Pachońskiego;88
2026-05-13 03:33:57;P+R Krowodrza Górka;97
2026-05-13 03:33:57;P+R Czerwone Maki;183
2026-05-13 03:33:57;P+R Mały Płaszów;155
2026-05-13 03:33:57;P+R Nowy Bieżanów;100
2026-05-13 03:33:57;P+R Kurdwanów;156
2026-05-13 04:08:39;P+R Górka Narodowa;436
2026-05-13 04:08:39;P+R Pachońskiego;88
2026-05-13 04:08:39;P+R Krowodrza Górka;97
2026-05-13 04:08:39;P+R Czerwone Maki;183
2026-05-13 04:08:39;P+R Mały Płaszów;155
2026-05-13 04:08:39;P+R Nowy Bieżanów;100
2026-05-13 04:08:39;P+R Kurdwanów;156
2026-05-13 04:34:12;P+R Górka Narodowa;435
2026-05-13 04:34:12;P+R Pachońskiego;88
2026-05-13 04:34:12;P+R Krowodrza Górka;97
2026-05-13 04:34:12;P+R Czerwone Maki;181
2026-05-13 04:34:12;P+R Mały Płaszów;155
2026-05-13 04:34:12;P+R Nowy Bieżanów;100
2026-05-13 04:34:12;P+R Kurdwanów;155
2026-05-13 05:08:36;P+R Górka Narodowa;433
2026-05-13 05:08:36;P+R Pachońskiego;85
2026-05-13 05:08:36;P+R Krowodrza Górka;93
2026-05-13 05:08:36;P+R Czerwone Maki;176
2026-05-13 05:08:36;P+R Mały Płaszów;155
2026-05-13 05:08:36;P+R Nowy Bieżanów;97
2026-05-13 05:08:36;P+R Kurdwanów;152
2026-05-13 05:34:01;P+R Górka Narodowa;431
2026-05-13 05:34:01;P+R Pachońskiego;81
2026-05-13 05:34:01;P+R Krowodrza Górka;90
2026-05-13 05:34:01;P+R Czerwone Maki;169
2026-05-13 05:34:01;P+R Mały Płaszów;155
2026-05-13 05:34:01;P+R Nowy Bieżanów;92
2026-05-13 05:34:01;P+R Kurdwanów;145
2026-05-13 06:08:34;P+R Górka Narodowa;426
2026-05-13 06:08:34;P+R Pachońskiego;64
2026-05-13 06:08:34;P+R Krowodrza Górka;85
2026-05-13 06:08:34;P+R Czerwone Maki;155
2026-05-13 06:08:34;P+R Mały Płaszów;152
2026-05-13 06:08:34;P+R Nowy Bieżanów;83
2026-05-13 06:08:34;P+R Kurdwanów;137
2026-05-13 06:34:17;P+R Górka Narodowa;404
2026-05-13 06:34:17;P+R Pachońskiego;44
2026-05-13 06:34:17;P+R Krowodrza Górka;73
2026-05-13 06:34:17;P+R Czerwone Maki;143
2026-05-13 06:34:17;P+R Mały Płaszów;146
2026-05-13 06:34:17;P+R Nowy Bieżanów;60
2026-05-13 06:34:17;P+R Kurdwanów;122
2026-05-13 07:08:34;P+R Górka Narodowa;356
2026-05-13 07:08:34;P+R Pachońskiego;10
2026-05-13 07:08:34;P+R Krowodrza Górka;37
2026-05-13 07:08:34;P+R Czerwone Maki;121
2026-05-13 07:08:34;P+R Mały Płaszów;136
2026-05-13 07:08:34;P+R Nowy Bieżanów;21
2026-05-13 07:08:34;P+R Kurdwanów;105
2026-05-13 07:34:04;P+R Górka Narodowa;304
2026-05-13 07:34:04;P+R Pachońskiego;0
2026-05-13 07:34:04;P+R Krowodrza Górka;7
2026-05-13 07:34:04;P+R Czerwone Maki;95
2026-05-13 07:34:04;P+R Mały Płaszów;126
2026-05-13 07:34:04;P+R Nowy Bieżanów;6
2026-05-13 07:34:04;P+R Kurdwanów;84
2026-05-13 08:08:47;P+R Górka Narodowa;267
2026-05-13 08:08:47;P+R Pachońskiego;0
2026-05-13 08:08:47;P+R Krowodrza Górka;0
2026-05-13 08:08:47;P+R Czerwone Maki;63
2026-05-13 08:08:47;P+R Mały Płaszów;116
2026-05-13 08:08:47;P+R Nowy Bieżanów;0
2026-05-13 08:08:47;P+R Kurdwanów;67
2026-05-13 08:33:58;P+R Górka Narodowa;242
2026-05-13 08:33:58;P+R Pachońskiego;0
2026-05-13 08:33:58;P+R Krowodrza Górka;0
2026-05-13 08:33:58;P+R Czerwone Maki;42
2026-05-13 08:33:58;P+R Mały Płaszów;111
2026-05-13 08:33:58;P+R Nowy Bieżanów;0
2026-05-13 08:33:58;P+R Kurdwanów;54
2026-05-13 09:08:39;P+R Górka Narodowa;218
2026-05-13 09:08:39;P+R Pachońskiego;0
2026-05-13 09:08:39;P+R Krowodrza Górka;0
2026-05-13 09:08:39;P+R Czerwone Maki;18
2026-05-13 09:08:39;P+R Mały Płaszów;104
2026-05-13 09:08:39;P+R Nowy Bieżanów;0
2026-05-13 09:08:39;P+R Kurdwanów;48
2026-05-13 09:36:25;P+R Górka Narodowa;196
2026-05-13 09:36:25;P+R Pachońskiego;0
2026-05-13 09:36:25;P+R Krowodrza Górka;0
2026-05-13 09:36:25;P+R Czerwone Maki;10
2026-05-13 09:36:25;P+R Mały Płaszów;99
2026-05-13 09:36:25;P+R Nowy Bieżanów;0
2026-05-13 09:36:25;P+R Kurdwanów;50
2026-05-13 10:08:35;P+R Górka Narodowa;188
2026-05-13 10:08:35;P+R Pachońskiego;0
2026-05-13 10:08:35;P+R Krowodrza Górka;0
2026-05-13 10:08:35;P+R Czerwone Maki;7
2026-05-13 10:08:35;P+R Mały Płaszów;98
2026-05-13 10:08:35;P+R Nowy Bieżanów;0
2026-05-13 10:08:35;P+R Kurdwanów;50
2026-05-13 10:34:10;P+R Górka Narodowa;181
2026-05-13 10:34:10;P+R Pachońskiego;0
2026-05-13 10:34:10;P+R Krowodrza Górka;1
2026-05-13 10:34:10;P+R Czerwone Maki;3
2026-05-13 10:34:10;P+R Mały Płaszów;97
2026-05-13 10:34:10;P+R Nowy Bieżanów;0
2026-05-13 10:34:10;P+R Kurdwanów;45
2026-05-13 11:12:58;P+R Górka Narodowa;164
2026-05-13 11:12:58;P+R Pachońskiego;0
2026-05-13 11:12:58;P+R Krowodrza Górka;0
2026-05-13 11:12:58;P+R Czerwone Maki;4
2026-05-13 11:12:58;P+R Mały Płaszów;96
2026-05-13 11:12:58;P+R Nowy Bieżanów;0
2026-05-13 11:12:58;P+R Kurdwanów;40
2026-05-13 11:35:47;P+R Górka Narodowa;167
2026-05-13 11:35:47;P+R Pachońskiego;0
2026-05-13 11:35:47;P+R Krowodrza Górka;0
2026-05-13 11:35:47;P+R Czerwone Maki;0
2026-05-13 11:35:47;P+R Mały Płaszów;98
2026-05-13 11:35:47;P+R Nowy Bieżanów;0
2026-05-13 11:35:47;P+R Kurdwanów;39
2026-05-13 12:08:35;P+R Górka Narodowa;171
2026-05-13 12:08:35;P+R Pachońskiego;0
2026-05-13 12:08:35;P+R Krowodrza Górka;1
2026-05-13 12:08:35;P+R Czerwone Maki;0
2026-05-13 12:08:35;P+R Mały Płaszów;99
2026-05-13 12:08:35;P+R Nowy Bieżanów;0
2026-05-13 12:08:35;P+R Kurdwanów;38
2026-05-13 12:34:10;P+R Górka Narodowa;167
2026-05-13 12:34:10;P+R Pachońskiego;0
2026-05-13 12:34:10;P+R Krowodrza Górka;2
2026-05-13 12:34:10;P+R Czerwone Maki;4
2026-05-13 12:34:10;P+R Mały Płaszów;98
2026-05-13 12:34:10;P+R Nowy Bieżanów;0
2026-05-13 12:34:10;P+R Kurdwanów;32
2026-05-13 13:10:12;P+R Górka Narodowa;169
2026-05-13 13:10:12;P+R Pachońskiego;0
2026-05-13 13:10:12;P+R Krowodrza Górka;6
2026-05-13 13:10:12;P+R Czerwone Maki;4
2026-05-13 13:10:12;P+R Mały Płaszów;94
2026-05-13 13:10:12;P+R Nowy Bieżanów;2
2026-05-13 13:10:12;P+R Kurdwanów;30
2026-05-13 13:37:07;P+R Górka Narodowa;173
2026-05-13 13:37:07;P+R Pachońskiego;0
2026-05-13 13:37:07;P+R Krowodrza Górka;10
2026-05-13 13:37:07;P+R Czerwone Maki;4
2026-05-13 13:37:07;P+R Mały Płaszów;92
2026-05-13 13:37:07;P+R Nowy Bieżanów;6
2026-05-13 13:37:07;P+R Kurdwanów;32
2026-05-13 14:10:01;P+R Górka Narodowa;181
2026-05-13 14:10:01;P+R Pachońskiego;3
2026-05-13 14:10:01;P+R Krowodrza Górka;11
2026-05-13 14:10:01;P+R Czerwone Maki;5
2026-05-13 14:10:01;P+R Mały Płaszów;93
2026-05-13 14:10:01;P+R Nowy Bieżanów;5
2026-05-13 14:10:01;P+R Kurdwanów;33
2026-05-13 14:34:07;P+R Górka Narodowa;179
2026-05-13 14:34:07;P+R Pachońskiego;2
2026-05-13 14:34:07;P+R Krowodrza Górka;12
2026-05-13 14:34:07;P+R Czerwone Maki;12
2026-05-13 14:34:07;P+R Mały Płaszów;92
2026-05-13 14:34:07;P+R Nowy Bieżanów;8
2026-05-13 14:34:07;P+R Kurdwanów;34
2026-05-13 15:08:32;P+R Górka Narodowa;196
2026-05-13 15:08:32;P+R Pachońskiego;7
2026-05-13 15:08:32;P+R Krowodrza Górka;15
2026-05-13 15:08:32;P+R Czerwone Maki;24
2026-05-13 15:08:32;P+R Mały Płaszów;95
2026-05-13 15:08:32;P+R Nowy Bieżanów;15
2026-05-13 15:08:32;P+R Kurdwanów;46
2026-05-13 15:34:19;P+R Górka Narodowa;212
2026-05-13 15:34:19;P+R Pachońskiego;26
2026-05-13 15:34:19;P+R Krowodrza Górka;25
2026-05-13 15:34:19;P+R Czerwone Maki;34
2026-05-13 15:34:19;P+R Mały Płaszów;96
2026-05-13 15:34:19;P+R Nowy Bieżanów;25
2026-05-13 15:34:19;P+R Kurdwanów;55
2026-05-13 16:10:25;P+R Górka Narodowa;237
2026-05-13 16:10:25;P+R Pachońskiego;38
2026-05-13 16:10:25;P+R Krowodrza Górka;46
2026-05-13 16:10:25;P+R Czerwone Maki;60
2026-05-13 16:10:25;P+R Mały Płaszów;109
2026-05-13 16:10:25;P+R Nowy Bieżanów;45
2026-05-13 16:10:25;P+R Kurdwanów;74
2026-05-13 16:35:03;P+R Górka Narodowa;262
2026-05-13 16:35:03;P+R Pachońskiego;47
2026-05-13 16:35:03;P+R Krowodrza Górka;58
2026-05-13 16:35:03;P+R Czerwone Maki;79
2026-05-13 16:35:03;P+R Mały Płaszów;115
2026-05-13 16:35:03;P+R Nowy Bieżanów;60
2026-05-13 16:35:03;P+R Kurdwanów;81
2026-05-13 17:08:58;P+R Górka Narodowa;285
2026-05-13 17:08:58;P+R Pachońskiego;55
2026-05-13 17:08:58;P+R Krowodrza Górka;65
2026-05-13 17:08:58;P+R Czerwone Maki;100
2026-05-13 17:08:58;P+R Mały Płaszów;121
2026-05-13 17:08:58;P+R Nowy Bieżanów;69
2026-05-13 17:08:58;P+R Kurdwanów;96
2026-05-13 17:35:43;P+R Górka Narodowa;309
2026-05-13 17:35:43;P+R Pachońskiego;53
2026-05-13 17:35:43;P+R Krowodrza Górka;62
2026-05-13 17:35:43;P+R Czerwone Maki;114
2026-05-13 17:35:43;P+R Mały Płaszów;124
2026-05-13 17:35:43;P+R Nowy Bieżanów;77
2026-05-13 17:35:43;P+R Kurdwanów;105
2026-05-13 18:08:44;P+R Górka Narodowa;321
2026-05-13 18:08:44;P+R Pachońskiego;58
2026-05-13 18:08:44;P+R Krowodrza Górka;55
2026-05-13 18:08:44;P+R Czerwone Maki;119
2026-05-13 18:08:44;P+R Mały Płaszów;129
2026-05-13 18:08:44;P+R Nowy Bieżanów;82
2026-05-13 18:08:44;P+R Kurdwanów;111
2026-05-13 18:37:14;P+R Górka Narodowa;331
2026-05-13 18:37:14;P+R Pachońskiego;66
2026-05-13 18:37:14;P+R Krowodrza Górka;52
2026-05-13 18:37:14;P+R Czerwone Maki;130
2026-05-13 18:37:14;P+R Mały Płaszów;131
2026-05-13 18:37:14;P+R Nowy Bieżanów;83
2026-05-13 18:37:14;P+R Kurdwanów;115
2026-05-13 19:09:09;P+R Górka Narodowa;346
2026-05-13 19:09:09;P+R Pachońskiego;71
2026-05-13 19:09:09;P+R Krowodrza Górka;57
2026-05-13 19:09:09;P+R Czerwone Maki;137
2026-05-13 19:09:09;P+R Mały Płaszów;136
2026-05-13 19:09:09;P+R Nowy Bieżanów;85
2026-05-13 19:09:09;P+R Kurdwanów;121
2026-05-13 19:38:20;P+R Górka Narodowa;360
2026-05-13 19:38:20;P+R Pachońskiego;76
2026-05-13 19:38:20;P+R Krowodrza Górka;63
2026-05-13 19:38:20;P+R Czerwone Maki;145
2026-05-13 19:38:20;P+R Mały Płaszów;139
2026-05-13 19:38:20;P+R Nowy Bieżanów;85
2026-05-13 19:38:20;P+R Kurdwanów;129
2026-05-13 20:09:04;P+R Górka Narodowa;372
2026-05-13 20:09:04;P+R Pachońskiego;79
2026-05-13 20:09:04;P+R Krowodrza Górka;66
2026-05-13 20:09:04;P+R Czerwone Maki;149
2026-05-13 20:09:04;P+R Mały Płaszów;140
2026-05-13 20:09:04;P+R Nowy Bieżanów;88
2026-05-13 20:09:04;P+R Kurdwanów;133
2026-05-13 20:34:07;P+R Górka Narodowa;384
2026-05-13 20:34:07;P+R Pachońskiego;79
2026-05-13 20:34:07;P+R Krowodrza Górka;71
2026-05-13 20:34:07;P+R Czerwone Maki;154
2026-05-13 20:34:07;P+R Mały Płaszów;141
2026-05-13 20:34:07;P+R Nowy Bieżanów;90
2026-05-13 20:34:07;P+R Kurdwanów;132
2026-05-13 21:08:47;P+R Górka Narodowa;391
2026-05-13 21:08:47;P+R Pachońskiego;80
2026-05-13 21:08:47;P+R Krowodrza Górka;77
2026-05-13 21:08:47;P+R Czerwone Maki;161
2026-05-13 21:08:47;P+R Mały Płaszów;146
2026-05-13 21:08:47;P+R Nowy Bieżanów;92
2026-05-13 21:08:47;P+R Kurdwanów;135
2026-05-13 21:34:13;P+R Górka Narodowa;404
2026-05-13 21:34:13;P+R Pachońskiego;83
2026-05-13 21:34:13;P+R Krowodrza Górka;82
2026-05-13 21:34:13;P+R Czerwone Maki;165
2026-05-13 21:34:13;P+R Mały Płaszów;147
2026-05-13 21:34:13;P+R Nowy Bieżanów;92
2026-05-13 21:34:13;P+R Kurdwanów;136
2026-05-13 22:08:41;P+R Górka Narodowa;413
2026-05-13 22:08:41;P+R Pachońskiego;84
2026-05-13 22:08:41;P+R Krowodrza Górka;83
2026-05-13 22:08:41;P+R Czerwone Maki;169
2026-05-13 22:08:41;P+R Mały Płaszów;148
2026-05-13 22:08:41;P+R Nowy Bieżanów;94
2026-05-13 22:08:41;P+R Kurdwanów;140
2026-05-13 22:36:43;P+R Górka Narodowa;420
2026-05-13 22:36:43;P+R Pachońskiego;85
2026-05-13 22:36:43;P+R Krowodrza Górka;90
2026-05-13 22:36:43;P+R Czerwone Maki;171
2026-05-13 22:36:43;P+R Mały Płaszów;150
2026-05-13 22:36:43;P+R Nowy Bieżanów;96
2026-05-13 22:36:43;P+R Kurdwanów;141
2026-05-13 23:08:28;P+R Górka Narodowa;423
2026-05-13 23:08:28;P+R Pachońskiego;87
2026-05-13 23:08:28;P+R Krowodrza Górka;92
2026-05-13 23:08:28;P+R Czerwone Maki;174
2026-05-13 23:08:28;P+R Mały Płaszów;150
2026-05-13 23:08:28;P+R Nowy Bieżanów;97
2026-05-13 23:08:28;P+R Kurdwanów;148
2026-05-13 23:34:10;P+R Górka Narodowa;421
2026-05-13 23:34:10;P+R Pachońskiego;87
2026-05-13 23:34:10;P+R Krowodrza Górka;92
2026-05-13 23:34:10;P+R Czerwone Maki;176
2026-05-13 23:34:10;P+R Mały Płaszów;151
2026-05-13 23:34:10;P+R Nowy Bieżanów;97
2026-05-13 23:34:10;P+R Kurdwanów;151
2026-05-14 00:08:28;P+R Górka Narodowa;427
2026-05-14 00:08:28;P+R Pachońskiego;87
2026-05-14 00:08:28;P+R Krowodrza Górka;92
2026-05-14 00:08:28;P+R Czerwone Maki;179
2026-05-14 00:08:28;P+R Mały Płaszów;151
2026-05-14 00:08:28;P+R Nowy Bieżanów;97
2026-05-14 00:08:28;P+R Kurdwanów;151
2026-05-14 00:34:02;P+R Górka Narodowa;434
2026-05-14 00:34:02;P+R Pachońskiego;87
2026-05-14 00:34:02;P+R Krowodrza Górka;94
2026-05-14 00:34:02;P+R Czerwone Maki;180
2026-05-14 00:34:02;P+R Mały Płaszów;152
2026-05-14 00:34:02;P+R Nowy Bieżanów;97
2026-05-14 00:34:02;P+R Kurdwanów;151
2026-05-14 01:08:29;P+R Górka Narodowa;435
2026-05-14 01:08:29;P+R Pachońskiego;87
2026-05-14 01:08:29;P+R Krowodrza Górka;94
2026-05-14 01:08:29;P+R Czerwone Maki;180
2026-05-14 01:08:29;P+R Mały Płaszów;153
2026-05-14 01:08:29;P+R Nowy Bieżanów;97
2026-05-14 01:08:29;P+R Kurdwanów;152
2026-05-14 01:34:00;P+R Górka Narodowa;435
2026-05-14 01:34:00;P+R Pachońskiego;88
2026-05-14 01:34:00;P+R Krowodrza Górka;97
2026-05-14 01:34:00;P+R Czerwone Maki;181
2026-05-14 01:34:00;P+R Mały Płaszów;154
2026-05-14 01:34:00;P+R Nowy Bieżanów;97
2026-05-14 01:34:00;P+R Kurdwanów;156
2026-05-14 02:08:43;P+R Górka Narodowa;435
2026-05-14 02:08:43;P+R Pachońskiego;88
2026-05-14 02:08:43;P+R Krowodrza Górka;97
2026-05-14 02:08:43;P+R Czerwone Maki;183
2026-05-14 02:08:43;P+R Mały Płaszów;154
2026-05-14 02:08:43;P+R Nowy Bieżanów;100
2026-05-14 02:08:43;P+R Kurdwanów;156
2026-05-14 02:34:05;P+R Górka Narodowa;435
2026-05-14 02:34:05;P+R Pachońskiego;88
2026-05-14 02:34:05;P+R Krowodrza Górka;97
2026-05-14 02:34:05;P+R Czerwone Maki;183
2026-05-14 02:34:05;P+R Mały Płaszów;154
2026-05-14 02:34:05;P+R Nowy Bieżanów;100
2026-05-14 02:34:05;P+R Kurdwanów;156
2026-05-14 03:08:40;P+R Górka Narodowa;435
2026-05-14 03:08:40;P+R Pachońskiego;88
2026-05-14 03:08:40;P+R Krowodrza Górka;97
2026-05-14 03:08:40;P+R Czerwone Maki;183
2026-05-14 03:08:40;P+R Mały Płaszów;154
2026-05-14 03:08:40;P+R Nowy Bieżanów;100
2026-05-14 03:08:40;P+R Kurdwanów;156
2026-05-14 03:34:05;P+R Górka Narodowa;436
2026-05-14 03:34:05;P+R Pachońskiego;88
2026-05-14 03:34:05;P+R Krowodrza Górka;97
2026-05-14 03:34:05;P+R Czerwone Maki;183
2026-05-14 03:34:05;P+R Mały Płaszów;154
2026-05-14 03:34:05;P+R Nowy Bieżanów;100
2026-05-14 03:34:05;P+R Kurdwanów;156
2026-05-14 04:08:29;P+R Górka Narodowa;436
2026-05-14 04:08:29;P+R Pachońskiego;88
2026-05-14 04:08:29;P+R Krowodrza Górka;97
2026-05-14 04:08:29;P+R Czerwone Maki;183
2026-05-14 04:08:29;P+R Mały Płaszów;154
2026-05-14 04:08:29;P+R Nowy Bieżanów;100
2026-05-14 04:08:29;P+R Kurdwanów;156
2026-05-14 04:34:04;P+R Górka Narodowa;435
2026-05-14 04:34:04;P+R Pachońskiego;88
2026-05-14 04:34:04;P+R Krowodrza Górka;97
2026-05-14 04:34:04;P+R Czerwone Maki;181
2026-05-14 04:34:04;P+R Mały Płaszów;154
2026-05-14 04:34:04;P+R Nowy Bieżanów;100
2026-05-14 04:34:04;P+R Kurdwanów;156
2026-05-14 05:08:28;P+R Górka Narodowa;434
2026-05-14 05:08:28;P+R Pachońskiego;86
2026-05-14 05:08:28;P+R Krowodrza Górka;94
2026-05-14 05:08:28;P+R Czerwone Maki;179
2026-05-14 05:08:28;P+R Mały Płaszów;153
2026-05-14 05:08:28;P+R Nowy Bieżanów;97
2026-05-14 05:08:28;P+R Kurdwanów;152
2026-05-14 05:33:57;P+R Górka Narodowa;432
2026-05-14 05:33:57;P+R Pachońskiego;80
2026-05-14 05:33:57;P+R Krowodrza Górka;93
2026-05-14 05:33:57;P+R Czerwone Maki;174
2026-05-14 05:33:57;P+R Mały Płaszów;152
2026-05-14 05:33:57;P+R Nowy Bieżanów;92
2026-05-14 05:33:57;P+R Kurdwanów;149
2026-05-14 06:08:33;P+R Górka Narodowa;426
2026-05-14 06:08:33;P+R Pachońskiego;62
2026-05-14 06:08:33;P+R Krowodrza Górka;83
2026-05-14 06:08:33;P+R Czerwone Maki;158
2026-05-14 06:08:33;P+R Mały Płaszów;148
2026-05-14 06:08:33;P+R Nowy Bieżanów;81
2026-05-14 06:08:33;P+R Kurdwanów;141
2026-05-14 06:34:13;P+R Górka Narodowa;405
2026-05-14 06:34:13;P+R Pachońskiego;42
2026-05-14 06:34:13;P+R Krowodrza Górka;72
2026-05-14 06:34:13;P+R Czerwone Maki;146
2026-05-14 06:34:13;P+R Mały Płaszów;141
2026-05-14 06:34:13;P+R Nowy Bieżanów;59
2026-05-14 06:34:13;P+R Kurdwanów;126
2026-05-14 07:08:31;P+R Górka Narodowa;376
2026-05-14 07:08:31;P+R Pachońskiego;8
2026-05-14 07:08:31;P+R Krowodrza Górka;50
2026-05-14 07:08:31;P+R Czerwone Maki;122
2026-05-14 07:08:31;P+R Mały Płaszów;127
2026-05-14 07:08:31;P+R Nowy Bieżanów;27
2026-05-14 07:08:31;P+R Kurdwanów;106
2026-05-14 07:34:03;P+R Górka Narodowa;344
2026-05-14 07:34:03;P+R Pachońskiego;0
2026-05-14 07:34:03;P+R Krowodrza Górka;20
2026-05-14 07:34:03;P+R Czerwone Maki;95
2026-05-14 07:34:03;P+R Mały Płaszów;118
2026-05-14 07:34:03;P+R Nowy Bieżanów;9
2026-05-14 07:34:03;P+R Kurdwanów;90
2026-05-14 08:08:35;P+R Górka Narodowa;318
2026-05-14 08:08:35;P+R Pachońskiego;0
2026-05-14 08:08:35;P+R Krowodrza Górka;7
2026-05-14 08:08:35;P+R Czerwone Maki;69
2026-05-14 08:08:35;P+R Mały Płaszów;108
2026-05-14 08:08:35;P+R Nowy Bieżanów;5
2026-05-14 08:08:35;P+R Kurdwanów;74
2026-05-14 08:34:19;P+R Górka Narodowa;286
2026-05-14 08:34:19;P+R Pachońskiego;0
2026-05-14 08:34:19;P+R Krowodrza Górka;1
2026-05-14 08:34:19;P+R Czerwone Maki;49
2026-05-14 08:34:19;P+R Mały Płaszów;102
2026-05-14 08:34:19;P+R Nowy Bieżanów;0
2026-05-14 08:34:19;P+R Kurdwanów;58
2026-05-14 09:08:24;P+R Górka Narodowa;256
2026-05-14 09:08:24;P+R Pachońskiego;0
2026-05-14 09:08:24;P+R Krowodrza Górka;0
2026-05-14 09:08:24;P+R Czerwone Maki;21
2026-05-14 09:08:24;P+R Mały Płaszów;93
2026-05-14 09:08:24;P+R Nowy Bieżanów;0
2026-05-14 09:08:24;P+R Kurdwanów;51
2026-05-14 09:34:52;P+R Górka Narodowa;240
2026-05-14 09:34:52;P+R Pachońskiego;0
2026-05-14 09:34:52;P+R Krowodrza Górka;0
2026-05-14 09:34:52;P+R Czerwone Maki;15
2026-05-14 09:34:52;P+R Mały Płaszów;89
2026-05-14 09:34:52;P+R Nowy Bieżanów;0
2026-05-14 09:34:52;P+R Kurdwanów;44
2026-05-14 10:08:37;P+R Górka Narodowa;227
2026-05-14 10:08:37;P+R Pachońskiego;0
2026-05-14 10:08:37;P+R Krowodrza Górka;0
2026-05-14 10:08:37;P+R Czerwone Maki;9
2026-05-14 10:08:37;P+R Mały Płaszów;85
2026-05-14 10:08:37;P+R Nowy Bieżanów;0
2026-05-14 10:08:37;P+R Kurdwanów;35
2026-05-14 10:34:14;P+R Górka Narodowa;222
2026-05-14 10:34:14;P+R Pachońskiego;0
2026-05-14 10:34:14;P+R Krowodrza Górka;0
2026-05-14 10:34:14;P+R Czerwone Maki;3
2026-05-14 10:34:14;P+R Mały Płaszów;83
2026-05-14 10:34:14;P+R Nowy Bieżanów;0
2026-05-14 10:34:14;P+R Kurdwanów;32
2026-05-14 11:08:41;P+R Górka Narodowa;212
2026-05-14 11:08:41;P+R Pachońskiego;0
2026-05-14 11:08:41;P+R Krowodrza Górka;0
2026-05-14 11:08:41;P+R Czerwone Maki;0
2026-05-14 11:08:41;P+R Mały Płaszów;81
2026-05-14 11:08:41;P+R Nowy Bieżanów;0
2026-05-14 11:08:41;P+R Kurdwanów;27
2026-05-14 11:33:58;P+R Górka Narodowa;204
2026-05-14 11:33:58;P+R Pachońskiego;0
2026-05-14 11:33:58;P+R Krowodrza Górka;0
2026-05-14 11:33:58;P+R Czerwone Maki;1
2026-05-14 11:33:58;P+R Mały Płaszów;81
2026-05-14 11:33:58;P+R Nowy Bieżanów;0
2026-05-14 11:33:58;P+R Kurdwanów;27
2026-05-14 12:08:33;P+R Górka Narodowa;209
2026-05-14 12:08:33;P+R Pachońskiego;0
2026-05-14 12:08:33;P+R Krowodrza Górka;0
2026-05-14 12:08:33;P+R Czerwone Maki;0
2026-05-14 12:08:33;P+R Mały Płaszów;81
2026-05-14 12:08:33;P+R Nowy Bieżanów;0
2026-05-14 12:08:33;P+R Kurdwanów;26
2026-05-14 12:34:14;P+R Górka Narodowa;197
2026-05-14 12:34:14;P+R Pachońskiego;0
2026-05-14 12:34:14;P+R Krowodrza Górka;0
2026-05-14 12:34:14;P+R Czerwone Maki;0
2026-05-14 12:34:14;P+R Mały Płaszów;80
2026-05-14 12:34:14;P+R Nowy Bieżanów;0
2026-05-14 12:34:14;P+R Kurdwanów;27
2026-05-14 13:08:40;P+R Górka Narodowa;195
2026-05-14 13:08:40;P+R Pachońskiego;2
2026-05-14 13:08:40;P+R Krowodrza Górka;5
2026-05-14 13:08:40;P+R Czerwone Maki;1
2026-05-14 13:08:40;P+R Mały Płaszów;81
2026-05-14 13:08:40;P+R Nowy Bieżanów;0
2026-05-14 13:08:40;P+R Kurdwanów;30
2026-05-14 13:34:16;P+R Górka Narodowa;190
2026-05-14 13:34:16;P+R Pachońskiego;3
2026-05-14 13:34:16;P+R Krowodrza Górka;6
2026-05-14 13:34:16;P+R Czerwone Maki;1
2026-05-14 13:34:16;P+R Mały Płaszów;80
2026-05-14 13:34:16;P+R Nowy Bieżanów;2
2026-05-14 13:34:16;P+R Kurdwanów;36
2026-05-14 14:08:34;P+R Górka Narodowa;208
2026-05-14 14:08:34;P+R Pachońskiego;5
2026-05-14 14:08:34;P+R Krowodrza Górka;3
2026-05-14 14:08:34;P+R Czerwone Maki;11
2026-05-14 14:08:34;P+R Mały Płaszów;80
2026-05-14 14:08:34;P+R Nowy Bieżanów;3
2026-05-14 14:08:34;P+R Kurdwanów;37
2026-05-14 14:34:05;P+R Górka Narodowa;207
2026-05-14 14:34:05;P+R Pachońskiego;2
2026-05-14 14:34:05;P+R Krowodrza Górka;0
2026-05-14 14:34:05;P+R Czerwone Maki;16
2026-05-14 14:34:05;P+R Mały Płaszów;82
2026-05-14 14:34:05;P+R Nowy Bieżanów;5
2026-05-14 14:34:05;P+R Kurdwanów;43
2026-05-14 15:08:25;P+R Górka Narodowa;217
2026-05-14 15:08:25;P+R Pachońskiego;13
2026-05-14 15:08:25;P+R Krowodrza Górka;2
2026-05-14 15:08:25;P+R Czerwone Maki;29
2026-05-14 15:08:25;P+R Mały Płaszów;89
2026-05-14 15:08:25;P+R Nowy Bieżanów;4
2026-05-14 15:08:25;P+R Kurdwanów;48
2026-05-14 15:34:07;P+R Górka Narodowa;233
2026-05-14 15:34:07;P+R Pachońskiego;26
2026-05-14 15:34:07;P+R Krowodrza Górka;19
2026-05-14 15:34:07;P+R Czerwone Maki;41
2026-05-14 15:34:07;P+R Mały Płaszów;92
2026-05-14 15:34:07;P+R Nowy Bieżanów;15
2026-05-14 15:34:07;P+R Kurdwanów;59
2026-05-14 16:08:39;P+R Górka Narodowa;256
2026-05-14 16:08:39;P+R Pachońskiego;39
2026-05-14 16:08:39;P+R Krowodrza Górka;32
2026-05-14 16:08:39;P+R Czerwone Maki;58
2026-05-14 16:08:39;P+R Mały Płaszów;99
2026-05-14 16:08:39;P+R Nowy Bieżanów;40
2026-05-14 16:08:39;P+R Kurdwanów;74
2026-05-14 16:34:00;P+R Górka Narodowa;272
2026-05-14 16:34:00;P+R Pachońskiego;44
2026-05-14 16:34:00;P+R Krowodrza Górka;45
2026-05-14 16:34:00;P+R Czerwone Maki;69
2026-05-14 16:34:00;P+R Mały Płaszów;105
2026-05-14 16:34:00;P+R Nowy Bieżanów;56
2026-05-14 16:34:00;P+R Kurdwanów;83
2026-05-14 17:08:34;P+R Górka Narodowa;304
2026-05-14 17:08:34;P+R Pachońskiego;53
2026-05-14 17:08:34;P+R Krowodrza Górka;56
2026-05-14 17:08:34;P+R Czerwone Maki;91
2026-05-14 17:08:34;P+R Mały Płaszów;116
2026-05-14 17:08:34;P+R Nowy Bieżanów;68
2026-05-14 17:08:34;P+R Kurdwanów;97
2026-05-14 17:33:56;P+R Górka Narodowa;311
2026-05-14 17:33:56;P+R Pachońskiego;56
2026-05-14 17:33:56;P+R Krowodrza Górka;56
2026-05-14 17:33:56;P+R Czerwone Maki;109
2026-05-14 17:33:56;P+R Mały Płaszów;121
2026-05-14 17:33:56;P+R Nowy Bieżanów;77
2026-05-14 17:33:56;P+R Kurdwanów;103
2026-05-14 18:08:40;P+R Górka Narodowa;331
2026-05-14 18:08:40;P+R Pachońskiego;60
2026-05-14 18:08:40;P+R Krowodrza Górka;54
2026-05-14 18:08:40;P+R Czerwone Maki;122
2026-05-14 18:08:40;P+R Mały Płaszów;125
2026-05-14 18:08:40;P+R Nowy Bieżanów;80
2026-05-14 18:08:40;P+R Kurdwanów;112
2026-05-14 18:33:55;P+R Górka Narodowa;349
2026-05-14 18:33:55;P+R Pachońskiego;64
2026-05-14 18:33:55;P+R Krowodrza Górka;61
2026-05-14 18:33:55;P+R Czerwone Maki;125
2026-05-14 18:33:55;P+R Mały Płaszów;128
2026-05-14 18:33:55;P+R Nowy Bieżanów;86
2026-05-14 18:33:55;P+R Kurdwanów;116
2026-05-14 19:08:32;P+R Górka Narodowa;372
2026-05-14 19:08:32;P+R Pachońskiego;66
2026-05-14 19:08:32;P+R Krowodrza Górka;66
2026-05-14 19:08:32;P+R Czerwone Maki;133
2026-05-14 19:08:32;P+R Mały Płaszów;132
2026-05-14 19:08:32;P+R Nowy Bieżanów;89
2026-05-14 19:08:32;P+R Kurdwanów;125
2026-05-14 19:34:07;P+R Górka Narodowa;381
2026-05-14 19:34:07;P+R Pachońskiego;69
2026-05-14 19:34:07;P+R Krowodrza Górka;69
2026-05-14 19:34:07;P+R Czerwone Maki;140
2026-05-14 19:34:07;P+R Mały Płaszów;135
2026-05-14 19:34:07;P+R Nowy Bieżanów;90
2026-05-14 19:34:07;P+R Kurdwanów;128
2026-05-14 20:08:39;P+R Górka Narodowa;387
2026-05-14 20:08:39;P+R Pachońskiego;72
2026-05-14 20:08:39;P+R Krowodrza Górka;74
2026-05-14 20:08:39;P+R Czerwone Maki;146
2026-05-14 20:08:39;P+R Mały Płaszów;138
2026-05-14 20:08:39;P+R Nowy Bieżanów;92
2026-05-14 20:08:39;P+R Kurdwanów;131
2026-05-14 20:34:17;P+R Górka Narodowa;400
2026-05-14 20:34:17;P+R Pachońskiego;75
2026-05-14 20:34:17;P+R Krowodrza Górka;76
2026-05-14 20:34:17;P+R Czerwone Maki;152
2026-05-14 20:34:17;P+R Mały Płaszów;141
2026-05-14 20:34:17;P+R Nowy Bieżanów;92
2026-05-14 20:34:17;P+R Kurdwanów;134
2026-05-14 21:08:25;P+R Górka Narodowa;407
2026-05-14 21:08:25;P+R Pachońskiego;79
2026-05-14 21:08:25;P+R Krowodrza Górka;78
2026-05-14 21:08:25;P+R Czerwone Maki;156
2026-05-14 21:08:25;P+R Mały Płaszów;146
2026-05-14 21:08:25;P+R Nowy Bieżanów;95
2026-05-14 21:08:25;P+R Kurdwanów;137
2026-05-14 21:34:06;P+R Górka Narodowa;416
2026-05-14 21:34:06;P+R Pachońskiego;80
2026-05-14 21:34:06;P+R Krowodrza Górka;79
2026-05-14 21:34:06;P+R Czerwone Maki;165
2026-05-14 21:34:06;P+R Mały Płaszów;149
2026-05-14 21:34:06;P+R Nowy Bieżanów;97
2026-05-14 21:34:06;P+R Kurdwanów;139
2026-05-14 22:08:56;P+R Górka Narodowa;421
2026-05-14 22:08:56;P+R Pachońskiego;84
2026-05-14 22:08:56;P+R Krowodrza Górka;85
2026-05-14 22:08:56;P+R Czerwone Maki;168
2026-05-14 22:08:56;P+R Mały Płaszów;150
2026-05-14 22:08:56;P+R Nowy Bieżanów;98
2026-05-14 22:08:56;P+R Kurdwanów;142
2026-05-14 22:34:17;P+R Górka Narodowa;423
2026-05-14 22:34:17;P+R Pachońskiego;84
2026-05-14 22:34:17;P+R Krowodrza Górka;90
2026-05-14 22:34:17;P+R Czerwone Maki;170
2026-05-14 22:34:17;P+R Mały Płaszów;153
2026-05-14 22:34:17;P+R Nowy Bieżanów;98
2026-05-14 22:34:17;P+R Kurdwanów;144
2026-05-14 23:08:34;P+R Górka Narodowa;428
2026-05-14 23:08:34;P+R Pachońskiego;85
2026-05-14 23:08:34;P+R Krowodrza Górka;94
2026-05-14 23:08:34;P+R Czerwone Maki;173
2026-05-14 23:08:34;P+R Mały Płaszów;153
2026-05-14 23:08:34;P+R Nowy Bieżanów;98
2026-05-14 23:08:34;P+R Kurdwanów;146
2026-05-14 23:33:52;P+R Górka Narodowa;430
2026-05-14 23:33:52;P+R Pachońskiego;86
2026-05-14 23:33:52;P+R Krowodrza Górka;96
2026-05-14 23:33:52;P+R Czerwone Maki;175
2026-05-14 23:33:52;P+R Mały Płaszów;154
2026-05-14 23:33:52;P+R Nowy Bieżanów;100
2026-05-14 23:33:52;P+R Kurdwanów;148
2026-05-15 01:08:27;P+R Górka Narodowa;431
2026-05-15 01:08:27;P+R Pachońskiego;88
2026-05-15 01:08:27;P+R Krowodrza Górka;96
2026-05-15 01:08:27;P+R Czerwone Maki;177
2026-05-15 01:08:27;P+R Mały Płaszów;155
2026-05-15 01:08:27;P+R Nowy Bieżanów;100
2026-05-15 01:08:27;P+R Kurdwanów;149
2026-05-15 01:33:57;P+R Górka Narodowa;432
2026-05-15 01:33:57;P+R Pachońskiego;88
2026-05-15 01:33:57;P+R Krowodrza Górka;96
2026-05-15 01:33:57;P+R Czerwone Maki;179
2026-05-15 01:33:57;P+R Mały Płaszów;155
2026-05-15 01:33:57;P+R Nowy Bieżanów;100
2026-05-15 01:33:57;P+R Kurdwanów;150
2026-05-15 02:08:31;P+R Górka Narodowa;432
2026-05-15 02:08:31;P+R Pachońskiego;88
2026-05-15 02:08:31;P+R Krowodrza Górka;97
2026-05-15 02:08:31;P+R Czerwone Maki;183
2026-05-15 02:08:31;P+R Mały Płaszów;155
2026-05-15 02:08:31;P+R Nowy Bieżanów;100
2026-05-15 02:08:31;P+R Kurdwanów;156
2026-05-15 02:34:02;P+R Górka Narodowa;432
2026-05-15 02:34:02;P+R Pachońskiego;88
2026-05-15 02:34:02;P+R Krowodrza Górka;97
2026-05-15 02:34:02;P+R Czerwone Maki;183
2026-05-15 02:34:02;P+R Mały Płaszów;155
2026-05-15 02:34:02;P+R Nowy Bieżanów;100
2026-05-15 02:34:02;P+R Kurdwanów;156
2026-05-15 03:08:27;P+R Górka Narodowa;432
2026-05-15 03:08:27;P+R Pachońskiego;88
2026-05-15 03:08:27;P+R Krowodrza Górka;97
2026-05-15 03:08:27;P+R Czerwone Maki;183
2026-05-15 03:08:27;P+R Mały Płaszów;155
2026-05-15 03:08:27;P+R Nowy Bieżanów;100
2026-05-15 03:08:27;P+R Kurdwanów;156
2026-05-15 03:33:58;P+R Górka Narodowa;432
2026-05-15 03:33:58;P+R Pachońskiego;88
2026-05-15 03:33:58;P+R Krowodrza Górka;97
2026-05-15 03:33:58;P+R Czerwone Maki;183
2026-05-15 03:33:58;P+R Mały Płaszów;155
2026-05-15 03:33:58;P+R Nowy Bieżanów;100
2026-05-15 03:33:58;P+R Kurdwanów;156
2026-05-15 04:08:27;P+R Górka Narodowa;432
2026-05-15 04:08:27;P+R Pachońskiego;88
2026-05-15 04:08:27;P+R Krowodrza Górka;97
2026-05-15 04:08:27;P+R Czerwone Maki;183
2026-05-15 04:08:27;P+R Mały Płaszów;155
2026-05-15 04:08:27;P+R Nowy Bieżanów;100
2026-05-15 04:08:27;P+R Kurdwanów;156
2026-05-15 04:33:53;P+R Górka Narodowa;432
2026-05-15 04:33:53;P+R Pachońskiego;88
2026-05-15 04:33:53;P+R Krowodrza Górka;97
2026-05-15 04:33:53;P+R Czerwone Maki;183
2026-05-15 04:33:53;P+R Mały Płaszów;155
2026-05-15 04:33:53;P+R Nowy Bieżanów;100
2026-05-15 04:33:53;P+R Kurdwanów;155
2026-05-15 05:08:25;P+R Górka Narodowa;430
2026-05-15 05:08:25;P+R Pachońskiego;86
2026-05-15 05:08:25;P+R Krowodrza Górka;93
2026-05-15 05:08:25;P+R Czerwone Maki;183
2026-05-15 05:08:25;P+R Mały Płaszów;154
2026-05-15 05:08:25;P+R Nowy Bieżanów;100
2026-05-15 05:08:25;P+R Kurdwanów;153
2026-05-15 05:33:59;P+R Górka Narodowa;427
2026-05-15 05:33:59;P+R Pachońskiego;81
2026-05-15 05:33:59;P+R Krowodrza Górka;89
2026-05-15 05:33:59;P+R Czerwone Maki;183
2026-05-15 05:33:59;P+R Mały Płaszów;154
2026-05-15 05:33:59;P+R Nowy Bieżanów;96
2026-05-15 05:33:59;P+R Kurdwanów;145
2026-05-15 06:08:33;P+R Górka Narodowa;424
2026-05-15 06:08:33;P+R Pachońskiego;66
2026-05-15 06:08:33;P+R Krowodrza Górka;83
2026-05-15 06:08:33;P+R Czerwone Maki;184
2026-05-15 06:08:33;P+R Mały Płaszów;151
2026-05-15 06:08:33;P+R Nowy Bieżanów;87
2026-05-15 06:08:33;P+R Kurdwanów;140
2026-05-15 06:33:52;P+R Górka Narodowa;409
2026-05-15 06:33:52;P+R Pachońskiego;51
2026-05-15 06:33:52;P+R Krowodrza Górka;76
2026-05-15 06:33:52;P+R Czerwone Maki;171
2026-05-15 06:33:52;P+R Mały Płaszów;147
2026-05-15 06:33:52;P+R Nowy Bieżanów;69
2026-05-15 06:33:52;P+R Kurdwanów;134
2026-05-15 07:08:38;P+R Górka Narodowa;382
2026-05-15 07:08:38;P+R Pachońskiego;13
2026-05-15 07:08:38;P+R Krowodrza Górka;39
2026-05-15 07:08:38;P+R Czerwone Maki;149
2026-05-15 07:08:38;P+R Mały Płaszów;141
2026-05-15 07:08:38;P+R Nowy Bieżanów;42
2026-05-15 07:08:38;P+R Kurdwanów;117
2026-05-15 07:33:58;P+R Górka Narodowa;345
2026-05-15 07:33:58;P+R Pachońskiego;2
2026-05-15 07:33:58;P+R Krowodrza Górka;5
2026-05-15 07:33:58;P+R Czerwone Maki;128
2026-05-15 07:33:58;P+R Mały Płaszów;133
2026-05-15 07:33:58;P+R Nowy Bieżanów;28
2026-05-15 07:33:58;P+R Kurdwanów;112
2026-05-15 08:09:00;P+R Górka Narodowa;301
2026-05-15 08:09:00;P+R Pachońskiego;1
2026-05-15 08:09:00;P+R Krowodrza Górka;0
2026-05-15 08:09:00;P+R Czerwone Maki;100
2026-05-15 08:09:00;P+R Mały Płaszów;126
2026-05-15 08:09:00;P+R Nowy Bieżanów;22
2026-05-15 08:09:00;P+R Kurdwanów;95
2026-05-15 08:33:53;P+R Górka Narodowa;285
2026-05-15 08:33:53;P+R Pachońskiego;0
2026-05-15 08:33:53;P+R Krowodrza Górka;1
2026-05-15 08:33:53;P+R Czerwone Maki;87
2026-05-15 08:33:53;P+R Mały Płaszów;122
2026-05-15 08:33:53;P+R Nowy Bieżanów;18
2026-05-15 08:33:53;P+R Kurdwanów;87
2026-05-15 09:08:21;P+R Górka Narodowa;259
2026-05-15 09:08:21;P+R Pachońskiego;1
2026-05-15 09:08:21;P+R Krowodrza Górka;0
2026-05-15 09:08:21;P+R Czerwone Maki;74
2026-05-15 09:08:21;P+R Mały Płaszów;120
2026-05-15 09:08:21;P+R Nowy Bieżanów;15
2026-05-15 09:08:21;P+R Kurdwanów;79
2026-05-15 09:34:09;P+R Górka Narodowa;244
2026-05-15 09:34:09;P+R Pachońskiego;0
2026-05-15 09:34:09;P+R Krowodrza Górka;0
2026-05-15 09:34:09;P+R Czerwone Maki;68
2026-05-15 09:34:09;P+R Mały Płaszów;118
2026-05-15 09:34:09;P+R Nowy Bieżanów;14
2026-05-15 09:34:09;P+R Kurdwanów;77
2026-05-15 10:08:47;P+R Górka Narodowa;235
2026-05-15 10:08:47;P+R Pachońskiego;1
2026-05-15 10:08:47;P+R Krowodrza Górka;0
2026-05-15 10:08:47;P+R Czerwone Maki;62
2026-05-15 10:08:47;P+R Mały Płaszów;115
2026-05-15 10:08:47;P+R Nowy Bieżanów;12
2026-05-15 10:08:47;P+R Kurdwanów;76
2026-05-15 10:34:21;P+R Górka Narodowa;225
2026-05-15 10:34:21;P+R Pachońskiego;2
2026-05-15 10:34:21;P+R Krowodrza Górka;0
2026-05-15 10:34:21;P+R Czerwone Maki;58
2026-05-15 10:34:21;P+R Mały Płaszów;115
2026-05-15 10:34:21;P+R Nowy Bieżanów;11
2026-05-15 10:34:21;P+R Kurdwanów;75
2026-05-15 11:08:23;P+R Górka Narodowa;223
2026-05-15 11:08:23;P+R Pachońskiego;1
2026-05-15 11:08:23;P+R Krowodrza Górka;0
2026-05-15 11:08:23;P+R Czerwone Maki;52
2026-05-15 11:08:23;P+R Mały Płaszów;114
2026-05-15 11:08:23;P+R Nowy Bieżanów;9
2026-05-15 11:08:23;P+R Kurdwanów;71
2026-05-15 11:34:02;P+R Górka Narodowa;220
2026-05-15 11:34:02;P+R Pachońskiego;1
2026-05-15 11:34:02;P+R Krowodrza Górka;1
2026-05-15 11:34:02;P+R Czerwone Maki;53
2026-05-15 11:34:02;P+R Mały Płaszów;113
2026-05-15 11:34:02;P+R Nowy Bieżanów;7
2026-05-15 11:34:02;P+R Kurdwanów;68
2026-05-15 12:08:20;P+R Górka Narodowa;227
2026-05-15 12:08:20;P+R Pachońskiego;0
2026-05-15 12:08:20;P+R Krowodrza Górka;1
2026-05-15 12:08:20;P+R Czerwone Maki;48
2026-05-15 12:08:20;P+R Mały Płaszów;113
2026-05-15 12:08:20;P+R Nowy Bieżanów;5
2026-05-15 12:08:20;P+R Kurdwanów;66
2026-05-15 12:34:03;P+R Górka Narodowa;230
2026-05-15 12:34:03;P+R Pachońskiego;1
2026-05-15 12:34:03;P+R Krowodrza Górka;4
2026-05-15 12:34:03;P+R Czerwone Maki;48
2026-05-15 12:34:03;P+R Mały Płaszów;113
2026-05-15 12:34:03;P+R Nowy Bieżanów;7
2026-05-15 12:34:03;P+R Kurdwanów;62
2026-05-15 13:08:32;P+R Górka Narodowa;238
2026-05-15 13:08:32;P+R Pachońskiego;2
2026-05-15 13:08:32;P+R Krowodrza Górka;8
2026-05-15 13:08:32;P+R Czerwone Maki;51
2026-05-15 13:08:32;P+R Mały Płaszów;110
2026-05-15 13:08:32;P+R Nowy Bieżanów;8
2026-05-15 13:08:32;P+R Kurdwanów;64
2026-05-15 13:34:02;P+R Górka Narodowa;239
2026-05-15 13:34:02;P+R Pachońskiego;5
2026-05-15 13:34:02;P+R Krowodrza Górka;7
2026-05-15 13:34:02;P+R Czerwone Maki;52
2026-05-15 13:34:02;P+R Mały Płaszów;106
2026-05-15 13:34:02;P+R Nowy Bieżanów;10
2026-05-15 13:34:02;P+R Kurdwanów;65
2026-05-15 14:08:28;P+R Górka Narodowa;248
2026-05-15 14:08:28;P+R Pachońskiego;14
2026-05-15 14:08:28;P+R Krowodrza Górka;10
2026-05-15 14:08:28;P+R Czerwone Maki;57
2026-05-15 14:08:28;P+R Mały Płaszów;106
2026-05-15 14:08:28;P+R Nowy Bieżanów;14
2026-05-15 14:08:28;P+R Kurdwanów;70
2026-05-15 14:34:10;P+R Górka Narodowa;250
2026-05-15 14:34:10;P+R Pachońskiego;17
2026-05-15 14:34:10;P+R Krowodrza Górka;14
2026-05-15 14:34:10;P+R Czerwone Maki;63
2026-05-15 14:34:10;P+R Mały Płaszów;107
2026-05-15 14:34:10;P+R Nowy Bieżanów;17
2026-05-15 14:34:10;P+R Kurdwanów;74
2026-05-15 15:08:26;P+R Górka Narodowa;261
2026-05-15 15:08:26;P+R Pachońskiego;30
2026-05-15 15:08:26;P+R Krowodrza Górka;21
2026-05-15 15:08:26;P+R Czerwone Maki;67
2026-05-15 15:08:26;P+R Mały Płaszów;108
2026-05-15 15:08:26;P+R Nowy Bieżanów;24
2026-05-15 15:08:26;P+R Kurdwanów;86
2026-05-15 15:33:52;P+R Górka Narodowa;276
2026-05-15 15:33:52;P+R Pachońskiego;40
2026-05-15 15:33:52;P+R Krowodrza Górka;26
2026-05-15 15:33:52;P+R Czerwone Maki;78
2026-05-15 15:33:52;P+R Mały Płaszów;113
2026-05-15 15:33:52;P+R Nowy Bieżanów;28
2026-05-15 15:33:52;P+R Kurdwanów;94
2026-05-15 16:08:42;P+R Górka Narodowa;303
2026-05-15 16:08:42;P+R Pachońskiego;57
2026-05-15 16:08:42;P+R Krowodrza Górka;42
2026-05-15 16:08:42;P+R Czerwone Maki;93
2026-05-15 16:08:42;P+R Mały Płaszów;118
2026-05-15 16:08:42;P+R Nowy Bieżanów;42
2026-05-15 16:08:42;P+R Kurdwanów;104
2026-05-15 16:33:55;P+R Górka Narodowa;313
2026-05-15 16:33:55;P+R Pachońskiego;63
2026-05-15 16:33:55;P+R Krowodrza Górka;56
2026-05-15 16:33:55;P+R Czerwone Maki;106
2026-05-15 16:33:55;P+R Mały Płaszów;119
2026-05-15 16:33:55;P+R Nowy Bieżanów;49
2026-05-15 16:33:55;P+R Kurdwanów;111
2026-05-15 17:08:37;P+R Górka Narodowa;335
2026-05-15 17:08:37;P+R Pachońskiego;62
2026-05-15 17:08:37;P+R Krowodrza Górka;63
2026-05-15 17:08:37;P+R Czerwone Maki;116
2026-05-15 17:08:37;P+R Mały Płaszów;123
2026-05-15 17:08:37;P+R Nowy Bieżanów;63
2026-05-15 17:08:37;P+R Kurdwanów;117
2026-05-15 17:33:59;P+R Górka Narodowa;348
2026-05-15 17:33:59;P+R Pachońskiego;67
2026-05-15 17:33:59;P+R Krowodrza Górka;59
2026-05-15 17:33:59;P+R Czerwone Maki;119
2026-05-15 17:33:59;P+R Mały Płaszów;126
2026-05-15 17:33:59;P+R Nowy Bieżanów;67
2026-05-15 17:33:59;P+R Kurdwanów;123
2026-05-15 18:08:59;P+R Górka Narodowa;349
2026-05-15 18:08:59;P+R Pachońskiego;71
2026-05-15 18:08:59;P+R Krowodrza Górka;69
2026-05-15 18:08:59;P+R Czerwone Maki;124
2026-05-15 18:08:59;P+R Mały Płaszów;130
2026-05-15 18:08:59;P+R Nowy Bieżanów;75
2026-05-15 18:08:59;P+R Kurdwanów;130
2026-05-15 18:34:09;P+R Górka Narodowa;355
2026-05-15 18:34:09;P+R Pachońskiego;69
2026-05-15 18:34:09;P+R Krowodrza Górka;68
2026-05-15 18:34:09;P+R Czerwone Maki;127
2026-05-15 18:34:09;P+R Mały Płaszów;131
2026-05-15 18:34:09;P+R Nowy Bieżanów;75
2026-05-15 18:34:09;P+R Kurdwanów;132
2026-05-15 19:08:39;P+R Górka Narodowa;366
2026-05-15 19:08:39;P+R Pachońskiego;70
2026-05-15 19:08:39;P+R Krowodrza Górka;62
2026-05-15 19:08:39;P+R Czerwone Maki;128
2026-05-15 19:08:39;P+R Mały Płaszów;133
2026-05-15 19:08:39;P+R Nowy Bieżanów;76
2026-05-15 19:08:39;P+R Kurdwanów;133
2026-05-15 19:33:56;P+R Górka Narodowa;373
2026-05-15 19:33:56;P+R Pachońskiego;70
2026-05-15 19:33:56;P+R Krowodrza Górka;63
2026-05-15 19:33:56;P+R Czerwone Maki;130
2026-05-15 19:33:56;P+R Mały Płaszów;135
2026-05-15 19:33:56;P+R Nowy Bieżanów;77
2026-05-15 19:33:56;P+R Kurdwanów;132
2026-05-15 20:08:34;P+R Górka Narodowa;380
2026-05-15 20:08:34;P+R Pachońskiego;70
2026-05-15 20:08:34;P+R Krowodrza Górka;59
2026-05-15 20:08:34;P+R Czerwone Maki;133
2026-05-15 20:08:34;P+R Mały Płaszów;137
2026-05-15 20:08:34;P+R Nowy Bieżanów;82
2026-05-15 20:08:34;P+R Kurdwanów;138
2026-05-15 20:33:55;P+R Górka Narodowa;388
2026-05-15 20:33:55;P+R Pachońskiego;73
2026-05-15 20:33:55;P+R Krowodrza Górka;64
2026-05-15 20:33:55;P+R Czerwone Maki;137
2026-05-15 20:33:55;P+R Mały Płaszów;138
2026-05-15 20:33:55;P+R Nowy Bieżanów;87
2026-05-15 20:33:55;P+R Kurdwanów;139
2026-05-15 21:08:23;P+R Górka Narodowa;401
2026-05-15 21:08:23;P+R Pachońskiego;73
2026-05-15 21:08:23;P+R Krowodrza Górka;68
2026-05-15 21:08:23;P+R Czerwone Maki;142
2026-05-15 21:08:23;P+R Mały Płaszów;140
2026-05-15 21:08:23;P+R Nowy Bieżanów;89
2026-05-15 21:08:23;P+R Kurdwanów;143
2026-05-15 21:33:54;P+R Górka Narodowa;407
2026-05-15 21:33:54;P+R Pachońskiego;76
2026-05-15 21:33:54;P+R Krowodrza Górka;71
2026-05-15 21:33:54;P+R Czerwone Maki;144
2026-05-15 21:33:54;P+R Mały Płaszów;142
2026-05-15 21:33:54;P+R Nowy Bieżanów;92
2026-05-15 21:33:54;P+R Kurdwanów;145
2026-05-15 22:08:23;P+R Górka Narodowa;418
2026-05-15 22:08:23;P+R Pachońskiego;79
2026-05-15 22:08:23;P+R Krowodrza Górka;73
2026-05-15 22:08:23;P+R Czerwone Maki;151
2026-05-15 22:08:23;P+R Mały Płaszów;143
2026-05-15 22:08:23;P+R Nowy Bieżanów;92
2026-05-15 22:08:23;P+R Kurdwanów;146
2026-05-15 22:33:58;P+R Górka Narodowa;426
2026-05-15 22:33:58;P+R Pachońskiego;79
2026-05-15 22:33:58;P+R Krowodrza Górka;84
2026-05-15 22:33:58;P+R Czerwone Maki;153
2026-05-15 22:33:58;P+R Mały Płaszów;145
2026-05-15 22:33:58;P+R Nowy Bieżanów;93
2026-05-15 22:33:58;P+R Kurdwanów;146
2026-05-15 23:08:40;P+R Górka Narodowa;428
2026-05-15 23:08:40;P+R Pachońskiego;79
2026-05-15 23:08:40;P+R Krowodrza Górka;88
2026-05-15 23:08:40;P+R Czerwone Maki;157
2026-05-15 23:08:40;P+R Mały Płaszów;150
2026-05-15 23:08:40;P+R Nowy Bieżanów;96
2026-05-15 23:08:40;P+R Kurdwanów;148
2026-05-15 23:34:10;P+R Górka Narodowa;430
2026-05-15 23:34:10;P+R Pachońskiego;81
2026-05-15 23:34:10;P+R Krowodrza Górka;90
2026-05-15 23:34:10;P+R Czerwone Maki;160
2026-05-15 23:34:10;P+R Mały Płaszów;150
2026-05-15 23:34:10;P+R Nowy Bieżanów;97
2026-05-15 23:34:10;P+R Kurdwanów;152
2026-05-16 00:08:28;P+R Górka Narodowa;432
2026-05-16 00:08:28;P+R Pachońskiego;85
2026-05-16 00:08:28;P+R Krowodrza Górka;95
2026-05-16 00:08:28;P+R Czerwone Maki;163
2026-05-16 00:08:28;P+R Mały Płaszów;150
2026-05-16 00:08:28;P+R Nowy Bieżanów;98
2026-05-16 00:08:28;P+R Kurdwanów;155
2026-05-16 00:33:58;P+R Górka Narodowa;435
2026-05-16 00:33:58;P+R Pachońskiego;86
2026-05-16 00:33:58;P+R Krowodrza Górka;96
2026-05-16 00:33:58;P+R Czerwone Maki;164
2026-05-16 00:33:58;P+R Mały Płaszów;151
2026-05-16 00:33:58;P+R Nowy Bieżanów;98
2026-05-16 00:33:58;P+R Kurdwanów;156
2026-05-16 01:08:23;P+R Górka Narodowa;436
2026-05-16 01:08:23;P+R Pachońskiego;86
2026-05-16 01:08:23;P+R Krowodrza Górka;97
2026-05-16 01:08:23;P+R Czerwone Maki;168
2026-05-16 01:08:23;P+R Mały Płaszów;153
2026-05-16 01:08:23;P+R Nowy Bieżanów;99
2026-05-16 01:08:23;P+R Kurdwanów;156
2026-05-16 01:34:10;P+R Górka Narodowa;436
2026-05-16 01:34:10;P+R Pachońskiego;87
2026-05-16 01:34:10;P+R Krowodrza Górka;97
2026-05-16 01:34:10;P+R Czerwone Maki;173
2026-05-16 01:34:10;P+R Mały Płaszów;155
2026-05-16 01:34:10;P+R Nowy Bieżanów;100
2026-05-16 01:34:10;P+R Kurdwanów;156
2026-05-16 02:08:31;P+R Górka Narodowa;436
2026-05-16 02:08:31;P+R Pachońskiego;87
2026-05-16 02:08:31;P+R Krowodrza Górka;97
2026-05-16 02:08:31;P+R Czerwone Maki;183
2026-05-16 02:08:31;P+R Mały Płaszów;155
2026-05-16 02:08:31;P+R Nowy Bieżanów;100
2026-05-16 02:08:31;P+R Kurdwanów;156
2026-05-16 02:34:11;P+R Górka Narodowa;436
2026-05-16 02:34:11;P+R Pachońskiego;88
2026-05-16 02:34:11;P+R Krowodrza Górka;97
2026-05-16 02:34:11;P+R Czerwone Maki;183
2026-05-16 02:34:11;P+R Mały Płaszów;155
2026-05-16 02:34:11;P+R Nowy Bieżanów;100
2026-05-16 02:34:11;P+R Kurdwanów;156
2026-05-16 03:08:21;P+R Górka Narodowa;436
2026-05-16 03:08:21;P+R Pachońskiego;88
2026-05-16 03:08:21;P+R Krowodrza Górka;97
2026-05-16 03:08:21;P+R Czerwone Maki;183
2026-05-16 03:08:21;P+R Mały Płaszów;155
2026-05-16 03:08:21;P+R Nowy Bieżanów;100
2026-05-16 03:08:21;P+R Kurdwanów;156
2026-05-16 03:34:05;P+R Górka Narodowa;436
2026-05-16 03:34:05;P+R Pachońskiego;88
2026-05-16 03:34:05;P+R Krowodrza Górka;97
2026-05-16 03:34:05;P+R Czerwone Maki;183
2026-05-16 03:34:05;P+R Mały Płaszów;155
2026-05-16 03:34:05;P+R Nowy Bieżanów;100
2026-05-16 03:34:05;P+R Kurdwanów;156
2026-05-16 04:08:21;P+R Górka Narodowa;436
2026-05-16 04:08:21;P+R Pachońskiego;88
2026-05-16 04:08:21;P+R Krowodrza Górka;97
2026-05-16 04:08:21;P+R Czerwone Maki;183
2026-05-16 04:08:21;P+R Mały Płaszów;155
2026-05-16 04:08:21;P+R Nowy Bieżanów;100
2026-05-16 04:08:21;P+R Kurdwanów;156
2026-05-16 04:33:55;P+R Górka Narodowa;435
2026-05-16 04:33:55;P+R Pachońskiego;88
2026-05-16 04:33:55;P+R Krowodrza Górka;97
2026-05-16 04:33:55;P+R Czerwone Maki;183
2026-05-16 04:33:55;P+R Mały Płaszów;155
2026-05-16 04:33:55;P+R Nowy Bieżanów;100
2026-05-16 04:33:55;P+R Kurdwanów;156
2026-05-16 05:08:24;P+R Górka Narodowa;434
2026-05-16 05:08:24;P+R Pachońskiego;86
2026-05-16 05:08:24;P+R Krowodrza Górka;97
2026-05-16 05:08:24;P+R Czerwone Maki;182
2026-05-16 05:08:24;P+R Mały Płaszów;155
2026-05-16 05:08:24;P+R Nowy Bieżanów;99
2026-05-16 05:08:24;P+R Kurdwanów;156
2026-05-16 05:34:04;P+R Górka Narodowa;433
2026-05-16 05:34:04;P+R Pachońskiego;84
2026-05-16 05:34:04;P+R Krowodrza Górka;96
2026-05-16 05:34:04;P+R Czerwone Maki;181
2026-05-16 05:34:04;P+R Mały Płaszów;155
2026-05-16 05:34:04;P+R Nowy Bieżanów;99
2026-05-16 05:34:04;P+R Kurdwanów;155
2026-05-16 06:08:23;P+R Górka Narodowa;431
2026-05-16 06:08:23;P+R Pachońskiego;83
2026-05-16 06:08:23;P+R Krowodrza Górka;94
2026-05-16 06:08:23;P+R Czerwone Maki;179
2026-05-16 06:08:23;P+R Mały Płaszów;155
2026-05-16 06:08:23;P+R Nowy Bieżanów;97
2026-05-16 06:08:23;P+R Kurdwanów;155
2026-05-16 06:33:51;P+R Górka Narodowa;430
2026-05-16 06:33:51;P+R Pachońskiego;80
2026-05-16 06:33:51;P+R Krowodrza Górka;92
2026-05-16 06:33:51;P+R Czerwone Maki;178
2026-05-16 06:33:51;P+R Mały Płaszów;153
2026-05-16 06:33:51;P+R Nowy Bieżanów;97
2026-05-16 06:33:51;P+R Kurdwanów;154
2026-05-16 07:08:30;P+R Górka Narodowa;427
2026-05-16 07:08:30;P+R Pachońskiego;78
2026-05-16 07:08:30;P+R Krowodrza Górka;90
2026-05-16 07:08:30;P+R Czerwone Maki;176
2026-05-16 07:08:30;P+R Mały Płaszów;151
2026-05-16 07:08:30;P+R Nowy Bieżanów;97
2026-05-16 07:08:30;P+R Kurdwanów;153
2026-05-16 07:34:00;P+R Górka Narodowa;423
2026-05-16 07:34:00;P+R Pachońskiego;76
2026-05-16 07:34:00;P+R Krowodrza Górka;86
2026-05-16 07:34:00;P+R Czerwone Maki;170
2026-05-16 07:34:00;P+R Mały Płaszów;150
2026-05-16 07:34:00;P+R Nowy Bieżanów;93
2026-05-16 07:34:00;P+R Kurdwanów;153
2026-05-16 08:08:23;P+R Górka Narodowa;416
2026-05-16 08:08:23;P+R Pachońskiego;75
2026-05-16 08:08:23;P+R Krowodrza Górka;84
2026-05-16 08:08:23;P+R Czerwone Maki;164
2026-05-16 08:08:23;P+R Mały Płaszów;149
2026-05-16 08:08:23;P+R Nowy Bieżanów;89
2026-05-16 08:08:23;P+R Kurdwanów;151
2026-05-16 08:34:02;P+R Górka Narodowa;409
2026-05-16 08:34:02;P+R Pachońskiego;72
2026-05-16 08:34:02;P+R Krowodrza Górka;77
2026-05-16 08:34:02;P+R Czerwone Maki;159
2026-05-16 08:34:02;P+R Mały Płaszów;147
2026-05-16 08:34:02;P+R Nowy Bieżanów;84
2026-05-16 08:34:02;P+R Kurdwanów;147
2026-05-16 09:08:22;P+R Górka Narodowa;403
2026-05-16 09:08:22;P+R Pachońskiego;67
2026-05-16 09:08:22;P+R Krowodrza Górka;63
2026-05-16 09:08:22;P+R Czerwone Maki;148
2026-05-16 09:08:22;P+R Mały Płaszów;146
2026-05-16 09:08:22;P+R Nowy Bieżanów;83
2026-05-16 09:08:22;P+R Kurdwanów;145
2026-05-16 09:33:58;P+R Górka Narodowa;399
2026-05-16 09:33:58;P+R Pachońskiego;64
2026-05-16 09:33:58;P+R Krowodrza Górka;55
2026-05-16 09:33:58;P+R Czerwone Maki;144
2026-05-16 09:33:58;P+R Mały Płaszów;145
2026-05-16 09:33:58;P+R Nowy Bieżanów;82
2026-05-16 09:33:58;P+R Kurdwanów;145
2026-05-16 10:08:24;P+R Górka Narodowa;392
2026-05-16 10:08:24;P+R Pachońskiego;63
2026-05-16 10:08:24;P+R Krowodrza Górka;52
2026-05-16 10:08:24;P+R Czerwone Maki;139
2026-05-16 10:08:24;P+R Mały Płaszów;144
2026-05-16 10:08:24;P+R Nowy Bieżanów;82
2026-05-16 10:08:24;P+R Kurdwanów;145
2026-05-16 10:34:04;P+R Górka Narodowa;388
2026-05-16 10:34:04;P+R Pachońskiego;63
2026-05-16 10:34:04;P+R Krowodrza Górka;49
2026-05-16 10:34:04;P+R Czerwone Maki;135
2026-05-16 10:34:04;P+R Mały Płaszów;141
2026-05-16 10:34:04;P+R Nowy Bieżanów;79
2026-05-16 10:34:04;P+R Kurdwanów;145
2026-05-16 11:08:36;P+R Górka Narodowa;387
2026-05-16 11:08:36;P+R Pachońskiego;61
2026-05-16 11:08:36;P+R Krowodrza Górka;44
2026-05-16 11:08:36;P+R Czerwone Maki;132
2026-05-16 11:08:36;P+R Mały Płaszów;139
2026-05-16 11:08:36;P+R Nowy Bieżanów;80
2026-05-16 11:08:36;P+R Kurdwanów;141
2026-05-16 11:34:04;P+R Górka Narodowa;387
2026-05-16 11:34:04;P+R Pachońskiego;57
2026-05-16 11:34:04;P+R Krowodrza Górka;38
2026-05-16 11:34:04;P+R Czerwone Maki;126
2026-05-16 11:34:04;P+R Mały Płaszów;138
2026-05-16 11:34:04;P+R Nowy Bieżanów;79
2026-05-16 11:34:04;P+R Kurdwanów;140
2026-05-16 12:08:18;P+R Górka Narodowa;386
2026-05-16 12:08:18;P+R Pachońskiego;57
2026-05-16 12:08:18;P+R Krowodrza Górka;40
2026-05-16 12:08:18;P+R Czerwone Maki;127
2026-05-16 12:08:18;P+R Mały Płaszów;138
2026-05-16 12:08:18;P+R Nowy Bieżanów;80
2026-05-16 12:08:18;P+R Kurdwanów;141
2026-05-16 12:33:57;P+R Górka Narodowa;383
2026-05-16 12:33:57;P+R Pachońskiego;57
2026-05-16 12:33:57;P+R Krowodrza Górka;37
2026-05-16 12:33:57;P+R Czerwone Maki;125
2026-05-16 12:33:57;P+R Mały Płaszów;138
2026-05-16 12:33:57;P+R Nowy Bieżanów;80
2026-05-16 12:33:57;P+R Kurdwanów;138
2026-05-16 13:08:28;P+R Górka Narodowa;381
2026-05-16 13:08:28;P+R Pachońskiego;59
2026-05-16 13:08:28;P+R Krowodrza Górka;36
2026-05-16 13:08:28;P+R Czerwone Maki;121
2026-05-16 13:08:28;P+R Mały Płaszów;139
2026-05-16 13:08:28;P+R Nowy Bieżanów;81
2026-05-16 13:08:28;P+R Kurdwanów;139
2026-05-16 13:33:52;P+R Górka Narodowa;384
2026-05-16 13:33:52;P+R Pachońskiego;59
2026-05-16 13:33:52;P+R Krowodrza Górka;34
2026-05-16 13:33:52;P+R Czerwone Maki;117
2026-05-16 13:33:52;P+R Mały Płaszów;137
2026-05-16 13:33:52;P+R Nowy Bieżanów;78
2026-05-16 13:33:52;P+R Kurdwanów;139
2026-05-16 14:08:29;P+R Górka Narodowa;385
2026-05-16 14:08:29;P+R Pachońskiego;59
2026-05-16 14:08:29;P+R Krowodrza Górka;38
2026-05-16 14:08:29;P+R Czerwone Maki;114
2026-05-16 14:08:29;P+R Mały Płaszów;138
2026-05-16 14:08:29;P+R Nowy Bieżanów;78
2026-05-16 14:08:29;P+R Kurdwanów;138
2026-05-16 14:33:53;P+R Górka Narodowa;387
2026-05-16 14:33:53;P+R Pachońskiego;60
2026-05-16 14:33:53;P+R Krowodrza Górka;40
2026-05-16 14:33:53;P+R Czerwone Maki;117
2026-05-16 14:33:53;P+R Mały Płaszów;137
2026-05-16 14:33:53;P+R Nowy Bieżanów;78
2026-05-16 14:33:53;P+R Kurdwanów;137
2026-05-16 15:08:20;P+R Górka Narodowa;389
2026-05-16 15:08:20;P+R Pachońskiego;64
2026-05-16 15:08:20;P+R Krowodrza Górka;42
2026-05-16 15:08:20;P+R Czerwone Maki;123
2026-05-16 15:08:20;P+R Mały Płaszów;136
2026-05-16 15:08:20;P+R Nowy Bieżanów;80
2026-05-16 15:08:20;P+R Kurdwanów;134
2026-05-16 15:34:00;P+R Górka Narodowa;387
2026-05-16 15:34:00;P+R Pachońskiego;68
2026-05-16 15:34:00;P+R Krowodrza Górka;36
2026-05-16 15:34:00;P+R Czerwone Maki;127
2026-05-16 15:34:00;P+R Mały Płaszów;137
2026-05-16 15:34:00;P+R Nowy Bieżanów;80
2026-05-16 15:34:00;P+R Kurdwanów;135
2026-05-16 16:08:25;P+R Górka Narodowa;388
2026-05-16 16:08:25;P+R Pachońskiego;69
2026-05-16 16:08:25;P+R Krowodrza Górka;37
2026-05-16 16:08:25;P+R Czerwone Maki;130
2026-05-16 16:08:25;P+R Mały Płaszów;137
2026-05-16 16:08:25;P+R Nowy Bieżanów;81
2026-05-16 16:08:25;P+R Kurdwanów;138
2026-05-16 16:33:53;P+R Górka Narodowa;388
2026-05-16 16:33:53;P+R Pachońskiego;68
2026-05-16 16:33:53;P+R Krowodrza Górka;38
2026-05-16 16:33:53;P+R Czerwone Maki;135
2026-05-16 16:33:53;P+R Mały Płaszów;137
2026-05-16 16:33:53;P+R Nowy Bieżanów;83
2026-05-16 16:33:53;P+R Kurdwanów;138
2026-05-16 17:08:20;P+R Górka Narodowa;388
2026-05-16 17:08:20;P+R Pachońskiego;68
2026-05-16 17:08:20;P+R Krowodrza Górka;43
2026-05-16 17:08:20;P+R Czerwone Maki;139
2026-05-16 17:08:20;P+R Mały Płaszów;139
2026-05-16 17:08:20;P+R Nowy Bieżanów;85
2026-05-16 17:08:20;P+R Kurdwanów;141
2026-05-16 17:33:59;P+R Górka Narodowa;387
2026-05-16 17:33:59;P+R Pachońskiego;69
2026-05-16 17:33:59;P+R Krowodrza Górka;42
2026-05-16 17:33:59;P+R Czerwone Maki;138
2026-05-16 17:33:59;P+R Mały Płaszów;140
2026-05-16 17:33:59;P+R Nowy Bieżanów;85
2026-05-16 17:33:59;P+R Kurdwanów;141
2026-05-16 18:08:23;P+R Górka Narodowa;392
2026-05-16 18:08:23;P+R Pachońskiego;71
2026-05-16 18:08:23;P+R Krowodrza Górka;47
2026-05-16 18:08:23;P+R Czerwone Maki;142
2026-05-16 18:08:23;P+R Mały Płaszów;140
2026-05-16 18:08:23;P+R Nowy Bieżanów;87
2026-05-16 18:08:23;P+R Kurdwanów;143
2026-05-16 18:33:55;P+R Górka Narodowa;399
2026-05-16 18:33:55;P+R Pachońskiego;75
2026-05-16 18:33:55;P+R Krowodrza Górka;43
2026-05-16 18:33:55;P+R Czerwone Maki;146
2026-05-16 18:33:55;P+R Mały Płaszów;141
2026-05-16 18:33:55;P+R Nowy Bieżanów;86
2026-05-16 18:33:55;P+R Kurdwanów;145
2026-05-16 19:08:18;P+R Górka Narodowa;404
2026-05-16 19:08:18;P+R Pachońskiego;79
2026-05-16 19:08:18;P+R Krowodrza Górka;47
2026-05-16 19:08:18;P+R Czerwone Maki;151
2026-05-16 19:08:18;P+R Mały Płaszów;144
2026-05-16 19:08:18;P+R Nowy Bieżanów;89
2026-05-16 19:08:18;P+R Kurdwanów;149
2026-05-16 19:34:06;P+R Górka Narodowa;405
2026-05-16 19:34:06;P+R Pachońskiego;84
2026-05-16 19:34:06;P+R Krowodrza Górka;51
2026-05-16 19:34:06;P+R Czerwone Maki;152
2026-05-16 19:34:06;P+R Mały Płaszów;145
2026-05-16 19:34:06;P+R Nowy Bieżanów;91
2026-05-16 19:34:06;P+R Kurdwanów;149
2026-05-16 20:33:53;P+R Górka Narodowa;411
2026-05-16 20:33:53;P+R Pachońskiego;86
2026-05-16 20:33:53;P+R Krowodrza Górka;56
2026-05-16 20:33:53;P+R Czerwone Maki;158
2026-05-16 20:33:53;P+R Mały Płaszów;148
2026-05-16 20:33:53;P+R Nowy Bieżanów;94
2026-05-16 20:33:53;P+R Kurdwanów;150
2026-05-16 21:08:25;P+R Górka Narodowa;417
2026-05-16 21:08:25;P+R Pachońskiego;83
2026-05-16 21:08:25;P+R Krowodrza Górka;60
2026-05-16 21:08:25;P+R Czerwone Maki;161
2026-05-16 21:08:25;P+R Mały Płaszów;150
2026-05-16 21:08:25;P+R Nowy Bieżanów;95
2026-05-16 21:08:25;P+R Kurdwanów;152
2026-05-16 21:34:00;P+R Górka Narodowa;418
2026-05-16 21:34:00;P+R Pachońskiego;84
2026-05-16 21:34:00;P+R Krowodrza Górka;66
2026-05-16 21:34:00;P+R Czerwone Maki;163
2026-05-16 21:34:00;P+R Mały Płaszów;150
2026-05-16 21:34:00;P+R Nowy Bieżanów;95
2026-05-16 21:34:00;P+R Kurdwanów;152
2026-05-16 22:08:21;P+R Górka Narodowa;422
2026-05-16 22:08:21;P+R Pachońskiego;85
2026-05-16 22:08:21;P+R Krowodrza Górka;72
2026-05-16 22:08:21;P+R Czerwone Maki;166
2026-05-16 22:08:21;P+R Mały Płaszów;151
2026-05-16 22:08:21;P+R Nowy Bieżanów;97
2026-05-16 22:08:21;P+R Kurdwanów;152
2026-05-16 22:33:53;P+R Górka Narodowa;424
2026-05-16 22:33:53;P+R Pachońskiego;87
2026-05-16 22:33:53;P+R Krowodrza Górka;80
2026-05-16 22:33:53;P+R Czerwone Maki;169
2026-05-16 22:33:53;P+R Mały Płaszów;151
2026-05-16 22:33:53;P+R Nowy Bieżanów;96
2026-05-16 22:33:53;P+R Kurdwanów;153
2026-05-16 23:08:29;P+R Górka Narodowa;429
2026-05-16 23:08:29;P+R Pachońskiego;87
2026-05-16 23:08:29;P+R Krowodrza Górka;86
2026-05-16 23:08:29;P+R Czerwone Maki;173
2026-05-16 23:08:29;P+R Mały Płaszów;153
2026-05-16 23:08:29;P+R Nowy Bieżanów;98
2026-05-16 23:08:29;P+R Kurdwanów;154
2026-05-16 23:34:00;P+R Górka Narodowa;432
2026-05-16 23:34:00;P+R Pachońskiego;87
2026-05-16 23:34:00;P+R Krowodrza Górka;88
2026-05-16 23:34:00;P+R Czerwone Maki;175
2026-05-16 23:34:00;P+R Mały Płaszów;155
2026-05-16 23:34:00;P+R Nowy Bieżanów;98
2026-05-16 23:34:00;P+R Kurdwanów;155
2026-05-17 00:08:18;P+R Górka Narodowa;434
2026-05-17 00:08:18;P+R Pachońskiego;87
2026-05-17 00:08:18;P+R Krowodrza Górka;91
2026-05-17 00:08:18;P+R Czerwone Maki;180
2026-05-17 00:08:18;P+R Mały Płaszów;155
2026-05-17 00:08:18;P+R Nowy Bieżanów;98
2026-05-17 00:08:18;P+R Kurdwanów;156
2026-05-17 00:33:52;P+R Górka Narodowa;434
2026-05-17 00:33:52;P+R Pachońskiego;86
2026-05-17 00:33:52;P+R Krowodrza Górka;91
2026-05-17 00:33:52;P+R Czerwone Maki;180
2026-05-17 00:33:52;P+R Mały Płaszów;155
2026-05-17 00:33:52;P+R Nowy Bieżanów;98
2026-05-17 00:33:52;P+R Kurdwanów;156
2026-05-17 01:08:19;P+R Górka Narodowa;434
2026-05-17 01:08:19;P+R Pachońskiego;86
2026-05-17 01:08:19;P+R Krowodrza Górka;96
2026-05-17 01:08:19;P+R Czerwone Maki;180
2026-05-17 01:08:19;P+R Mały Płaszów;155
2026-05-17 01:08:19;P+R Nowy Bieżanów;100
2026-05-17 01:08:19;P+R Kurdwanów;156
2026-05-17 01:33:53;P+R Górka Narodowa;435
2026-05-17 01:33:53;P+R Pachońskiego;88
2026-05-17 01:33:53;P+R Krowodrza Górka;97
2026-05-17 01:33:53;P+R Czerwone Maki;180
2026-05-17 01:33:53;P+R Mały Płaszów;155
2026-05-17 01:33:53;P+R Nowy Bieżanów;100
2026-05-17 01:33:53;P+R Kurdwanów;156
2026-05-17 02:08:20;P+R Górka Narodowa;435
2026-05-17 02:08:20;P+R Pachońskiego;88
2026-05-17 02:08:20;P+R Krowodrza Górka;97
2026-05-17 02:08:20;P+R Czerwone Maki;182
2026-05-17 02:08:20;P+R Mały Płaszów;155
2026-05-17 02:08:20;P+R Nowy Bieżanów;100
2026-05-17 02:08:20;P+R Kurdwanów;156
2026-05-17 02:33:55;P+R Górka Narodowa;435
2026-05-17 02:33:55;P+R Pachońskiego;88
2026-05-17 02:33:55;P+R Krowodrza Górka;97
2026-05-17 02:33:55;P+R Czerwone Maki;183
2026-05-17 02:33:55;P+R Mały Płaszów;155
2026-05-17 02:33:55;P+R Nowy Bieżanów;100
2026-05-17 02:33:55;P+R Kurdwanów;156
2026-05-17 03:08:32;P+R Górka Narodowa;435
2026-05-17 03:08:32;P+R Pachońskiego;88
2026-05-17 03:08:32;P+R Krowodrza Górka;97
2026-05-17 03:08:32;P+R Czerwone Maki;183
2026-05-17 03:08:32;P+R Mały Płaszów;155
2026-05-17 03:08:32;P+R Nowy Bieżanów;100
2026-05-17 03:08:32;P+R Kurdwanów;156
2026-05-17 03:34:04;P+R Górka Narodowa;435
2026-05-17 03:34:04;P+R Pachońskiego;88
2026-05-17 03:34:04;P+R Krowodrza Górka;97
2026-05-17 03:34:04;P+R Czerwone Maki;183
2026-05-17 03:34:04;P+R Mały Płaszów;155
2026-05-17 03:34:04;P+R Nowy Bieżanów;100
2026-05-17 03:34:04;P+R Kurdwanów;156
2026-05-17 04:08:20;P+R Górka Narodowa;435
2026-05-17 04:08:20;P+R Pachońskiego;88
2026-05-17 04:08:20;P+R Krowodrza Górka;97
2026-05-17 04:08:20;P+R Czerwone Maki;183
2026-05-17 04:08:20;P+R Mały Płaszów;155
2026-05-17 04:08:20;P+R Nowy Bieżanów;100
2026-05-17 04:08:20;P+R Kurdwanów;156
2026-05-17 04:33:57;P+R Górka Narodowa;435
2026-05-17 04:33:57;P+R Pachońskiego;88
2026-05-17 04:33:57;P+R Krowodrza Górka;97
2026-05-17 04:33:57;P+R Czerwone Maki;183
2026-05-17 04:33:57;P+R Mały Płaszów;155
2026-05-17 04:33:57;P+R Nowy Bieżanów;100
2026-05-17 04:33:57;P+R Kurdwanów;156
2026-05-17 05:08:21;P+R Górka Narodowa;435
2026-05-17 05:08:21;P+R Pachońskiego;88
2026-05-17 05:08:21;P+R Krowodrza Górka;94
2026-05-17 05:08:21;P+R Czerwone Maki;182
2026-05-17 05:08:21;P+R Mały Płaszów;155
2026-05-17 05:08:21;P+R Nowy Bieżanów;100
2026-05-17 05:08:21;P+R Kurdwanów;156
2026-05-17 05:33:52;P+R Górka Narodowa;434
2026-05-17 05:33:52;P+R Pachońskiego;87
2026-05-17 05:33:52;P+R Krowodrza Górka;94
2026-05-17 05:33:52;P+R Czerwone Maki;181
2026-05-17 05:33:52;P+R Mały Płaszów;155
2026-05-17 05:33:52;P+R Nowy Bieżanów;100
2026-05-17 05:33:52;P+R Kurdwanów;156
2026-05-17 06:08:24;P+R Górka Narodowa;433
2026-05-17 06:08:24;P+R Pachońskiego;87
2026-05-17 06:08:24;P+R Krowodrza Górka;94
2026-05-17 06:08:24;P+R Czerwone Maki;181
2026-05-17 06:08:24;P+R Mały Płaszów;155
2026-05-17 06:08:24;P+R Nowy Bieżanów;99
2026-05-17 06:08:24;P+R Kurdwanów;156
2026-05-17 06:34:00;P+R Górka Narodowa;433
2026-05-17 06:34:00;P+R Pachońskiego;86
2026-05-17 06:34:00;P+R Krowodrza Górka;94
2026-05-17 06:34:00;P+R Czerwone Maki;181
2026-05-17 06:34:00;P+R Mały Płaszów;155
2026-05-17 06:34:00;P+R Nowy Bieżanów;99
2026-05-17 06:34:00;P+R Kurdwanów;156
2026-05-17 07:08:26;P+R Górka Narodowa;429
2026-05-17 07:08:26;P+R Pachońskiego;86
2026-05-17 07:08:26;P+R Krowodrza Górka;94
2026-05-17 07:08:26;P+R Czerwone Maki;181
2026-05-17 07:08:26;P+R Mały Płaszów;155
2026-05-17 07:08:26;P+R Nowy Bieżanów;99
2026-05-17 07:08:26;P+R Kurdwanów;156
2026-05-17 07:33:55;P+R Górka Narodowa;424
2026-05-17 07:33:55;P+R Pachońskiego;84
2026-05-17 07:33:55;P+R Krowodrza Górka;89
2026-05-17 07:33:55;P+R Czerwone Maki;180
2026-05-17 07:33:55;P+R Mały Płaszów;153
2026-05-17 07:33:55;P+R Nowy Bieżanów;98
2026-05-17 07:33:55;P+R Kurdwanów;155
2026-05-17 08:08:22;P+R Górka Narodowa;420
2026-05-17 08:08:22;P+R Pachońskiego;83
2026-05-17 08:08:22;P+R Krowodrza Górka;85
2026-05-17 08:08:22;P+R Czerwone Maki;175
2026-05-17 08:08:22;P+R Mały Płaszów;153
2026-05-17 08:08:22;P+R Nowy Bieżanów;92
2026-05-17 08:08:22;P+R Kurdwanów;155
2026-05-17 08:33:54;P+R Górka Narodowa;417
2026-05-17 08:33:54;P+R Pachońskiego;82
2026-05-17 08:33:54;P+R Krowodrza Górka;80
2026-05-17 08:33:54;P+R Czerwone Maki;172
2026-05-17 08:33:54;P+R Mały Płaszów;153
2026-05-17 08:33:54;P+R Nowy Bieżanów;89
2026-05-17 08:33:54;P+R Kurdwanów;155
2026-05-17 09:08:19;P+R Górka Narodowa;413
2026-05-17 09:08:19;P+R Pachońskiego;81
2026-05-17 09:08:19;P+R Krowodrza Górka;77
2026-05-17 09:08:19;P+R Czerwone Maki;170
2026-05-17 09:08:19;P+R Mały Płaszów;150
2026-05-17 09:08:19;P+R Nowy Bieżanów;87
2026-05-17 09:08:19;P+R Kurdwanów;155
2026-05-17 09:33:52;P+R Górka Narodowa;410
2026-05-17 09:33:52;P+R Pachońskiego;79
2026-05-17 09:33:52;P+R Krowodrza Górka;69
2026-05-17 09:33:52;P+R Czerwone Maki;166
2026-05-17 09:33:52;P+R Mały Płaszów;147
2026-05-17 09:33:52;P+R Nowy Bieżanów;85
2026-05-17 09:33:52;P+R Kurdwanów;153
2026-05-17 10:08:32;P+R Górka Narodowa;407
2026-05-17 10:08:32;P+R Pachońskiego;75
2026-05-17 10:08:32;P+R Krowodrza Górka;64
2026-05-17 10:08:32;P+R Czerwone Maki;162
2026-05-17 10:08:32;P+R Mały Płaszów;141
2026-05-17 10:08:32;P+R Nowy Bieżanów;81
2026-05-17 10:08:32;P+R Kurdwanów;152
2026-05-17 10:33:51;P+R Górka Narodowa;408
2026-05-17 10:33:51;P+R Pachońskiego;75
2026-05-17 10:33:51;P+R Krowodrza Górka;58
2026-05-17 10:33:51;P+R Czerwone Maki;158
2026-05-17 10:33:51;P+R Mały Płaszów;138
2026-05-17 10:33:51;P+R Nowy Bieżanów;78
2026-05-17 10:33:51;P+R Kurdwanów;151
2026-05-17 11:08:20;P+R Górka Narodowa;408
2026-05-17 11:08:20;P+R Pachońskiego;75
2026-05-17 11:08:20;P+R Krowodrza Górka;56
2026-05-17 11:08:20;P+R Czerwone Maki;155
2026-05-17 11:08:20;P+R Mały Płaszów;135
2026-05-17 11:08:20;P+R Nowy Bieżanów;77
2026-05-17 11:08:20;P+R Kurdwanów;151
2026-05-17 11:33:53;P+R Górka Narodowa;405
2026-05-17 11:33:53;P+R Pachońskiego;76
2026-05-17 11:33:53;P+R Krowodrza Górka;56
2026-05-17 11:33:53;P+R Czerwone Maki;156
2026-05-17 11:33:53;P+R Mały Płaszów;134
2026-05-17 11:33:53;P+R Nowy Bieżanów;77
2026-05-17 11:33:53;P+R Kurdwanów;149
2026-05-17 12:08:22;P+R Górka Narodowa;404
2026-05-17 12:08:22;P+R Pachońskiego;75
2026-05-17 12:08:22;P+R Krowodrza Górka;52
2026-05-17 12:08:22;P+R Czerwone Maki;155
2026-05-17 12:08:22;P+R Mały Płaszów;131
2026-05-17 12:08:22;P+R Nowy Bieżanów;77
2026-05-17 12:08:22;P+R Kurdwanów;148
2026-05-17 12:34:00;P+R Górka Narodowa;401
2026-05-17 12:34:00;P+R Pachońskiego;73
2026-05-17 12:34:00;P+R Krowodrza Górka;47
2026-05-17 12:34:00;P+R Czerwone Maki;151
2026-05-17 12:34:00;P+R Mały Płaszów;130
2026-05-17 12:34:00;P+R Nowy Bieżanów;77
2026-05-17 12:34:00;P+R Kurdwanów;145
2026-05-17 13:08:20;P+R Górka Narodowa;399
2026-05-17 13:08:20;P+R Pachońskiego;70
2026-05-17 13:08:20;P+R Krowodrza Górka;43
2026-05-17 13:08:20;P+R Czerwone Maki;148
2026-05-17 13:08:20;P+R Mały Płaszów;129
2026-05-17 13:08:20;P+R Nowy Bieżanów;79
2026-05-17 13:08:20;P+R Kurdwanów;143
2026-05-17 13:33:58;P+R Górka Narodowa;394
2026-05-17 13:33:58;P+R Pachońskiego;69
2026-05-17 13:33:58;P+R Krowodrza Górka;40
2026-05-17 13:33:58;P+R Czerwone Maki;151
2026-05-17 13:33:58;P+R Mały Płaszów;133
2026-05-17 13:33:58;P+R Nowy Bieżanów;79
2026-05-17 13:33:58;P+R Kurdwanów;145
2026-05-17 14:08:24;P+R Górka Narodowa;392
2026-05-17 14:08:24;P+R Pachońskiego;70
2026-05-17 14:08:24;P+R Krowodrza Górka;41
2026-05-17 14:08:24;P+R Czerwone Maki;145
2026-05-17 14:08:24;P+R Mały Płaszów;136
2026-05-17 14:08:24;P+R Nowy Bieżanów;81
2026-05-17 14:08:24;P+R Kurdwanów;146
2026-05-17 14:33:57;P+R Górka Narodowa;390
2026-05-17 14:33:57;P+R Pachońskiego;68
2026-05-17 14:33:57;P+R Krowodrza Górka;37
2026-05-17 14:33:57;P+R Czerwone Maki;146
2026-05-17 14:33:57;P+R Mały Płaszów;136
2026-05-17 14:33:57;P+R Nowy Bieżanów;80
2026-05-17 14:33:57;P+R Kurdwanów;147
2026-05-17 15:08:20;P+R Górka Narodowa;391
2026-05-17 15:08:20;P+R Pachońskiego;70
2026-05-17 15:08:20;P+R Krowodrza Górka;43
2026-05-17 15:08:20;P+R Czerwone Maki;148
2026-05-17 15:08:20;P+R Mały Płaszów;136
2026-05-17 15:08:20;P+R Nowy Bieżanów;81
2026-05-17 15:08:20;P+R Kurdwanów;146
2026-05-17 15:33:57;P+R Górka Narodowa;390
2026-05-17 15:33:57;P+R Pachońskiego;71
2026-05-17 15:33:57;P+R Krowodrza Górka;44
2026-05-17 15:33:57;P+R Czerwone Maki;148
2026-05-17 15:33:57;P+R Mały Płaszów;135
2026-05-17 15:33:57;P+R Nowy Bieżanów;81
2026-05-17 15:33:57;P+R Kurdwanów;146
2026-05-17 16:08:22;P+R Górka Narodowa;388
2026-05-17 16:08:22;P+R Pachońskiego;69
2026-05-17 16:08:22;P+R Krowodrza Górka;46
2026-05-17 16:08:22;P+R Czerwone Maki;149
2026-05-17 16:08:22;P+R Mały Płaszów;135
2026-05-17 16:08:22;P+R Nowy Bieżanów;82
2026-05-17 16:08:22;P+R Kurdwanów;146
2026-05-17 16:33:50;P+R Górka Narodowa;388
2026-05-17 16:33:50;P+R Pachońskiego;69
2026-05-17 16:33:50;P+R Krowodrza Górka;49
2026-05-17 16:33:50;P+R Czerwone Maki;150
2026-05-17 16:33:50;P+R Mały Płaszów;136
2026-05-17 16:33:50;P+R Nowy Bieżanów;84
2026-05-17 16:33:50;P+R Kurdwanów;146
2026-05-17 17:08:23;P+R Górka Narodowa;388
2026-05-17 17:08:23;P+R Pachońskiego;68
2026-05-17 17:08:23;P+R Krowodrza Górka;53
2026-05-17 17:08:23;P+R Czerwone Maki;154
2026-05-17 17:08:23;P+R Mały Płaszów;137
2026-05-17 17:08:23;P+R Nowy Bieżanów;85
2026-05-17 17:08:23;P+R Kurdwanów;148
2026-05-17 17:33:54;P+R Górka Narodowa;389
2026-05-17 17:33:54;P+R Pachońskiego;68
2026-05-17 17:33:54;P+R Krowodrza Górka;54
2026-05-17 17:33:54;P+R Czerwone Maki;155
2026-05-17 17:33:54;P+R Mały Płaszów;137
2026-05-17 17:33:54;P+R Nowy Bieżanów;86
2026-05-17 17:33:54;P+R Kurdwanów;148
2026-05-17 18:08:20;P+R Górka Narodowa;389
2026-05-17 18:08:20;P+R Pachońskiego;67
2026-05-17 18:08:20;P+R Krowodrza Górka;53
2026-05-17 18:08:20;P+R Czerwone Maki;154
2026-05-17 18:08:20;P+R Mały Płaszów;138
2026-05-17 18:08:20;P+R Nowy Bieżanów;89
2026-05-17 18:08:20;P+R Kurdwanów;148
2026-05-17 18:33:55;P+R Górka Narodowa;391
2026-05-17 18:33:55;P+R Pachońskiego;73
2026-05-17 18:33:55;P+R Krowodrza Górka;55
2026-05-17 18:33:55;P+R Czerwone Maki;154
2026-05-17 18:33:55;P+R Mały Płaszów;144
2026-05-17 18:33:55;P+R Nowy Bieżanów;89
2026-05-17 18:33:55;P+R Kurdwanów;149
2026-05-17 19:08:25;P+R Górka Narodowa;397
2026-05-17 19:08:25;P+R Pachońskiego;73
2026-05-17 19:08:25;P+R Krowodrza Górka;56
2026-05-17 19:08:25;P+R Czerwone Maki;155
2026-05-17 19:08:25;P+R Mały Płaszów;145
2026-05-17 19:08:25;P+R Nowy Bieżanów;89
2026-05-17 19:08:25;P+R Kurdwanów;150
2026-05-17 19:33:53;P+R Górka Narodowa;398
2026-05-17 19:33:53;P+R Pachońskiego;77
2026-05-17 19:33:53;P+R Krowodrza Górka;57
2026-05-17 19:33:53;P+R Czerwone Maki;154
2026-05-17 19:33:53;P+R Mały Płaszów;146
2026-05-17 19:33:53;P+R Nowy Bieżanów;91
2026-05-17 19:33:53;P+R Kurdwanów;150
2026-05-17 20:08:32;P+R Górka Narodowa;404
2026-05-17 20:08:32;P+R Pachońskiego;76
2026-05-17 20:08:32;P+R Krowodrza Górka;57
2026-05-17 20:08:32;P+R Czerwone Maki;157
2026-05-17 20:08:32;P+R Mały Płaszów;147
2026-05-17 20:08:32;P+R Nowy Bieżanów;93
2026-05-17 20:08:32;P+R Kurdwanów;152
2026-05-17 20:34:00;P+R Górka Narodowa;411
2026-05-17 20:34:00;P+R Pachońskiego;78
2026-05-17 20:34:00;P+R Krowodrza Górka;62
2026-05-17 20:34:00;P+R Czerwone Maki;158
2026-05-17 20:34:00;P+R Mały Płaszów;148
2026-05-17 20:34:00;P+R Nowy Bieżanów;93
2026-05-17 20:34:00;P+R Kurdwanów;153
2026-05-17 21:08:19;P+R Górka Narodowa;416
2026-05-17 21:08:19;P+R Pachońskiego;83
2026-05-17 21:08:19;P+R Krowodrza Górka;71
2026-05-17 21:08:19;P+R Czerwone Maki;161
2026-05-17 21:08:19;P+R Mały Płaszów;152
2026-05-17 21:08:19;P+R Nowy Bieżanów;94
2026-05-17 21:08:19;P+R Kurdwanów;153
2026-05-17 21:33:56;P+R Górka Narodowa;418
2026-05-17 21:33:56;P+R Pachońskiego;84
2026-05-17 21:33:56;P+R Krowodrza Górka;71
2026-05-17 21:33:56;P+R Czerwone Maki;167
2026-05-17 21:33:56;P+R Mały Płaszów;153
2026-05-17 21:33:56;P+R Nowy Bieżanów;97
2026-05-17 21:33:56;P+R Kurdwanów;154
2026-05-17 22:08:26;P+R Górka Narodowa;421
2026-05-17 22:08:26;P+R Pachońskiego;88
2026-05-17 22:08:26;P+R Krowodrza Górka;76
2026-05-17 22:08:26;P+R Czerwone Maki;169
2026-05-17 22:08:26;P+R Mały Płaszów;153
2026-05-17 22:08:26;P+R Nowy Bieżanów;98
2026-05-17 22:08:26;P+R Kurdwanów;155
2026-05-17 22:33:55;P+R Górka Narodowa;421
2026-05-17 22:33:55;P+R Pachońskiego;88
2026-05-17 22:33:55;P+R Krowodrza Górka;79
2026-05-17 22:33:55;P+R Czerwone Maki;172
2026-05-17 22:33:55;P+R Mały Płaszów;153
2026-05-17 22:33:55;P+R Nowy Bieżanów;98
2026-05-17 22:33:55;P+R Kurdwanów;155
2026-05-17 23:08:19;P+R Górka Narodowa;425
2026-05-17 23:08:19;P+R Pachońskiego;88
2026-05-17 23:08:19;P+R Krowodrza Górka;84
2026-05-17 23:08:19;P+R Czerwone Maki;176
2026-05-17 23:08:19;P+R Mały Płaszów;153
2026-05-17 23:08:19;P+R Nowy Bieżanów;99
2026-05-17 23:08:19;P+R Kurdwanów;155
2026-05-17 23:33:58;P+R Górka Narodowa;425
2026-05-17 23:33:58;P+R Pachońskiego;88
2026-05-17 23:33:58;P+R Krowodrza Górka;85
2026-05-17 23:33:58;P+R Czerwone Maki;179
2026-05-17 23:33:58;P+R Mały Płaszów;153
2026-05-17 23:33:58;P+R Nowy Bieżanów;99
2026-05-17 23:33:58;P+R Kurdwanów;155
2026-05-18 01:08:25;P+R Górka Narodowa;427
2026-05-18 01:08:25;P+R Pachońskiego;88
2026-05-18 01:08:25;P+R Krowodrza Górka;97
2026-05-18 01:08:25;P+R Czerwone Maki;182
2026-05-18 01:08:25;P+R Mały Płaszów;153
2026-05-18 01:08:25;P+R Nowy Bieżanów;100
2026-05-18 01:08:25;P+R Kurdwanów;156
2026-05-18 01:34:04;P+R Górka Narodowa;437
2026-05-18 01:34:04;P+R Pachońskiego;88
2026-05-18 01:34:04;P+R Krowodrza Górka;97
2026-05-18 01:34:04;P+R Czerwone Maki;182
2026-05-18 01:34:04;P+R Mały Płaszów;153
2026-05-18 01:34:04;P+R Nowy Bieżanów;100
2026-05-18 01:34:04;P+R Kurdwanów;156
2026-05-18 02:08:30;P+R Górka Narodowa;437
2026-05-18 02:08:30;P+R Pachońskiego;88
2026-05-18 02:08:30;P+R Krowodrza Górka;97
2026-05-18 02:08:30;P+R Czerwone Maki;182
2026-05-18 02:08:30;P+R Mały Płaszów;153
2026-05-18 02:08:30;P+R Nowy Bieżanów;100
2026-05-18 02:08:30;P+R Kurdwanów;156
2026-05-18 02:33:52;P+R Górka Narodowa;437
2026-05-18 02:33:52;P+R Pachońskiego;88
2026-05-18 02:33:52;P+R Krowodrza Górka;97
2026-05-18 02:33:52;P+R Czerwone Maki;182
2026-05-18 02:33:52;P+R Mały Płaszów;154
2026-05-18 02:33:52;P+R Nowy Bieżanów;100
2026-05-18 02:33:52;P+R Kurdwanów;156
2026-05-18 03:08:20;P+R Górka Narodowa;437
2026-05-18 03:08:20;P+R Pachońskiego;88
2026-05-18 03:08:20;P+R Krowodrza Górka;97
2026-05-18 03:08:20;P+R Czerwone Maki;182
2026-05-18 03:08:20;P+R Mały Płaszów;154
2026-05-18 03:08:20;P+R Nowy Bieżanów;100
2026-05-18 03:08:20;P+R Kurdwanów;156
2026-05-18 03:33:51;P+R Górka Narodowa;437
2026-05-18 03:33:51;P+R Pachońskiego;88
2026-05-18 03:33:51;P+R Krowodrza Górka;97
2026-05-18 03:33:51;P+R Czerwone Maki;182
2026-05-18 03:33:51;P+R Mały Płaszów;154
2026-05-18 03:33:51;P+R Nowy Bieżanów;100
2026-05-18 03:33:51;P+R Kurdwanów;156
2026-05-18 04:08:22;P+R Górka Narodowa;437
2026-05-18 04:08:22;P+R Pachońskiego;88
2026-05-18 04:08:22;P+R Krowodrza Górka;97
2026-05-18 04:08:22;P+R Czerwone Maki;182
2026-05-18 04:08:22;P+R Mały Płaszów;154
2026-05-18 04:08:22;P+R Nowy Bieżanów;100
2026-05-18 04:08:22;P+R Kurdwanów;156
2026-05-18 04:33:52;P+R Górka Narodowa;436
2026-05-18 04:33:52;P+R Pachońskiego;88
2026-05-18 04:33:52;P+R Krowodrza Górka;97
2026-05-18 04:33:52;P+R Czerwone Maki;179
2026-05-18 04:33:52;P+R Mały Płaszów;154
2026-05-18 04:33:52;P+R Nowy Bieżanów;100
2026-05-18 04:33:52;P+R Kurdwanów;156
2026-05-18 05:08:25;P+R Górka Narodowa;436
2026-05-18 05:08:25;P+R Pachońskiego;85
2026-05-18 05:08:25;P+R Krowodrza Górka;93
2026-05-18 05:08:25;P+R Czerwone Maki;178
2026-05-18 05:08:25;P+R Mały Płaszów;153
2026-05-18 05:08:25;P+R Nowy Bieżanów;98
2026-05-18 05:08:25;P+R Kurdwanów;153
2026-05-18 05:33:59;P+R Górka Narodowa;431
2026-05-18 05:33:59;P+R Pachońskiego;82
2026-05-18 05:33:59;P+R Krowodrza Górka;87
2026-05-18 05:33:59;P+R Czerwone Maki;173
2026-05-18 05:33:59;P+R Mały Płaszów;153
2026-05-18 05:33:59;P+R Nowy Bieżanów;93
2026-05-18 05:33:59;P+R Kurdwanów;150
2026-05-18 06:08:19;P+R Górka Narodowa;422
2026-05-18 06:08:19;P+R Pachońskiego;72
2026-05-18 06:08:19;P+R Krowodrza Górka;81
2026-05-18 06:08:19;P+R Czerwone Maki;159
2026-05-18 06:08:19;P+R Mały Płaszów;150
2026-05-18 06:08:19;P+R Nowy Bieżanów;83
2026-05-18 06:08:19;P+R Kurdwanów;140
2026-05-18 06:33:51;P+R Górka Narodowa;405
2026-05-18 06:33:51;P+R Pachońskiego;58
2026-05-18 06:33:51;P+R Krowodrza Górka;65
2026-05-18 06:33:51;P+R Czerwone Maki;149
2026-05-18 06:33:51;P+R Mały Płaszów;145
2026-05-18 06:33:51;P+R Nowy Bieżanów;64
2026-05-18 06:33:51;P+R Kurdwanów;132
2026-05-18 07:08:21;P+R Górka Narodowa;364
2026-05-18 07:08:21;P+R Pachońskiego;20
2026-05-18 07:08:21;P+R Krowodrza Górka;33
2026-05-18 07:08:21;P+R Czerwone Maki;120
2026-05-18 07:08:21;P+R Mały Płaszów;132
2026-05-18 07:08:21;P+R Nowy Bieżanów;28
2026-05-18 07:08:21;P+R Kurdwanów;113
2026-05-18 07:33:59;P+R Górka Narodowa;323
2026-05-18 07:33:59;P+R Pachońskiego;5
2026-05-18 07:33:59;P+R Krowodrza Górka;11
2026-05-18 07:33:59;P+R Czerwone Maki;94
2026-05-18 07:33:59;P+R Mały Płaszów;126
2026-05-18 07:33:59;P+R Nowy Bieżanów;2
2026-05-18 07:33:59;P+R Kurdwanów;104
2026-05-18 08:08:20;P+R Górka Narodowa;287
2026-05-18 08:08:20;P+R Pachońskiego;0
2026-05-18 08:08:20;P+R Krowodrza Górka;0
2026-05-18 08:08:20;P+R Czerwone Maki;75
2026-05-18 08:08:20;P+R Mały Płaszów;119
2026-05-18 08:08:20;P+R Nowy Bieżanów;0
2026-05-18 08:08:20;P+R Kurdwanów;96
2026-05-18 08:33:58;P+R Górka Narodowa;262
2026-05-18 08:33:58;P+R Pachońskiego;0
2026-05-18 08:33:58;P+R Krowodrza Górka;0
2026-05-18 08:33:58;P+R Czerwone Maki;58
2026-05-18 08:33:58;P+R Mały Płaszów;114
2026-05-18 08:33:58;P+R Nowy Bieżanów;1
2026-05-18 08:33:58;P+R Kurdwanów;80
2026-05-18 09:08:22;P+R Górka Narodowa;241
2026-05-18 09:08:22;P+R Pachońskiego;0
2026-05-18 09:08:22;P+R Krowodrza Górka;0
2026-05-18 09:08:22;P+R Czerwone Maki;44
2026-05-18 09:08:22;P+R Mały Płaszów;109
2026-05-18 09:08:22;P+R Nowy Bieżanów;0
2026-05-18 09:08:22;P+R Kurdwanów;78
2026-05-18 09:33:57;P+R Górka Narodowa;221
2026-05-18 09:33:57;P+R Pachońskiego;0
2026-05-18 09:33:57;P+R Krowodrza Górka;0
2026-05-18 09:33:57;P+R Czerwone Maki;31
2026-05-18 09:33:57;P+R Mały Płaszów;107
2026-05-18 09:33:57;P+R Nowy Bieżanów;0
2026-05-18 09:33:57;P+R Kurdwanów;72
2026-05-18 10:08:22;P+R Górka Narodowa;211
2026-05-18 10:08:22;P+R Pachońskiego;0
2026-05-18 10:08:22;P+R Krowodrza Górka;0
2026-05-18 10:08:22;P+R Czerwone Maki;19
2026-05-18 10:08:22;P+R Mały Płaszów;105
2026-05-18 10:08:22;P+R Nowy Bieżanów;0
2026-05-18 10:08:22;P+R Kurdwanów;66
2026-05-18 10:33:57;P+R Górka Narodowa;202
2026-05-18 10:33:57;P+R Pachońskiego;0
2026-05-18 10:33:57;P+R Krowodrza Górka;1
2026-05-18 10:33:57;P+R Czerwone Maki;14
2026-05-18 10:33:57;P+R Mały Płaszów;101
2026-05-18 10:33:57;P+R Nowy Bieżanów;1
2026-05-18 10:33:57;P+R Kurdwanów;64
2026-05-18 11:08:25;P+R Górka Narodowa;193
2026-05-18 11:08:25;P+R Pachońskiego;0
2026-05-18 11:08:25;P+R Krowodrza Górka;0
2026-05-18 11:08:25;P+R Czerwone Maki;4
2026-05-18 11:08:25;P+R Mały Płaszów;99
2026-05-18 11:08:25;P+R Nowy Bieżanów;0
2026-05-18 11:08:25;P+R Kurdwanów;57
2026-05-18 11:33:55;P+R Górka Narodowa;190
2026-05-18 11:33:55;P+R Pachońskiego;0
2026-05-18 11:33:55;P+R Krowodrza Górka;0
2026-05-18 11:33:55;P+R Czerwone Maki;7
2026-05-18 11:33:55;P+R Mały Płaszów;98
2026-05-18 11:33:55;P+R Nowy Bieżanów;3
2026-05-18 11:33:55;P+R Kurdwanów;56
2026-05-18 12:08:47;P+R Górka Narodowa;190
2026-05-18 12:08:47;P+R Pachońskiego;0
2026-05-18 12:08:47;P+R Krowodrza Górka;0
2026-05-18 12:08:47;P+R Czerwone Maki;4
2026-05-18 12:08:47;P+R Mały Płaszów;98
2026-05-18 12:08:47;P+R Nowy Bieżanów;3
2026-05-18 12:08:47;P+R Kurdwanów;53
2026-05-18 12:33:53;P+R Górka Narodowa;187
2026-05-18 12:33:53;P+R Pachońskiego;1
2026-05-18 12:33:53;P+R Krowodrza Górka;0
2026-05-18 12:33:53;P+R Czerwone Maki;4
2026-05-18 12:33:53;P+R Mały Płaszów;95
2026-05-18 12:33:53;P+R Nowy Bieżanów;3
2026-05-18 12:33:53;P+R Kurdwanów;50
2026-05-18 13:08:19;P+R Górka Narodowa;186
2026-05-18 13:08:19;P+R Pachońskiego;3
2026-05-18 13:08:19;P+R Krowodrza Górka;1
2026-05-18 13:08:19;P+R Czerwone Maki;4
2026-05-18 13:08:19;P+R Mały Płaszów;95
2026-05-18 13:08:19;P+R Nowy Bieżanów;2
2026-05-18 13:08:19;P+R Kurdwanów;53
2026-05-18 13:33:58;P+R Górka Narodowa;189
2026-05-18 13:33:58;P+R Pachońskiego;1
2026-05-18 13:33:58;P+R Krowodrza Górka;5
2026-05-18 13:33:58;P+R Czerwone Maki;7
2026-05-18 13:33:58;P+R Mały Płaszów;95
2026-05-18 13:33:58;P+R Nowy Bieżanów;2
2026-05-18 13:33:58;P+R Kurdwanów;54
2026-05-18 14:08:23;P+R Górka Narodowa;193
2026-05-18 14:08:23;P+R Pachońskiego;4
2026-05-18 14:08:23;P+R Krowodrza Górka;8
2026-05-18 14:08:23;P+R Czerwone Maki;8
2026-05-18 14:08:23;P+R Mały Płaszów;96
2026-05-18 14:08:23;P+R Nowy Bieżanów;5
2026-05-18 14:08:23;P+R Kurdwanów;52
2026-05-18 14:34:04;P+R Górka Narodowa;192
2026-05-18 14:34:04;P+R Pachońskiego;3
2026-05-18 14:34:04;P+R Krowodrza Górka;8
2026-05-18 14:34:04;P+R Czerwone Maki;15
2026-05-18 14:34:04;P+R Mały Płaszów;94
2026-05-18 14:34:04;P+R Nowy Bieżanów;7
2026-05-18 14:34:04;P+R Kurdwanów;57
2026-05-18 15:08:23;P+R Górka Narodowa;207
2026-05-18 15:08:23;P+R Pachońskiego;6
2026-05-18 15:08:23;P+R Krowodrza Górka;10
2026-05-18 15:08:23;P+R Czerwone Maki;29
2026-05-18 15:08:23;P+R Mały Płaszów;100
2026-05-18 15:08:23;P+R Nowy Bieżanów;12
2026-05-18 15:08:23;P+R Kurdwanów;61
2026-05-18 15:34:05;P+R Górka Narodowa;222
2026-05-18 15:34:05;P+R Pachońskiego;24
2026-05-18 15:34:05;P+R Krowodrza Górka;17
2026-05-18 15:34:05;P+R Czerwone Maki;43
2026-05-18 15:34:05;P+R Mały Płaszów;105
2026-05-18 15:34:05;P+R Nowy Bieżanów;16
2026-05-18 15:34:05;P+R Kurdwanów;70
2026-05-18 16:08:29;P+R Górka Narodowa;255
2026-05-18 16:08:29;P+R Pachońskiego;44
2026-05-18 16:08:29;P+R Krowodrza Górka;35
2026-05-18 16:08:29;P+R Czerwone Maki;59
2026-05-18 16:08:29;P+R Mały Płaszów;111
2026-05-18 16:08:29;P+R Nowy Bieżanów;38
2026-05-18 16:08:29;P+R Kurdwanów;81
2026-05-18 16:34:02;P+R Górka Narodowa;268
2026-05-18 16:34:02;P+R Pachońskiego;58
2026-05-18 16:34:02;P+R Krowodrza Górka;47
2026-05-18 16:34:02;P+R Czerwone Maki;74
2026-05-18 16:34:02;P+R Mały Płaszów;116
2026-05-18 16:34:02;P+R Nowy Bieżanów;60
2026-05-18 16:34:02;P+R Kurdwanów;88
2026-05-18 17:08:37;P+R Górka Narodowa;300
2026-05-18 17:08:37;P+R Pachońskiego;64
2026-05-18 17:08:37;P+R Krowodrza Górka;53
2026-05-18 17:08:37;P+R Czerwone Maki;102
2026-05-18 17:08:37;P+R Mały Płaszów;124
2026-05-18 17:08:37;P+R Nowy Bieżanów;66
2026-05-18 17:08:37;P+R Kurdwanów;98
2026-05-18 17:34:30;P+R Górka Narodowa;315
2026-05-18 17:34:30;P+R Pachońskiego;68
2026-05-18 17:34:30;P+R Krowodrza Górka;58
2026-05-18 17:34:30;P+R Czerwone Maki;112
2026-05-18 17:34:30;P+R Mały Płaszów;128
2026-05-18 17:34:30;P+R Nowy Bieżanów;72
2026-05-18 17:34:30;P+R Kurdwanów;107
2026-05-18 19:08:37;P+R Górka Narodowa;381
2026-05-18 19:08:37;P+R Pachońskiego;72
2026-05-18 19:08:37;P+R Krowodrza Górka;73
2026-05-18 19:08:37;P+R Czerwone Maki;142
2026-05-18 19:08:37;P+R Mały Płaszów;133
2026-05-18 19:08:37;P+R Nowy Bieżanów;85
2026-05-18 19:08:37;P+R Kurdwanów;125
2026-05-18 19:34:18;P+R Górka Narodowa;392
2026-05-18 19:34:18;P+R Pachońskiego;74
2026-05-18 19:34:18;P+R Krowodrza Górka;73
2026-05-18 19:34:18;P+R Czerwone Maki;145
2026-05-18 19:34:18;P+R Mały Płaszów;136
2026-05-18 19:34:18;P+R Nowy Bieżanów;88
2026-05-18 19:34:18;P+R Kurdwanów;128
2026-05-18 20:08:30;P+R Górka Narodowa;404
2026-05-18 20:08:30;P+R Pachońskiego;75
2026-05-18 20:08:30;P+R Krowodrza Górka;77
2026-05-18 20:08:30;P+R Czerwone Maki;153
2026-05-18 20:08:30;P+R Mały Płaszów;139
2026-05-18 20:08:30;P+R Nowy Bieżanów;91
2026-05-18 20:08:30;P+R Kurdwanów;133
2026-05-18 20:34:09;P+R Górka Narodowa;409
2026-05-18 20:34:09;P+R Pachońskiego;80
2026-05-18 20:34:09;P+R Krowodrza Górka;79
2026-05-18 20:34:09;P+R Czerwone Maki;158
2026-05-18 20:34:09;P+R Mały Płaszów;143
2026-05-18 20:34:09;P+R Nowy Bieżanów;94
2026-05-18 20:34:09;P+R Kurdwanów;136
2026-05-18 21:08:41;P+R Górka Narodowa;423
2026-05-18 21:08:41;P+R Pachońskiego;84
2026-05-18 21:08:41;P+R Krowodrza Górka;81
2026-05-18 21:08:41;P+R Czerwone Maki;163
2026-05-18 21:08:41;P+R Mały Płaszów;145
2026-05-18 21:08:41;P+R Nowy Bieżanów;95
2026-05-18 21:08:41;P+R Kurdwanów;138
2026-05-18 21:33:59;P+R Górka Narodowa;427
2026-05-18 21:33:59;P+R Pachońskiego;88
2026-05-18 21:33:59;P+R Krowodrza Górka;83
2026-05-18 21:33:59;P+R Czerwone Maki;165
2026-05-18 21:33:59;P+R Mały Płaszów;147
2026-05-18 21:33:59;P+R Nowy Bieżanów;97
2026-05-18 21:33:59;P+R Kurdwanów;144
2026-05-18 22:08:28;P+R Górka Narodowa;431
2026-05-18 22:08:28;P+R Pachońskiego;87
2026-05-18 22:08:28;P+R Krowodrza Górka;85
2026-05-18 22:08:28;P+R Czerwone Maki;172
2026-05-18 22:08:28;P+R Mały Płaszów;150
2026-05-18 22:08:28;P+R Nowy Bieżanów;98
2026-05-18 22:08:28;P+R Kurdwanów;147
2026-05-18 22:34:00;P+R Górka Narodowa;435
2026-05-18 22:34:00;P+R Pachońskiego;87
2026-05-18 22:34:00;P+R Krowodrza Górka;90
2026-05-18 22:34:00;P+R Czerwone Maki;175
2026-05-18 22:34:00;P+R Mały Płaszów;151
2026-05-18 22:34:00;P+R Nowy Bieżanów;98
2026-05-18 22:34:00;P+R Kurdwanów;151
2026-05-18 23:08:31;P+R Górka Narodowa;436
2026-05-18 23:08:31;P+R Pachońskiego;88
2026-05-18 23:08:31;P+R Krowodrza Górka;94
2026-05-18 23:08:31;P+R Czerwone Maki;176
2026-05-18 23:08:31;P+R Mały Płaszów;154
2026-05-18 23:08:31;P+R Nowy Bieżanów;99
2026-05-18 23:08:31;P+R Kurdwanów;153
2026-05-18 23:33:58;P+R Górka Narodowa;436
2026-05-18 23:33:58;P+R Pachońskiego;88
2026-05-18 23:33:58;P+R Krowodrza Górka;97
2026-05-18 23:33:58;P+R Czerwone Maki;177
2026-05-18 23:33:58;P+R Mały Płaszów;154
2026-05-18 23:33:58;P+R Nowy Bieżanów;100
2026-05-18 23:33:58;P+R Kurdwanów;155
2026-05-19 00:08:23;P+R Górka Narodowa;436
2026-05-19 00:08:23;P+R Pachońskiego;88
2026-05-19 00:08:23;P+R Krowodrza Górka;97
2026-05-19 00:08:23;P+R Czerwone Maki;177
2026-05-19 00:08:23;P+R Mały Płaszów;154
2026-05-19 00:08:23;P+R Nowy Bieżanów;100
2026-05-19 00:08:23;P+R Kurdwanów;155
2026-05-19 00:33:54;P+R Górka Narodowa;437
2026-05-19 00:33:54;P+R Pachońskiego;88
2026-05-19 00:33:54;P+R Krowodrza Górka;97
2026-05-19 00:33:54;P+R Czerwone Maki;178
2026-05-19 00:33:54;P+R Mały Płaszów;154
2026-05-19 00:33:54;P+R Nowy Bieżanów;100
2026-05-19 00:33:54;P+R Kurdwanów;156
2026-05-19 01:08:23;P+R Górka Narodowa;437
2026-05-19 01:08:23;P+R Pachońskiego;88
2026-05-19 01:08:23;P+R Krowodrza Górka;97
2026-05-19 01:08:23;P+R Czerwone Maki;178
2026-05-19 01:08:23;P+R Mały Płaszów;154
2026-05-19 01:08:23;P+R Nowy Bieżanów;100
2026-05-19 01:08:23;P+R Kurdwanów;156
2026-05-19 01:33:54;P+R Górka Narodowa;437
2026-05-19 01:33:54;P+R Pachońskiego;88
2026-05-19 01:33:54;P+R Krowodrza Górka;97
2026-05-19 01:33:54;P+R Czerwone Maki;178
2026-05-19 01:33:54;P+R Mały Płaszów;154
2026-05-19 01:33:54;P+R Nowy Bieżanów;100
2026-05-19 01:33:54;P+R Kurdwanów;156
2026-05-19 02:08:36;P+R Górka Narodowa;437
2026-05-19 02:08:36;P+R Pachońskiego;88
2026-05-19 02:08:36;P+R Krowodrza Górka;97
2026-05-19 02:08:36;P+R Czerwone Maki;178
2026-05-19 02:08:36;P+R Mały Płaszów;155
2026-05-19 02:08:36;P+R Nowy Bieżanów;100
2026-05-19 02:08:36;P+R Kurdwanów;156
2026-05-19 02:34:08;P+R Górka Narodowa;437
2026-05-19 02:34:08;P+R Pachońskiego;88
2026-05-19 02:34:08;P+R Krowodrza Górka;97
2026-05-19 02:34:08;P+R Czerwone Maki;178
2026-05-19 02:34:08;P+R Mały Płaszów;155
2026-05-19 02:34:08;P+R Nowy Bieżanów;100
2026-05-19 02:34:08;P+R Kurdwanów;156
2026-05-19 03:08:31;P+R Górka Narodowa;437
2026-05-19 03:08:31;P+R Pachońskiego;88
2026-05-19 03:08:31;P+R Krowodrza Górka;97
2026-05-19 03:08:31;P+R Czerwone Maki;178
2026-05-19 03:08:31;P+R Mały Płaszów;155
2026-05-19 03:08:31;P+R Nowy Bieżanów;100
2026-05-19 03:08:31;P+R Kurdwanów;156
2026-05-19 03:33:53;P+R Górka Narodowa;437
2026-05-19 03:33:53;P+R Pachońskiego;88
2026-05-19 03:33:53;P+R Krowodrza Górka;97
2026-05-19 03:33:53;P+R Czerwone Maki;178
2026-05-19 03:33:53;P+R Mały Płaszów;155
2026-05-19 03:33:53;P+R Nowy Bieżanów;100
2026-05-19 03:33:53;P+R Kurdwanów;156
2026-05-19 04:08:30;P+R Górka Narodowa;437
2026-05-19 04:08:30;P+R Pachońskiego;88
2026-05-19 04:08:30;P+R Krowodrza Górka;97
2026-05-19 04:08:30;P+R Czerwone Maki;178
2026-05-19 04:08:30;P+R Mały Płaszów;155
2026-05-19 04:08:30;P+R Nowy Bieżanów;100
2026-05-19 04:08:30;P+R Kurdwanów;156
2026-05-19 04:34:06;P+R Górka Narodowa;437
2026-05-19 04:34:06;P+R Pachońskiego;88
2026-05-19 04:34:06;P+R Krowodrza Górka;97
2026-05-19 04:34:06;P+R Czerwone Maki;180
2026-05-19 04:34:06;P+R Mały Płaszów;155
2026-05-19 04:34:06;P+R Nowy Bieżanów;100
2026-05-19 04:34:06;P+R Kurdwanów;156
2026-05-19 05:08:25;P+R Górka Narodowa;435
2026-05-19 05:08:25;P+R Pachońskiego;87
2026-05-19 05:08:25;P+R Krowodrza Górka;93
2026-05-19 05:08:25;P+R Czerwone Maki;179
2026-05-19 05:08:25;P+R Mały Płaszów;154
2026-05-19 05:08:25;P+R Nowy Bieżanów;98
2026-05-19 05:08:25;P+R Kurdwanów;154
2026-05-19 05:33:56;P+R Górka Narodowa;432
2026-05-19 05:33:56;P+R Pachońskiego;81
2026-05-19 05:33:56;P+R Krowodrza Górka;88
2026-05-19 05:33:56;P+R Czerwone Maki;172
2026-05-19 05:33:56;P+R Mały Płaszów;154
2026-05-19 05:33:56;P+R Nowy Bieżanów;93
2026-05-19 05:33:56;P+R Kurdwanów;146
2026-05-19 06:08:25;P+R Górka Narodowa;418
2026-05-19 06:08:25;P+R Pachońskiego;69
2026-05-19 06:08:25;P+R Krowodrza Górka;76
2026-05-19 06:08:25;P+R Czerwone Maki;163
2026-05-19 06:08:25;P+R Mały Płaszów;151
2026-05-19 06:08:25;P+R Nowy Bieżanów;78
2026-05-19 06:08:25;P+R Kurdwanów;138
2026-05-19 06:33:55;P+R Górka Narodowa;403
2026-05-19 06:33:55;P+R Pachońskiego;49
2026-05-19 06:33:55;P+R Krowodrza Górka;69
2026-05-19 06:33:55;P+R Czerwone Maki;149
2026-05-19 06:33:55;P+R Mały Płaszów;146
2026-05-19 06:33:55;P+R Nowy Bieżanów;61
2026-05-19 06:33:55;P+R Kurdwanów;124
2026-05-19 07:08:24;P+R Górka Narodowa;348
2026-05-19 07:08:24;P+R Pachońskiego;8
2026-05-19 07:08:24;P+R Krowodrza Górka;32
2026-05-19 07:08:24;P+R Czerwone Maki;117
2026-05-19 07:08:24;P+R Mały Płaszów;126
2026-05-19 07:08:24;P+R Nowy Bieżanów;22
2026-05-19 07:08:24;P+R Kurdwanów;104
2026-05-19 07:34:01;P+R Górka Narodowa;301
2026-05-19 07:34:01;P+R Pachońskiego;0
2026-05-19 07:34:01;P+R Krowodrza Górka;0
2026-05-19 07:34:01;P+R Czerwone Maki;92
2026-05-19 07:34:01;P+R Mały Płaszów;121
2026-05-19 07:34:01;P+R Nowy Bieżanów;3
2026-05-19 07:34:01;P+R Kurdwanów;96
2026-05-19 08:08:23;P+R Górka Narodowa;247
2026-05-19 08:08:23;P+R Pachońskiego;0
2026-05-19 08:08:23;P+R Krowodrza Górka;0
2026-05-19 08:08:23;P+R Czerwone Maki;69
2026-05-19 08:08:23;P+R Mały Płaszów;109
2026-05-19 08:08:23;P+R Nowy Bieżanów;0
2026-05-19 08:08:23;P+R Kurdwanów;86
2026-05-19 08:33:56;P+R Górka Narodowa;216
2026-05-19 08:33:56;P+R Pachońskiego;0
2026-05-19 08:33:56;P+R Krowodrza Górka;0
2026-05-19 08:33:56;P+R Czerwone Maki;54
2026-05-19 08:33:56;P+R Mały Płaszów;104
2026-05-19 08:33:56;P+R Nowy Bieżanów;0
2026-05-19 08:33:56;P+R Kurdwanów;71
2026-05-19 09:08:24;P+R Górka Narodowa;183
2026-05-19 09:08:24;P+R Pachońskiego;0
2026-05-19 09:08:24;P+R Krowodrza Górka;0
2026-05-19 09:08:24;P+R Czerwone Maki;33
2026-05-19 09:08:24;P+R Mały Płaszów;96
2026-05-19 09:08:24;P+R Nowy Bieżanów;0
2026-05-19 09:08:24;P+R Kurdwanów;65
2026-05-19 09:34:11;P+R Górka Narodowa;165
2026-05-19 09:34:11;P+R Pachońskiego;0
2026-05-19 09:34:11;P+R Krowodrza Górka;1
2026-05-19 09:34:11;P+R Czerwone Maki;21
2026-05-19 09:34:11;P+R Mały Płaszów;91
2026-05-19 09:34:11;P+R Nowy Bieżanów;0
2026-05-19 09:34:11;P+R Kurdwanów;63
2026-05-19 10:09:02;P+R Górka Narodowa;153
2026-05-19 10:09:02;P+R Pachońskiego;0
2026-05-19 10:09:02;P+R Krowodrza Górka;0
2026-05-19 10:09:02;P+R Czerwone Maki;16
2026-05-19 10:09:02;P+R Mały Płaszów;91
2026-05-19 10:09:02;P+R Nowy Bieżanów;0
2026-05-19 10:09:02;P+R Kurdwanów;58
2026-05-19 10:34:09;P+R Górka Narodowa;141
2026-05-19 10:34:09;P+R Pachońskiego;0
2026-05-19 10:34:09;P+R Krowodrza Górka;0
2026-05-19 10:34:09;P+R Czerwone Maki;10
2026-05-19 10:34:09;P+R Mały Płaszów;86
2026-05-19 10:34:09;P+R Nowy Bieżanów;0
2026-05-19 10:34:09;P+R Kurdwanów;55
2026-05-19 11:08:28;P+R Górka Narodowa;130
2026-05-19 11:08:28;P+R Pachońskiego;0
2026-05-19 11:08:28;P+R Krowodrza Górka;0
2026-05-19 11:08:28;P+R Czerwone Maki;3
2026-05-19 11:08:28;P+R Mały Płaszów;85
2026-05-19 11:08:28;P+R Nowy Bieżanów;0
2026-05-19 11:08:28;P+R Kurdwanów;53
2026-05-19 11:34:02;P+R Górka Narodowa;128
2026-05-19 11:34:02;P+R Pachońskiego;0
2026-05-19 11:34:02;P+R Krowodrza Górka;0
2026-05-19 11:34:02;P+R Czerwone Maki;0
2026-05-19 11:34:02;P+R Mały Płaszów;84
2026-05-19 11:34:02;P+R Nowy Bieżanów;0
2026-05-19 11:34:02;P+R Kurdwanów;52
2026-05-19 12:08:31;P+R Górka Narodowa;130
2026-05-19 12:08:31;P+R Pachońskiego;0
2026-05-19 12:08:31;P+R Krowodrza Górka;0
2026-05-19 12:08:31;P+R Czerwone Maki;2
2026-05-19 12:08:31;P+R Mały Płaszów;81
2026-05-19 12:08:31;P+R Nowy Bieżanów;0
2026-05-19 12:08:31;P+R Kurdwanów;47
2026-05-19 12:34:10;P+R Górka Narodowa;130
2026-05-19 12:34:10;P+R Pachońskiego;1
2026-05-19 12:34:10;P+R Krowodrza Górka;0
2026-05-19 12:34:10;P+R Czerwone Maki;4
2026-05-19 12:34:10;P+R Mały Płaszów;79
2026-05-19 12:34:10;P+R Nowy Bieżanów;0
2026-05-19 12:34:10;P+R Kurdwanów;43
2026-05-19 13:08:24;P+R Górka Narodowa;130
2026-05-19 13:08:24;P+R Pachońskiego;0
2026-05-19 13:08:24;P+R Krowodrza Górka;2
2026-05-19 13:08:24;P+R Czerwone Maki;7
2026-05-19 13:08:24;P+R Mały Płaszów;81
2026-05-19 13:08:24;P+R Nowy Bieżanów;0
2026-05-19 13:08:24;P+R Kurdwanów;42
2026-05-19 13:33:56;P+R Górka Narodowa;132
2026-05-19 13:33:56;P+R Pachońskiego;0
2026-05-19 13:33:56;P+R Krowodrza Górka;5
2026-05-19 13:33:56;P+R Czerwone Maki;8
2026-05-19 13:33:56;P+R Mały Płaszów;83
2026-05-19 13:33:56;P+R Nowy Bieżanów;0
2026-05-19 13:33:56;P+R Kurdwanów;40
2026-05-19 14:08:33;P+R Górka Narodowa;137
2026-05-19 14:08:33;P+R Pachońskiego;2
2026-05-19 14:08:33;P+R Krowodrza Górka;1
2026-05-19 14:08:33;P+R Czerwone Maki;8
2026-05-19 14:08:33;P+R Mały Płaszów;84
2026-05-19 14:08:33;P+R Nowy Bieżanów;0
2026-05-19 14:08:33;P+R Kurdwanów;43
2026-05-19 14:33:58;P+R Górka Narodowa;144
2026-05-19 14:33:58;P+R Pachońskiego;3
2026-05-19 14:33:58;P+R Krowodrza Górka;5
2026-05-19 14:33:58;P+R Czerwone Maki;16
2026-05-19 14:33:58;P+R Mały Płaszów;82
2026-05-19 14:33:58;P+R Nowy Bieżanów;0
2026-05-19 14:33:58;P+R Kurdwanów;44
2026-05-19 15:08:32;P+R Górka Narodowa;162
2026-05-19 15:08:32;P+R Pachońskiego;9
2026-05-19 15:08:32;P+R Krowodrza Górka;14
2026-05-19 15:08:32;P+R Czerwone Maki;32
2026-05-19 15:08:32;P+R Mały Płaszów;85
2026-05-19 15:08:32;P+R Nowy Bieżanów;3
2026-05-19 15:08:32;P+R Kurdwanów;52
2026-05-19 15:34:15;P+R Górka Narodowa;177
2026-05-19 15:34:15;P+R Pachońskiego;30
2026-05-19 15:34:15;P+R Krowodrza Górka;19
2026-05-19 15:34:15;P+R Czerwone Maki;50
2026-05-19 15:34:15;P+R Mały Płaszów;90
2026-05-19 15:34:15;P+R Nowy Bieżanów;7
2026-05-19 15:34:15;P+R Kurdwanów;66
2026-05-19 16:09:04;P+R Górka Narodowa;225
2026-05-19 16:09:04;P+R Pachońskiego;43
2026-05-19 16:09:04;P+R Krowodrza Górka;41
2026-05-19 16:09:04;P+R Czerwone Maki;73
2026-05-19 16:09:04;P+R Mały Płaszów;99
2026-05-19 16:09:04;P+R Nowy Bieżanów;24
2026-05-19 16:09:04;P+R Kurdwanów;81
2026-05-19 16:34:03;P+R Górka Narodowa;256
2026-05-19 16:34:03;P+R Pachońskiego;50
2026-05-19 16:34:03;P+R Krowodrza Górka;47
2026-05-19 16:34:03;P+R Czerwone Maki;91
2026-05-19 16:34:03;P+R Mały Płaszów;103
2026-05-19 16:34:03;P+R Nowy Bieżanów;40
2026-05-19 16:34:03;P+R Kurdwanów;86
2026-05-19 17:08:29;P+R Górka Narodowa;285
2026-05-19 17:08:29;P+R Pachońskiego;61
2026-05-19 17:08:29;P+R Krowodrza Górka;47
2026-05-19 17:08:29;P+R Czerwone Maki;109
2026-05-19 17:08:29;P+R Mały Płaszów;107
2026-05-19 17:08:29;P+R Nowy Bieżanów;50
2026-05-19 17:08:29;P+R Kurdwanów;100
2026-05-19 17:33:59;P+R Górka Narodowa;298
2026-05-19 17:33:59;P+R Pachońskiego;66
2026-05-19 17:33:59;P+R Krowodrza Górka;47
2026-05-19 17:33:59;P+R Czerwone Maki;117
2026-05-19 17:33:59;P+R Mały Płaszów;116
2026-05-19 17:33:59;P+R Nowy Bieżanów;52
2026-05-19 17:33:59;P+R Kurdwanów;106
2026-05-19 18:08:35;P+R Górka Narodowa;329
2026-05-19 18:08:35;P+R Pachońskiego;70
2026-05-19 18:08:35;P+R Krowodrza Górka;50
2026-05-19 18:08:35;P+R Czerwone Maki;126
2026-05-19 18:08:35;P+R Mały Płaszów;127
2026-05-19 18:08:35;P+R Nowy Bieżanów;51
2026-05-19 18:08:35;P+R Kurdwanów;107
2026-05-19 18:34:04;P+R Górka Narodowa;339
2026-05-19 18:34:04;P+R Pachońskiego;72
2026-05-19 18:34:04;P+R Krowodrza Górka;52
2026-05-19 18:34:04;P+R Czerwone Maki;132
2026-05-19 18:34:04;P+R Mały Płaszów;132
2026-05-19 18:34:04;P+R Nowy Bieżanów;51
2026-05-19 18:34:04;P+R Kurdwanów;105
2026-05-19 19:08:32;P+R Górka Narodowa;361
2026-05-19 19:08:32;P+R Pachońskiego;77
2026-05-19 19:08:32;P+R Krowodrza Górka;57
2026-05-19 19:08:32;P+R Czerwone Maki;143
2026-05-19 19:08:32;P+R Mały Płaszów;137
2026-05-19 19:08:32;P+R Nowy Bieżanów;53
2026-05-19 19:08:32;P+R Kurdwanów;106
2026-05-19 19:34:17;P+R Górka Narodowa;375
2026-05-19 19:34:17;P+R Pachońskiego;78
2026-05-19 19:34:17;P+R Krowodrza Górka;65
2026-05-19 19:34:17;P+R Czerwone Maki;147
2026-05-19 19:34:17;P+R Mały Płaszów;140
2026-05-19 19:34:17;P+R Nowy Bieżanów;55
2026-05-19 19:34:17;P+R Kurdwanów;106
2026-05-19 20:08:34;P+R Górka Narodowa;391
2026-05-19 20:08:34;P+R Pachońskiego;77
2026-05-19 20:08:34;P+R Krowodrza Górka;68
2026-05-19 20:08:34;P+R Czerwone Maki;153
2026-05-19 20:08:34;P+R Mały Płaszów;145
2026-05-19 20:08:34;P+R Nowy Bieżanów;56
2026-05-19 20:08:34;P+R Kurdwanów;109
2026-05-19 21:08:27;P+R Górka Narodowa;410
2026-05-19 21:08:27;P+R Pachońskiego;74
2026-05-19 21:08:27;P+R Krowodrza Górka;65
2026-05-19 21:08:27;P+R Czerwone Maki;159
2026-05-19 21:08:27;P+R Mały Płaszów;148
2026-05-19 21:08:27;P+R Nowy Bieżanów;57
2026-05-19 21:08:27;P+R Kurdwanów;116
2026-05-19 21:34:00;P+R Górka Narodowa;419
2026-05-19 21:34:00;P+R Pachońskiego;73
2026-05-19 21:34:00;P+R Krowodrza Górka;65
2026-05-19 21:34:00;P+R Czerwone Maki;168
2026-05-19 21:34:00;P+R Mały Płaszów;149
2026-05-19 21:34:00;P+R Nowy Bieżanów;57
2026-05-19 21:34:00;P+R Kurdwanów;119
2026-05-19 22:08:29;P+R Górka Narodowa;423
2026-05-19 22:08:29;P+R Pachońskiego;75
2026-05-19 22:08:29;P+R Krowodrza Górka;67
2026-05-19 22:08:29;P+R Czerwone Maki;172
2026-05-19 22:08:29;P+R Mały Płaszów;152
2026-05-19 22:08:29;P+R Nowy Bieżanów;57
2026-05-19 22:08:29;P+R Kurdwanów;120
2026-05-19 22:34:06;P+R Górka Narodowa;428
2026-05-19 22:34:06;P+R Pachońskiego;76
2026-05-19 22:34:06;P+R Krowodrza Górka;70
2026-05-19 22:34:06;P+R Czerwone Maki;172
2026-05-19 22:34:06;P+R Mały Płaszów;152
2026-05-19 22:34:06;P+R Nowy Bieżanów;57
2026-05-19 22:34:06;P+R Kurdwanów;123
2026-05-19 23:08:25;P+R Górka Narodowa;433
2026-05-19 23:08:25;P+R Pachońskiego;77
2026-05-19 23:08:25;P+R Krowodrza Górka;75
2026-05-19 23:08:25;P+R Czerwone Maki;175
2026-05-19 23:08:25;P+R Mały Płaszów;152
2026-05-19 23:08:25;P+R Nowy Bieżanów;57
2026-05-19 23:08:25;P+R Kurdwanów;124
2026-05-19 23:34:34;P+R Górka Narodowa;436
2026-05-19 23:34:34;P+R Pachońskiego;78
2026-05-19 23:34:34;P+R Krowodrza Górka;76
2026-05-19 23:34:34;P+R Czerwone Maki;177
2026-05-19 23:34:34;P+R Mały Płaszów;152
2026-05-19 23:34:34;P+R Nowy Bieżanów;57
2026-05-19 23:34:34;P+R Kurdwanów;126
2026-05-20 00:08:26;P+R Górka Narodowa;437
2026-05-20 00:08:26;P+R Pachońskiego;88
2026-05-20 00:08:26;P+R Krowodrza Górka;77
2026-05-20 00:08:26;P+R Czerwone Maki;177
2026-05-20 00:08:26;P+R Mały Płaszów;155
2026-05-20 00:08:26;P+R Nowy Bieżanów;100
2026-05-20 00:08:26;P+R Kurdwanów;156
2026-05-20 00:34:22;P+R Górka Narodowa;437
2026-05-20 00:34:22;P+R Pachońskiego;88
2026-05-20 00:34:22;P+R Krowodrza Górka;77
2026-05-20 00:34:22;P+R Czerwone Maki;179
2026-05-20 00:34:22;P+R Mały Płaszów;155
2026-05-20 00:34:22;P+R Nowy Bieżanów;100
2026-05-20 00:34:22;P+R Kurdwanów;156
2026-05-20 01:08:28;P+R Górka Narodowa;437
2026-05-20 01:08:28;P+R Pachońskiego;88
2026-05-20 01:08:28;P+R Krowodrza Górka;77
2026-05-20 01:08:28;P+R Czerwone Maki;179
2026-05-20 01:08:28;P+R Mały Płaszów;155
2026-05-20 01:08:28;P+R Nowy Bieżanów;100
2026-05-20 01:08:28;P+R Kurdwanów;156
2026-05-20 01:33:56;P+R Górka Narodowa;437
2026-05-20 01:33:56;P+R Pachońskiego;88
2026-05-20 01:33:56;P+R Krowodrza Górka;78
2026-05-20 01:33:56;P+R Czerwone Maki;179
2026-05-20 01:33:56;P+R Mały Płaszów;155
2026-05-20 01:33:56;P+R Nowy Bieżanów;100
2026-05-20 01:33:56;P+R Kurdwanów;156
2026-05-20 02:08:25;P+R Górka Narodowa;437
2026-05-20 02:08:25;P+R Pachońskiego;88
2026-05-20 02:08:25;P+R Krowodrza Górka;97
2026-05-20 02:08:25;P+R Czerwone Maki;179
2026-05-20 02:08:25;P+R Mały Płaszów;155
2026-05-20 02:08:25;P+R Nowy Bieżanów;100
2026-05-20 02:08:25;P+R Kurdwanów;156
2026-05-20 02:34:06;P+R Górka Narodowa;437
2026-05-20 02:34:06;P+R Pachońskiego;88
2026-05-20 02:34:06;P+R Krowodrza Górka;97
2026-05-20 02:34:06;P+R Czerwone Maki;179
2026-05-20 02:34:06;P+R Mały Płaszów;155
2026-05-20 02:34:06;P+R Nowy Bieżanów;100
2026-05-20 02:34:06;P+R Kurdwanów;156
2026-05-20 03:08:27;P+R Górka Narodowa;437
2026-05-20 03:08:27;P+R Pachońskiego;88
2026-05-20 03:08:27;P+R Krowodrza Górka;97
2026-05-20 03:08:27;P+R Czerwone Maki;179
2026-05-20 03:08:27;P+R Mały Płaszów;155
2026-05-20 03:08:27;P+R Nowy Bieżanów;100
2026-05-20 03:08:27;P+R Kurdwanów;156
2026-05-20 03:34:39;P+R Górka Narodowa;437
2026-05-20 03:34:39;P+R Pachońskiego;88
2026-05-20 03:34:39;P+R Krowodrza Górka;97
2026-05-20 03:34:39;P+R Czerwone Maki;179
2026-05-20 03:34:39;P+R Mały Płaszów;155
2026-05-20 03:34:39;P+R Nowy Bieżanów;100
2026-05-20 03:34:39;P+R Kurdwanów;156
2026-05-20 04:08:22;P+R Górka Narodowa;437
2026-05-20 04:08:22;P+R Pachońskiego;88
2026-05-20 04:08:22;P+R Krowodrza Górka;97
2026-05-20 04:08:22;P+R Czerwone Maki;179
2026-05-20 04:08:22;P+R Mały Płaszów;155
2026-05-20 04:08:22;P+R Nowy Bieżanów;100
2026-05-20 04:08:22;P+R Kurdwanów;156
2026-05-20 05:08:30;P+R Górka Narodowa;433
2026-05-20 05:08:30;P+R Pachońskiego;87
2026-05-20 05:08:30;P+R Krowodrza Górka;95
2026-05-20 05:08:30;P+R Czerwone Maki;176
2026-05-20 05:08:30;P+R Mały Płaszów;154
2026-05-20 05:08:30;P+R Nowy Bieżanów;98
2026-05-20 05:08:30;P+R Kurdwanów;153
2026-05-20 05:34:00;P+R Górka Narodowa;429
2026-05-20 05:34:00;P+R Pachońskiego;80
2026-05-20 05:34:00;P+R Krowodrza Górka;91
2026-05-20 05:34:00;P+R Czerwone Maki;168
2026-05-20 05:34:00;P+R Mały Płaszów;154
2026-05-20 05:34:00;P+R Nowy Bieżanów;95
2026-05-20 05:34:00;P+R Kurdwanów;148
2026-05-20 06:08:21;P+R Górka Narodowa;422
2026-05-20 06:08:21;P+R Pachońskiego;70
2026-05-20 06:08:21;P+R Krowodrza Górka;79
2026-05-20 06:08:21;P+R Czerwone Maki;152
2026-05-20 06:08:21;P+R Mały Płaszów;152
2026-05-20 06:08:21;P+R Nowy Bieżanów;86
2026-05-20 06:08:21;P+R Kurdwanów;140
