Datetime,Parking,Free Slots Original,Free Slots Imputation,Imputation type
2026-04-28 21:30:00,P+R Czerwone Maki,163.0,163,
2026-04-28 22:00:00,P+R Czerwone Maki,165.0,165,
2026-04-28 22:30:00,P+R Czerwone Maki,170.0,170,
2026-04-28 23:00:00,P+R Czerwone Maki,173.0,173,
2026-04-28 23:30:00,P+R Czerwone Maki,174.0,174,
2026-04-29 00:00:00,P+R Czerwone Maki,177.0,177,
2026-04-29 00:30:00,P+R Czerwone Maki,177.0,177,
2026-04-29 01:00:00,P+R Czerwone Maki,177.0,177,
2026-04-29 01:30:00,P+R Czerwone Maki,177.0,177,
2026-04-29 02:00:00,P+R Czerwone Maki,177.0,177,
2026-04-29 02:30:00,P+R Czerwone Maki,177.0,177,
2026-04-29 03:00:00,P+R Czerwone Maki,177.0,177,
2026-04-29 03:30:00,P+R Czerwone Maki,177.0,177,
2026-04-29 04:00:00,P+R Czerwone Maki,177.0,177,
2026-04-29 04:30:00,P+R Czerwone Maki,183.0,183,
2026-04-29 05:00:00,P+R Czerwone Maki,179.0,179,
2026-04-29 05:30:00,P+R Czerwone Maki,174.0,174,
2026-04-29 06:00:00,P+R Czerwone Maki,162.0,162,
2026-04-29 06:30:00,P+R Czerwone Maki,145.0,145,
2026-04-29 07:00:00,P+R Czerwone Maki,129.0,129,
2026-04-29 07:30:00,P+R Czerwone Maki,102.0,102,
2026-04-29 08:00:00,P+R Czerwone Maki,80.0,80,
2026-04-29 08:30:00,P+R Czerwone Maki,56.0,56,
2026-04-29 09:00:00,P+R Czerwone Maki,39.0,39,
2026-04-29 09:30:00,P+R Czerwone Maki,29.0,29,
2026-04-29 10:00:00,P+R Czerwone Maki,18.0,18,
2026-04-29 10:30:00,P+R Czerwone Maki,16.0,16,
2026-04-29 11:00:00,P+R Czerwone Maki,14.0,14,
2026-04-29 11:30:00,P+R Czerwone Maki,14.0,14,
2026-04-29 12:00:00,P+R Czerwone Maki,16.0,16,
2026-04-29 12:30:00,P+R Czerwone Maki,18.0,18,
2026-04-29 13:00:00,P+R Czerwone Maki,17.0,17,
2026-04-29 13:30:00,P+R Czerwone Maki,22.0,22,
2026-04-29 14:00:00,P+R Czerwone Maki,23.0,23,
2026-04-29 14:30:00,P+R Czerwone Maki,21.0,21,
2026-04-29 15:00:00,P+R Czerwone Maki,23.0,23,
2026-04-29 15:30:00,P+R Czerwone Maki,36.0,36,
2026-04-29 16:00:00,P+R Czerwone Maki,53.0,53,
2026-04-29 16:30:00,P+R Czerwone Maki,73.0,73,
2026-04-29 17:00:00,P+R Czerwone Maki,92.0,92,
2026-04-29 17:30:00,P+R Czerwone Maki,106.0,106,
2026-04-29 18:00:00,P+R Czerwone Maki,114.0,114,
2026-04-29 18:30:00,P+R Czerwone Maki,,114,forward_fill
2026-04-29 19:00:00,P+R Czerwone Maki,132.0,132,
2026-04-29 19:30:00,P+R Czerwone Maki,140.0,140,
2026-04-29 20:00:00,P+R Czerwone Maki,144.0,144,
2026-04-29 20:30:00,P+R Czerwone Maki,151.0,151,
2026-04-29 21:00:00,P+R Czerwone Maki,158.0,158,
2026-04-29 21:30:00,P+R Czerwone Maki,163.0,163,
2026-04-29 22:00:00,P+R Czerwone Maki,163.0,163,
2026-04-29 22:30:00,P+R Czerwone Maki,167.0,167,
2026-04-29 23:00:00,P+R Czerwone Maki,172.0,172,
2026-04-29 23:30:00,P+R Czerwone Maki,173.0,173,
2026-04-30 00:00:00,P+R Czerwone Maki,179.0,179,
2026-04-30 00:30:00,P+R Czerwone Maki,180.0,180,
2026-04-30 01:00:00,P+R Czerwone Maki,180.0,180,
2026-04-30 01:30:00,P+R Czerwone Maki,180.0,180,
2026-04-30 02:00:00,P+R Czerwone Maki,180.0,180,
2026-04-30 02:30:00,P+R Czerwone Maki,180.0,180,
2026-04-30 03:00:00,P+R Czerwone Maki,180.0,180,
2026-04-30 03:30:00,P+R Czerwone Maki,180.0,180,
2026-04-30 04:00:00,P+R Czerwone Maki,180.0,180,
2026-04-30 04:30:00,P+R Czerwone Maki,183.0,183,
2026-04-30 05:00:00,P+R Czerwone Maki,181.0,181,
2026-04-30 05:30:00,P+R Czerwone Maki,176.0,176,
2026-04-30 06:00:00,P+R Czerwone Maki,164.0,164,
2026-04-30 06:30:00,P+R Czerwone Maki,151.0,151,
2026-04-30 07:00:00,P+R Czerwone Maki,135.0,135,
2026-04-30 07:30:00,P+R Czerwone Maki,105.0,105,
2026-04-30 08:00:00,P+R Czerwone Maki,92.0,92,
2026-04-30 08:30:00,P+R Czerwone Maki,83.0,83,
2026-04-30 09:00:00,P+R Czerwone Maki,70.0,70,
2026-04-30 09:30:00,P+R Czerwone Maki,56.0,56,
2026-04-30 10:00:00,P+R Czerwone Maki,55.0,55,
2026-04-30 10:30:00,P+R Czerwone Maki,47.0,47,
2026-04-30 11:00:00,P+R Czerwone Maki,41.0,41,
2026-04-30 11:30:00,P+R Czerwone Maki,42.0,42,
2026-04-30 12:00:00,P+R Czerwone Maki,44.0,44,
2026-04-30 12:30:00,P+R Czerwone Maki,44.0,44,
2026-04-30 13:00:00,P+R Czerwone Maki,41.0,41,
2026-04-30 13:30:00,P+R Czerwone Maki,44.0,44,
2026-04-30 14:00:00,P+R Czerwone Maki,44.0,44,
2026-04-30 14:30:00,P+R Czerwone Maki,46.0,46,
2026-04-30 15:00:00,P+R Czerwone Maki,59.0,59,
2026-04-30 15:30:00,P+R Czerwone Maki,65.0,65,
2026-04-30 16:00:00,P+R Czerwone Maki,86.0,86,
2026-04-30 16:30:00,P+R Czerwone Maki,102.0,102,
2026-04-30 17:00:00,P+R Czerwone Maki,118.0,118,
2026-04-30 17:30:00,P+R Czerwone Maki,125.0,125,
2026-04-30 18:00:00,P+R Czerwone Maki,129.0,129,
2026-04-30 18:30:00,P+R Czerwone Maki,129.0,129,
2026-04-30 19:00:00,P+R Czerwone Maki,138.0,138,
2026-04-30 19:30:00,P+R Czerwone Maki,143.0,143,
2026-04-30 20:00:00,P+R Czerwone Maki,146.0,146,
2026-04-30 20:30:00,P+R Czerwone Maki,149.0,149,
2026-04-30 21:00:00,P+R Czerwone Maki,153.0,153,
2026-04-30 21:30:00,P+R Czerwone Maki,156.0,156,
2026-04-30 22:00:00,P+R Czerwone Maki,,159,linear interpolation
2026-04-30 22:30:00,P+R Czerwone Maki,,162,linear interpolation
2026-04-30 23:00:00,P+R Czerwone Maki,,165,linear interpolation
2026-04-30 23:30:00,P+R Czerwone Maki,,168,linear interpolation
2026-05-01 00:00:00,P+R Czerwone Maki,,171,linear interpolation
2026-05-01 00:30:00,P+R Czerwone Maki,,174,linear interpolation
2026-05-01 01:00:00,P+R Czerwone Maki,,177,linear interpolation
2026-05-01 01:30:00,P+R Czerwone Maki,,180,linear interpolation
2026-05-01 02:00:00,P+R Czerwone Maki,183.0,183,
2026-05-01 02:30:00,P+R Czerwone Maki,183.0,183,
2026-05-01 03:00:00,P+R Czerwone Maki,183.0,183,
2026-05-01 03:30:00,P+R Czerwone Maki,183.0,183,
2026-05-01 04:00:00,P+R Czerwone Maki,183.0,183,
2026-05-01 04:30:00,P+R Czerwone Maki,183.0,183,
2026-05-01 05:00:00,P+R Czerwone Maki,183.0,183,
2026-05-01 05:30:00,P+R Czerwone Maki,183.0,183,
2026-05-01 06:00:00,P+R Czerwone Maki,182.0,182,
2026-05-01 06:30:00,P+R Czerwone Maki,181.0,181,
2026-05-01 07:00:00,P+R Czerwone Maki,180.0,180,
2026-05-01 07:30:00,P+R Czerwone Maki,178.0,178,
2026-05-01 08:00:00,P+R Czerwone Maki,177.0,177,
2026-05-01 08:30:00,P+R Czerwone Maki,176.0,176,
2026-05-01 09:00:00,P+R Czerwone Maki,176.0,176,
2026-05-01 09:30:00,P+R Czerwone Maki,171.0,171,
2026-05-01 10:00:00,P+R Czerwone Maki,169.0,169,
2026-05-01 10:30:00,P+R Czerwone Maki,165.0,165,
2026-05-01 11:00:00,P+R Czerwone Maki,162.0,162,
2026-05-01 11:30:00,P+R Czerwone Maki,159.0,159,
2026-05-01 12:00:00,P+R Czerwone Maki,152.0,152,
2026-05-01 12:30:00,P+R Czerwone Maki,149.0,149,
2026-05-01 13:00:00,P+R Czerwone Maki,150.0,150,
2026-05-01 13:30:00,P+R Czerwone Maki,148.0,148,
2026-05-01 14:00:00,P+R Czerwone Maki,148.0,148,
2026-05-01 14:30:00,P+R Czerwone Maki,148.0,148,
2026-05-01 15:00:00,P+R Czerwone Maki,145.0,145,
2026-05-01 15:30:00,P+R Czerwone Maki,145.0,145,
2026-05-01 16:00:00,P+R Czerwone Maki,,146,linear interpolation
2026-05-01 16:30:00,P+R Czerwone Maki,,147,linear interpolation
2026-05-01 17:00:00,P+R Czerwone Maki,,148,linear interpolation
2026-05-01 17:30:00,P+R Czerwone Maki,149.0,149,
2026-05-01 18:00:00,P+R Czerwone Maki,147.0,147,
2026-05-01 18:30:00,P+R Czerwone Maki,151.0,151,
2026-05-01 19:00:00,P+R Czerwone Maki,152.0,152,
2026-05-01 19:30:00,P+R Czerwone Maki,154.0,154,
2026-05-01 20:00:00,P+R Czerwone Maki,159.0,159,
2026-05-01 20:30:00,P+R Czerwone Maki,164.0,164,
2026-05-01 21:00:00,P+R Czerwone Maki,167.0,167,
2026-05-01 21:30:00,P+R Czerwone Maki,168.0,168,
2026-05-01 22:00:00,P+R Czerwone Maki,170.0,170,
2026-05-01 22:30:00,P+R Czerwone Maki,175.0,175,
2026-05-01 23:00:00,P+R Czerwone Maki,175.0,175,
2026-05-01 23:30:00,P+R Czerwone Maki,175.0,175,
2026-05-02 00:00:00,P+R Czerwone Maki,179.0,179,
2026-05-02 00:30:00,P+R Czerwone Maki,180.0,180,
2026-05-02 01:00:00,P+R Czerwone Maki,182.0,182,
2026-05-02 01:30:00,P+R Czerwone Maki,182.0,182,
2026-05-02 02:00:00,P+R Czerwone Maki,,182,forward_fill
2026-05-02 02:30:00,P+R Czerwone Maki,182.0,182,
2026-05-02 03:00:00,P+R Czerwone Maki,182.0,182,
2026-05-02 03:30:00,P+R Czerwone Maki,182.0,182,
2026-05-02 04:00:00,P+R Czerwone Maki,182.0,182,
2026-05-02 04:30:00,P+R Czerwone Maki,182.0,182,
2026-05-02 05:00:00,P+R Czerwone Maki,181.0,181,
2026-05-02 05:30:00,P+R Czerwone Maki,180.0,180,
2026-05-02 06:00:00,P+R Czerwone Maki,180.0,180,
2026-05-02 06:30:00,P+R Czerwone Maki,179.0,179,
2026-05-02 07:00:00,P+R Czerwone Maki,177.0,177,
2026-05-02 07:30:00,P+R Czerwone Maki,176.0,176,
2026-05-02 08:00:00,P+R Czerwone Maki,175.0,175,
2026-05-02 08:30:00,P+R Czerwone Maki,171.0,171,
2026-05-02 09:00:00,P+R Czerwone Maki,168.0,168,
2026-05-02 09:30:00,P+R Czerwone Maki,166.0,166,
2026-05-02 10:00:00,P+R Czerwone Maki,162.0,162,
2026-05-02 10:30:00,P+R Czerwone Maki,157.0,157,
2026-05-02 11:00:00,P+R Czerwone Maki,148.0,148,
2026-05-02 11:30:00,P+R Czerwone Maki,143.0,143,
2026-05-02 12:00:00,P+R Czerwone Maki,136.0,136,
2026-05-02 12:30:00,P+R Czerwone Maki,133.0,133,
2026-05-02 13:00:00,P+R Czerwone Maki,127.0,127,
2026-05-02 13:30:00,P+R Czerwone Maki,124.0,124,
2026-05-02 14:00:00,P+R Czerwone Maki,127.0,127,
2026-05-02 14:30:00,P+R Czerwone Maki,126.0,126,
2026-05-02 15:00:00,P+R Czerwone Maki,126.0,126,
2026-05-02 15:30:00,P+R Czerwone Maki,128.0,128,
2026-05-02 16:00:00,P+R Czerwone Maki,131.0,131,
2026-05-02 16:30:00,P+R Czerwone Maki,131.0,131,
2026-05-02 17:00:00,P+R Czerwone Maki,137.0,137,
2026-05-02 17:30:00,P+R Czerwone Maki,135.0,135,
2026-05-02 18:00:00,P+R Czerwone Maki,140.0,140,
2026-05-02 18:30:00,P+R Czerwone Maki,145.0,145,
2026-05-02 19:00:00,P+R Czerwone Maki,,145,forward_fill
2026-05-02 19:30:00,P+R Czerwone Maki,146.0,146,
2026-05-02 20:00:00,P+R Czerwone Maki,149.0,149,
2026-05-02 20:30:00,P+R Czerwone Maki,151.0,151,
2026-05-02 21:00:00,P+R Czerwone Maki,159.0,159,
2026-05-02 21:30:00,P+R Czerwone Maki,160.0,160,
2026-05-02 22:00:00,P+R Czerwone Maki,164.0,164,
2026-05-02 22:30:00,P+R Czerwone Maki,168.0,168,
2026-05-02 23:00:00,P+R Czerwone Maki,174.0,174,
2026-05-02 23:30:00,P+R Czerwone Maki,175.0,175,
2026-05-03 00:00:00,P+R Czerwone Maki,177.0,177,
2026-05-03 00:30:00,P+R Czerwone Maki,180.0,180,
2026-05-03 01:00:00,P+R Czerwone Maki,180.0,180,
2026-05-03 01:30:00,P+R Czerwone Maki,180.0,180,
2026-05-03 02:00:00,P+R Czerwone Maki,180.0,180,
2026-05-03 02:30:00,P+R Czerwone Maki,180.0,180,
2026-05-03 03:00:00,P+R Czerwone Maki,180.0,180,
2026-05-03 03:30:00,P+R Czerwone Maki,,180,Hist. avg + linear interpol.
2026-05-03 04:00:00,P+R Czerwone Maki,,180,Hist. avg + linear interpol.
2026-05-03 04:30:00,P+R Czerwone Maki,,180,Hist. avg + linear interpol.
2026-05-03 05:00:00,P+R Czerwone Maki,,180,Hist. avg + linear interpol.
2026-05-03 05:30:00,P+R Czerwone Maki,,179,Hist. avg + linear interpol.
2026-05-03 06:00:00,P+R Czerwone Maki,,180,Hist. avg + linear interpol.
2026-05-03 06:30:00,P+R Czerwone Maki,,179,Hist. avg + linear interpol.
2026-05-03 07:00:00,P+R Czerwone Maki,,177,Hist. avg + linear interpol.
2026-05-03 07:30:00,P+R Czerwone Maki,,174,Hist. avg + linear interpol.
2026-05-03 08:00:00,P+R Czerwone Maki,,169,Hist. avg + linear interpol.
2026-05-03 08:30:00,P+R Czerwone Maki,,165,Hist. avg + linear interpol.
2026-05-03 09:00:00,P+R Czerwone Maki,,159,Hist. avg + linear interpol.
2026-05-03 09:30:00,P+R Czerwone Maki,,154,Hist. avg + linear interpol.
2026-05-03 10:00:00,P+R Czerwone Maki,,150,Hist. avg + linear interpol.
2026-05-03 10:30:00,P+R Czerwone Maki,,146,Hist. avg + linear interpol.
2026-05-03 11:00:00,P+R Czerwone Maki,,143,Hist. avg + linear interpol.
2026-05-03 11:30:00,P+R Czerwone Maki,,140,Hist. avg + linear interpol.
2026-05-03 12:00:00,P+R Czerwone Maki,,138,Hist. avg + linear interpol.
2026-05-03 12:30:00,P+R Czerwone Maki,,135,Hist. avg + linear interpol.
2026-05-03 13:00:00,P+R Czerwone Maki,,132,Hist. avg + linear interpol.
2026-05-03 13:30:00,P+R Czerwone Maki,,130,Hist. avg + linear interpol.
2026-05-03 14:00:00,P+R Czerwone Maki,,129,Hist. avg + linear interpol.
2026-05-03 14:30:00,P+R Czerwone Maki,,129,Hist. avg + linear interpol.
2026-05-03 15:00:00,P+R Czerwone Maki,,130,Hist. avg + linear interpol.
2026-05-03 15:30:00,P+R Czerwone Maki,,130,Hist. avg + linear interpol.
2026-05-03 16:00:00,P+R Czerwone Maki,,133,Hist. avg + linear interpol.
2026-05-03 16:30:00,P+R Czerwone Maki,,135,Hist. avg + linear interpol.
2026-05-03 17:00:00,P+R Czerwone Maki,,139,Hist. avg + linear interpol.
2026-05-03 17:30:00,P+R Czerwone Maki,,140,Hist. avg + linear interpol.
2026-05-03 18:00:00,P+R Czerwone Maki,,144,Hist. avg + linear interpol.
2026-05-03 18:30:00,P+R Czerwone Maki,,146,Hist. avg + linear interpol.
2026-05-03 19:00:00,P+R Czerwone Maki,,148,Hist. avg + linear interpol.
2026-05-03 19:30:00,P+R Czerwone Maki,,149,Hist. avg + linear interpol.
2026-05-03 20:00:00,P+R Czerwone Maki,,151,Hist. avg + linear interpol.
2026-05-03 20:30:00,P+R Czerwone Maki,,155,Hist. avg + linear interpol.
2026-05-03 21:00:00,P+R Czerwone Maki,,160,Hist. avg + linear interpol.
2026-05-03 21:30:00,P+R Czerwone Maki,,161,Hist. avg + linear interpol.
2026-05-03 22:00:00,P+R Czerwone Maki,,164,Hist. avg + linear interpol.
2026-05-03 22:30:00,P+R Czerwone Maki,,168,Hist. avg + linear interpol.
2026-05-03 23:00:00,P+R Czerwone Maki,,172,Hist. avg + linear interpol.
2026-05-03 23:30:00,P+R Czerwone Maki,,175,Hist. avg + linear interpol.
2026-05-04 00:00:00,P+R Czerwone Maki,,176,Hist. avg + linear interpol.
2026-05-04 00:30:00,P+R Czerwone Maki,,177,Hist. avg + linear interpol.
2026-05-04 01:00:00,P+R Czerwone Maki,,178,Hist. avg + linear interpol.
2026-05-04 01:30:00,P+R Czerwone Maki,,179,Hist. avg + linear interpol.
2026-05-04 02:00:00,P+R Czerwone Maki,,181,Hist. avg + linear interpol.
2026-05-04 02:30:00,P+R Czerwone Maki,,181,Hist. avg + linear interpol.
2026-05-04 03:00:00,P+R Czerwone Maki,,181,Hist. avg + linear interpol.
2026-05-04 03:30:00,P+R Czerwone Maki,,181,Hist. avg + linear interpol.
2026-05-04 04:00:00,P+R Czerwone Maki,,181,Hist. avg + linear interpol.
2026-05-04 04:30:00,P+R Czerwone Maki,,181,Hist. avg + linear interpol.
2026-05-04 05:00:00,P+R Czerwone Maki,,178,Hist. avg + linear interpol.
2026-05-04 05:30:00,P+R Czerwone Maki,,173,Hist. avg + linear interpol.
2026-05-04 06:00:00,P+R Czerwone Maki,,161,Hist. avg + linear interpol.
2026-05-04 06:30:00,P+R Czerwone Maki,,150,Hist. avg + linear interpol.
2026-05-04 07:00:00,P+R Czerwone Maki,,127,Hist. avg + linear interpol.
2026-05-04 07:30:00,P+R Czerwone Maki,,102,Hist. avg + linear interpol.
2026-05-04 08:00:00,P+R Czerwone Maki,,79,Hist. avg + linear interpol.
2026-05-04 08:30:00,P+R Czerwone Maki,,63,Hist. avg + linear interpol.
2026-05-04 09:00:00,P+R Czerwone Maki,,47,Hist. avg + linear interpol.
2026-05-04 09:30:00,P+R Czerwone Maki,,37,Hist. avg + linear interpol.
2026-05-04 10:00:00,P+R Czerwone Maki,,31,Hist. avg + linear interpol.
2026-05-04 10:30:00,P+R Czerwone Maki,,30,Hist. avg + linear interpol.
2026-05-04 11:00:00,P+R Czerwone Maki,,24,Hist. avg + linear interpol.
2026-05-04 11:30:00,P+R Czerwone Maki,,24,Hist. avg + linear interpol.
2026-05-04 12:00:00,P+R Czerwone Maki,,24,Hist. avg + linear interpol.
2026-05-04 12:30:00,P+R Czerwone Maki,,24,Hist. avg + linear interpol.
2026-05-04 13:00:00,P+R Czerwone Maki,,28,Hist. avg + linear interpol.
2026-05-04 13:30:00,P+R Czerwone Maki,,29,Hist. avg + linear interpol.
2026-05-04 14:00:00,P+R Czerwone Maki,,33,Hist. avg + linear interpol.
2026-05-04 14:30:00,P+R Czerwone Maki,,37,Hist. avg + linear interpol.
2026-05-04 15:00:00,P+R Czerwone Maki,,46,Hist. avg + linear interpol.
2026-05-04 15:30:00,P+R Czerwone Maki,,57,Hist. avg + linear interpol.
2026-05-04 16:00:00,P+R Czerwone Maki,,72,Hist. avg + linear interpol.
2026-05-04 16:30:00,P+R Czerwone Maki,,98,Hist. avg + linear interpol.
2026-05-04 17:00:00,P+R Czerwone Maki,,123,Hist. avg + linear interpol.
2026-05-04 17:30:00,P+R Czerwone Maki,,136,Hist. avg + linear interpol.
2026-05-04 18:00:00,P+R Czerwone Maki,,146,Hist. avg + linear interpol.
2026-05-04 18:30:00,P+R Czerwone Maki,,152,Hist. avg + linear interpol.
2026-05-04 19:00:00,P+R Czerwone Maki,,156,Hist. avg + linear interpol.
2026-05-04 19:30:00,P+R Czerwone Maki,156.0,156,
2026-05-04 20:00:00,P+R Czerwone Maki,159.0,159,
2026-05-04 20:30:00,P+R Czerwone Maki,162.0,162,
2026-05-04 21:00:00,P+R Czerwone Maki,164.0,164,
2026-05-04 21:30:00,P+R Czerwone Maki,165.0,165,
2026-05-04 22:00:00,P+R Czerwone Maki,169.0,169,
2026-05-04 22:30:00,P+R Czerwone Maki,175.0,175,
2026-05-04 23:00:00,P+R Czerwone Maki,178.0,178,
2026-05-04 23:30:00,P+R Czerwone Maki,181.0,181,
2026-05-05 00:00:00,P+R Czerwone Maki,181.0,181,
2026-05-05 00:30:00,P+R Czerwone Maki,181.0,181,
2026-05-05 01:00:00,P+R Czerwone Maki,181.0,181,
2026-05-05 01:30:00,P+R Czerwone Maki,181.0,181,
2026-05-05 02:00:00,P+R Czerwone Maki,182.0,182,
2026-05-05 02:30:00,P+R Czerwone Maki,182.0,182,
2026-05-05 03:00:00,P+R Czerwone Maki,183.0,183,
2026-05-05 03:30:00,P+R Czerwone Maki,183.0,183,
2026-05-05 04:00:00,P+R Czerwone Maki,183.0,183,
2026-05-05 04:30:00,P+R Czerwone Maki,181.0,181,
2026-05-05 05:00:00,P+R Czerwone Maki,177.0,177,
2026-05-05 05:30:00,P+R Czerwone Maki,172.0,172,
2026-05-05 06:00:00,P+R Czerwone Maki,159.0,159,
2026-05-05 06:30:00,P+R Czerwone Maki,143.0,143,
2026-05-05 07:00:00,P+R Czerwone Maki,118.0,118,
2026-05-05 07:30:00,P+R Czerwone Maki,95.0,95,
2026-05-05 08:00:00,P+R Czerwone Maki,56.0,56,
2026-05-05 08:30:00,P+R Czerwone Maki,46.0,46,
2026-05-05 09:00:00,P+R Czerwone Maki,20.0,20,
2026-05-05 09:30:00,P+R Czerwone Maki,9.0,9,
2026-05-05 10:00:00,P+R Czerwone Maki,3.0,3,
2026-05-05 10:30:00,P+R Czerwone Maki,,3,forward_fill
2026-05-05 11:00:00,P+R Czerwone Maki,0.0,0,
2026-05-05 11:30:00,P+R Czerwone Maki,0.0,0,
2026-05-05 12:00:00,P+R Czerwone Maki,3.0,3,
2026-05-05 12:30:00,P+R Czerwone Maki,4.0,4,
2026-05-05 13:00:00,P+R Czerwone Maki,7.0,7,
2026-05-05 13:30:00,P+R Czerwone Maki,9.0,9,
2026-05-05 14:00:00,P+R Czerwone Maki,12.0,12,
2026-05-05 14:30:00,P+R Czerwone Maki,20.0,20,
2026-05-05 15:00:00,P+R Czerwone Maki,34.0,34,
2026-05-05 15:30:00,P+R Czerwone Maki,48.0,48,
2026-05-05 16:00:00,P+R Czerwone Maki,69.0,69,
2026-05-05 16:30:00,P+R Czerwone Maki,81.0,81,
2026-05-05 17:00:00,P+R Czerwone Maki,111.0,111,
2026-05-05 17:30:00,P+R Czerwone Maki,124.0,124,
2026-05-05 18:00:00,P+R Czerwone Maki,125.0,125,
2026-05-05 18:30:00,P+R Czerwone Maki,134.0,134,
2026-05-05 19:00:00,P+R Czerwone Maki,139.0,139,
2026-05-05 19:30:00,P+R Czerwone Maki,143.0,143,
2026-05-05 20:00:00,P+R Czerwone Maki,153.0,153,
2026-05-05 20:30:00,P+R Czerwone Maki,157.0,157,
2026-05-05 21:00:00,P+R Czerwone Maki,164.0,164,
2026-05-05 21:30:00,P+R Czerwone Maki,166.0,166,
2026-05-05 22:00:00,P+R Czerwone Maki,169.0,169,
2026-05-05 22:30:00,P+R Czerwone Maki,171.0,171,
2026-05-05 23:00:00,P+R Czerwone Maki,176.0,176,
2026-05-05 23:30:00,P+R Czerwone Maki,176.0,176,
2026-05-06 00:00:00,P+R Czerwone Maki,179.0,179,
2026-05-06 00:30:00,P+R Czerwone Maki,181.0,181,
2026-05-06 01:00:00,P+R Czerwone Maki,181.0,181,
2026-05-06 01:30:00,P+R Czerwone Maki,181.0,181,
2026-05-06 02:00:00,P+R Czerwone Maki,181.0,181,
2026-05-06 02:30:00,P+R Czerwone Maki,181.0,181,
2026-05-06 03:00:00,P+R Czerwone Maki,181.0,181,
2026-05-06 03:30:00,P+R Czerwone Maki,181.0,181,
2026-05-06 04:00:00,P+R Czerwone Maki,,181,forward_fill
2026-05-06 04:30:00,P+R Czerwone Maki,182.0,182,
2026-05-06 05:00:00,P+R Czerwone Maki,179.0,179,
2026-05-06 05:30:00,P+R Czerwone Maki,175.0,175,
2026-05-06 06:00:00,P+R Czerwone Maki,161.0,161,
2026-05-06 06:30:00,P+R Czerwone Maki,146.0,146,
2026-05-06 07:00:00,P+R Czerwone Maki,126.0,126,
2026-05-06 07:30:00,P+R Czerwone Maki,100.0,100,
2026-05-06 08:00:00,P+R Czerwone Maki,70.0,70,
2026-05-06 08:30:00,P+R Czerwone Maki,45.0,45,
2026-05-06 09:00:00,P+R Czerwone Maki,34.0,34,
2026-05-06 09:30:00,P+R Czerwone Maki,25.0,25,
2026-05-06 10:00:00,P+R Czerwone Maki,25.0,25,
2026-05-06 10:30:00,P+R Czerwone Maki,20.0,20,
2026-05-06 11:00:00,P+R Czerwone Maki,17.0,17,
2026-05-06 11:30:00,P+R Czerwone Maki,17.0,17,
2026-05-06 12:00:00,P+R Czerwone Maki,18.0,18,
2026-05-06 12:30:00,P+R Czerwone Maki,15.0,15,
2026-05-06 13:00:00,P+R Czerwone Maki,19.0,19,
2026-05-06 13:30:00,P+R Czerwone Maki,23.0,23,
2026-05-06 14:00:00,P+R Czerwone Maki,25.0,25,
2026-05-06 14:30:00,P+R Czerwone Maki,30.0,30,
2026-05-06 15:00:00,P+R Czerwone Maki,38.0,38,
2026-05-06 15:30:00,P+R Czerwone Maki,44.0,44,
2026-05-06 16:00:00,P+R Czerwone Maki,67.0,67,
2026-05-06 16:30:00,P+R Czerwone Maki,83.0,83,
2026-05-06 17:00:00,P+R Czerwone Maki,99.0,99,
2026-05-06 17:30:00,P+R Czerwone Maki,108.0,108,
2026-05-06 18:00:00,P+R Czerwone Maki,123.0,123,
2026-05-06 18:30:00,P+R Czerwone Maki,127.0,127,
2026-05-06 19:00:00,P+R Czerwone Maki,130.0,130,
2026-05-06 19:30:00,P+R Czerwone Maki,138.0,138,
2026-05-06 20:00:00,P+R Czerwone Maki,140.0,140,
2026-05-06 20:30:00,P+R Czerwone Maki,150.0,150,
2026-05-06 21:00:00,P+R Czerwone Maki,156.0,156,
2026-05-06 21:30:00,P+R Czerwone Maki,159.0,159,
2026-05-06 22:00:00,P+R Czerwone Maki,163.0,163,
2026-05-06 22:30:00,P+R Czerwone Maki,167.0,167,
2026-05-06 23:00:00,P+R Czerwone Maki,172.0,172,
2026-05-06 23:30:00,P+R Czerwone Maki,174.0,174,
2026-05-07 00:00:00,P+R Czerwone Maki,175.0,175,
2026-05-07 00:30:00,P+R Czerwone Maki,176.0,176,
2026-05-07 01:00:00,P+R Czerwone Maki,176.0,176,
2026-05-07 01:30:00,P+R Czerwone Maki,176.0,176,
2026-05-07 02:00:00,P+R Czerwone Maki,177.0,177,
2026-05-07 02:30:00,P+R Czerwone Maki,183.0,183,
2026-05-07 03:00:00,P+R Czerwone Maki,183.0,183,
2026-05-07 03:30:00,P+R Czerwone Maki,183.0,183,
2026-05-07 04:00:00,P+R Czerwone Maki,183.0,183,
2026-05-07 04:30:00,P+R Czerwone Maki,181.0,181,
2026-05-07 05:00:00,P+R Czerwone Maki,178.0,178,
2026-05-07 05:30:00,P+R Czerwone Maki,172.0,172,
2026-05-07 06:00:00,P+R Czerwone Maki,155.0,155,
2026-05-07 06:30:00,P+R Czerwone Maki,144.0,144,
2026-05-07 07:00:00,P+R Czerwone Maki,124.0,124,
2026-05-07 07:30:00,P+R Czerwone Maki,100.0,100,
2026-05-07 08:00:00,P+R Czerwone Maki,57.0,57,
2026-05-07 08:30:00,P+R Czerwone Maki,45.0,45,
2026-05-07 09:00:00,P+R Czerwone Maki,24.0,24,
2026-05-07 09:30:00,P+R Czerwone Maki,16.0,16,
2026-05-07 10:00:00,P+R Czerwone Maki,8.0,8,
2026-05-07 10:30:00,P+R Czerwone Maki,5.0,5,
2026-05-07 11:00:00,P+R Czerwone Maki,10.0,10,
2026-05-07 11:30:00,P+R Czerwone Maki,13.0,13,
2026-05-07 12:00:00,P+R Czerwone Maki,14.0,14,
2026-05-07 12:30:00,P+R Czerwone Maki,14.0,14,
2026-05-07 13:00:00,P+R Czerwone Maki,14.0,14,
2026-05-07 13:30:00,P+R Czerwone Maki,16.0,16,
2026-05-07 14:00:00,P+R Czerwone Maki,20.0,20,
2026-05-07 14:30:00,P+R Czerwone Maki,24.0,24,
2026-05-07 15:00:00,P+R Czerwone Maki,36.0,36,
2026-05-07 15:30:00,P+R Czerwone Maki,48.0,48,
2026-05-07 16:00:00,P+R Czerwone Maki,70.0,70,
2026-05-07 16:30:00,P+R Czerwone Maki,85.0,85,
2026-05-07 17:00:00,P+R Czerwone Maki,100.0,100,
2026-05-07 17:30:00,P+R Czerwone Maki,108.0,108,
2026-05-07 18:00:00,P+R Czerwone Maki,118.0,118,
2026-05-07 18:30:00,P+R Czerwone Maki,121.0,121,
2026-05-07 19:00:00,P+R Czerwone Maki,136.0,136,
2026-05-07 19:30:00,P+R Czerwone Maki,141.0,141,
2026-05-07 20:00:00,P+R Czerwone Maki,148.0,148,
2026-05-07 20:30:00,P+R Czerwone Maki,150.0,150,
2026-05-07 21:00:00,P+R Czerwone Maki,156.0,156,
2026-05-07 21:30:00,P+R Czerwone Maki,162.0,162,
2026-05-07 22:00:00,P+R Czerwone Maki,167.0,167,
2026-05-07 22:30:00,P+R Czerwone Maki,168.0,168,
2026-05-07 23:00:00,P+R Czerwone Maki,171.0,171,
2026-05-07 23:30:00,P+R Czerwone Maki,174.0,174,
2026-05-08 00:00:00,P+R Czerwone Maki,175.0,175,
2026-05-08 00:30:00,P+R Czerwone Maki,176.0,176,
2026-05-08 01:00:00,P+R Czerwone Maki,176.0,176,
2026-05-08 01:30:00,P+R Czerwone Maki,177.0,177,
2026-05-08 02:00:00,P+R Czerwone Maki,177.0,177,
2026-05-08 02:30:00,P+R Czerwone Maki,177.0,177,
2026-05-08 03:00:00,P+R Czerwone Maki,183.0,183,
2026-05-08 03:30:00,P+R Czerwone Maki,183.0,183,
2026-05-08 04:00:00,P+R Czerwone Maki,183.0,183,
2026-05-08 04:30:00,P+R Czerwone Maki,182.0,182,
2026-05-08 05:00:00,P+R Czerwone Maki,180.0,180,
2026-05-08 05:30:00,P+R Czerwone Maki,174.0,174,
2026-05-08 06:00:00,P+R Czerwone Maki,162.0,162,
2026-05-08 06:30:00,P+R Czerwone Maki,151.0,151,
2026-05-08 07:00:00,P+R Czerwone Maki,123.0,123,
2026-05-08 07:30:00,P+R Czerwone Maki,96.0,96,
2026-05-08 08:00:00,P+R Czerwone Maki,69.0,69,
2026-05-08 08:30:00,P+R Czerwone Maki,59.0,59,
2026-05-08 09:00:00,P+R Czerwone Maki,42.0,42,
2026-05-08 09:30:00,P+R Czerwone Maki,34.0,34,
2026-05-08 10:00:00,P+R Czerwone Maki,28.0,28,
2026-05-08 10:30:00,P+R Czerwone Maki,28.0,28,
2026-05-08 11:00:00,P+R Czerwone Maki,27.0,27,
2026-05-08 11:30:00,P+R Czerwone Maki,31.0,31,
2026-05-08 12:00:00,P+R Czerwone Maki,31.0,31,
2026-05-08 12:30:00,P+R Czerwone Maki,34.0,34,
2026-05-08 13:00:00,P+R Czerwone Maki,38.0,38,
2026-05-08 13:30:00,P+R Czerwone Maki,42.0,42,
2026-05-08 14:00:00,P+R Czerwone Maki,49.0,49,
2026-05-08 14:30:00,P+R Czerwone Maki,54.0,54,
2026-05-08 15:00:00,P+R Czerwone Maki,66.0,66,
2026-05-08 15:30:00,P+R Czerwone Maki,72.0,72,
2026-05-08 16:00:00,P+R Czerwone Maki,89.0,89,
2026-05-08 16:30:00,P+R Czerwone Maki,102.0,102,
2026-05-08 17:00:00,P+R Czerwone Maki,115.0,115,
2026-05-08 17:30:00,P+R Czerwone Maki,116.0,116,
2026-05-08 18:00:00,P+R Czerwone Maki,130.0,130,
2026-05-08 18:30:00,P+R Czerwone Maki,136.0,136,
2026-05-08 19:00:00,P+R Czerwone Maki,138.0,138,
2026-05-08 19:30:00,P+R Czerwone Maki,145.0,145,
2026-05-08 20:00:00,P+R Czerwone Maki,151.0,151,
2026-05-08 20:30:00,P+R Czerwone Maki,154.0,154,
2026-05-08 21:00:00,P+R Czerwone Maki,155.0,155,
2026-05-08 21:30:00,P+R Czerwone Maki,156.0,156,
2026-05-08 22:00:00,P+R Czerwone Maki,161.0,161,
2026-05-08 22:30:00,P+R Czerwone Maki,165.0,165,
2026-05-08 23:00:00,P+R Czerwone Maki,170.0,170,
2026-05-08 23:30:00,P+R Czerwone Maki,174.0,174,
2026-05-09 00:00:00,P+R Czerwone Maki,177.0,177,
2026-05-09 00:30:00,P+R Czerwone Maki,180.0,180,
2026-05-09 01:00:00,P+R Czerwone Maki,180.0,180,
2026-05-09 01:30:00,P+R Czerwone Maki,180.0,180,
2026-05-09 02:00:00,P+R Czerwone Maki,180.0,180,
2026-05-09 02:30:00,P+R Czerwone Maki,180.0,180,
2026-05-09 03:00:00,P+R Czerwone Maki,183.0,183,
2026-05-09 03:30:00,P+R Czerwone Maki,183.0,183,
2026-05-09 04:00:00,P+R Czerwone Maki,183.0,183,
2026-05-09 04:30:00,P+R Czerwone Maki,182.0,182,
2026-05-09 05:00:00,P+R Czerwone Maki,181.0,181,
2026-05-09 05:30:00,P+R Czerwone Maki,181.0,181,
2026-05-09 06:00:00,P+R Czerwone Maki,181.0,181,
2026-05-09 06:30:00,P+R Czerwone Maki,180.0,180,
2026-05-09 07:00:00,P+R Czerwone Maki,177.0,177,
2026-05-09 07:30:00,P+R Czerwone Maki,172.0,172,
2026-05-09 08:00:00,P+R Czerwone Maki,165.0,165,
2026-05-09 08:30:00,P+R Czerwone Maki,157.0,157,
2026-05-09 09:00:00,P+R Czerwone Maki,146.0,146,
2026-05-09 09:30:00,P+R Czerwone Maki,138.0,138,
2026-05-09 10:00:00,P+R Czerwone Maki,136.0,136,
2026-05-09 10:30:00,P+R Czerwone Maki,133.0,133,
2026-05-09 11:00:00,P+R Czerwone Maki,133.0,133,
2026-05-09 11:30:00,P+R Czerwone Maki,129.0,129,
2026-05-09 12:00:00,P+R Czerwone Maki,129.0,129,
2026-05-09 12:30:00,P+R Czerwone Maki,129.0,129,
2026-05-09 13:00:00,P+R Czerwone Maki,128.0,128,
2026-05-09 13:30:00,P+R Czerwone Maki,127.0,127,
2026-05-09 14:00:00,P+R Czerwone Maki,129.0,129,
2026-05-09 14:30:00,P+R Czerwone Maki,126.0,126,
2026-05-09 15:00:00,P+R Czerwone Maki,133.0,133,
2026-05-09 15:30:00,P+R Czerwone Maki,132.0,132,
2026-05-09 16:00:00,P+R Czerwone Maki,140.0,140,
2026-05-09 16:30:00,P+R Czerwone Maki,140.0,140,
2026-05-09 17:00:00,P+R Czerwone Maki,144.0,144,
2026-05-09 17:30:00,P+R Czerwone Maki,147.0,147,
2026-05-09 18:00:00,P+R Czerwone Maki,146.0,146,
2026-05-09 18:30:00,P+R Czerwone Maki,149.0,149,
2026-05-09 19:00:00,P+R Czerwone Maki,152.0,152,
2026-05-09 19:30:00,P+R Czerwone Maki,155.0,155,
2026-05-09 20:00:00,P+R Czerwone Maki,155.0,155,
2026-05-09 20:30:00,P+R Czerwone Maki,159.0,159,
2026-05-09 21:00:00,P+R Czerwone Maki,162.0,162,
2026-05-09 21:30:00,P+R Czerwone Maki,164.0,164,
2026-05-09 22:00:00,P+R Czerwone Maki,167.0,167,
2026-05-09 22:30:00,P+R Czerwone Maki,169.0,169,
2026-05-09 23:00:00,P+R Czerwone Maki,172.0,172,
2026-05-09 23:30:00,P+R Czerwone Maki,178.0,178,
2026-05-10 00:00:00,P+R Czerwone Maki,181.0,181,
2026-05-10 00:30:00,P+R Czerwone Maki,182.0,182,
2026-05-10 01:00:00,P+R Czerwone Maki,182.0,182,
2026-05-10 01:30:00,P+R Czerwone Maki,183.0,183,
2026-05-10 02:00:00,P+R Czerwone Maki,183.0,183,
2026-05-10 02:30:00,P+R Czerwone Maki,183.0,183,
2026-05-10 03:00:00,P+R Czerwone Maki,183.0,183,
2026-05-10 03:30:00,P+R Czerwone Maki,183.0,183,
2026-05-10 04:00:00,P+R Czerwone Maki,183.0,183,
2026-05-10 04:30:00,P+R Czerwone Maki,183.0,183,
2026-05-10 05:00:00,P+R Czerwone Maki,182.0,182,
2026-05-10 05:30:00,P+R Czerwone Maki,,182,forward_fill
2026-05-10 06:00:00,P+R Czerwone Maki,182.0,182,
2026-05-10 06:30:00,P+R Czerwone Maki,182.0,182,
2026-05-10 07:00:00,P+R Czerwone Maki,181.0,181,
2026-05-10 07:30:00,P+R Czerwone Maki,180.0,180,
2026-05-10 08:00:00,P+R Czerwone Maki,174.0,174,
2026-05-10 08:30:00,P+R Czerwone Maki,170.0,170,
2026-05-10 09:00:00,P+R Czerwone Maki,167.0,167,
2026-05-10 09:30:00,P+R Czerwone Maki,160.0,160,
2026-05-10 10:00:00,P+R Czerwone Maki,155.0,155,
2026-05-10 10:30:00,P+R Czerwone Maki,153.0,153,
2026-05-10 11:00:00,P+R Czerwone Maki,152.0,152,
2026-05-10 11:30:00,P+R Czerwone Maki,152.0,152,
2026-05-10 12:00:00,P+R Czerwone Maki,147.0,147,
2026-05-10 12:30:00,P+R Czerwone Maki,144.0,144,
2026-05-10 13:00:00,P+R Czerwone Maki,142.0,142,
2026-05-10 13:30:00,P+R Czerwone Maki,141.0,141,
2026-05-10 14:00:00,P+R Czerwone Maki,142.0,142,
2026-05-10 14:30:00,P+R Czerwone Maki,142.0,142,
2026-05-10 15:00:00,P+R Czerwone Maki,137.0,137,
2026-05-10 15:30:00,P+R Czerwone Maki,138.0,138,
2026-05-10 16:00:00,P+R Czerwone Maki,139.0,139,
2026-05-10 16:30:00,P+R Czerwone Maki,140.0,140,
2026-05-10 17:00:00,P+R Czerwone Maki,144.0,144,
2026-05-10 17:30:00,P+R Czerwone Maki,146.0,146,
2026-05-10 18:00:00,P+R Czerwone Maki,153.0,153,
2026-05-10 18:30:00,P+R Czerwone Maki,154.0,154,
2026-05-10 19:00:00,P+R Czerwone Maki,157.0,157,
2026-05-10 19:30:00,P+R Czerwone Maki,160.0,160,
2026-05-10 20:00:00,P+R Czerwone Maki,165.0,165,
2026-05-10 20:30:00,P+R Czerwone Maki,167.0,167,
2026-05-10 21:00:00,P+R Czerwone Maki,168.0,168,
2026-05-10 21:30:00,P+R Czerwone Maki,169.0,169,
2026-05-10 22:00:00,P+R Czerwone Maki,170.0,170,
2026-05-10 22:30:00,P+R Czerwone Maki,173.0,173,
2026-05-10 23:00:00,P+R Czerwone Maki,177.0,177,
2026-05-10 23:30:00,P+R Czerwone Maki,179.0,179,
2026-05-11 00:00:00,P+R Czerwone Maki,181.0,181,
2026-05-11 00:30:00,P+R Czerwone Maki,181.0,181,
2026-05-11 01:00:00,P+R Czerwone Maki,181.0,181,
2026-05-11 01:30:00,P+R Czerwone Maki,182.0,182,
2026-05-11 02:00:00,P+R Czerwone Maki,182.0,182,
2026-05-11 02:30:00,P+R Czerwone Maki,182.0,182,
2026-05-11 03:00:00,P+R Czerwone Maki,182.0,182,
2026-05-11 03:30:00,P+R Czerwone Maki,182.0,182,
2026-05-11 04:00:00,P+R Czerwone Maki,182.0,182,
2026-05-11 04:30:00,P+R Czerwone Maki,181.0,181,
2026-05-11 05:00:00,P+R Czerwone Maki,179.0,179,
2026-05-11 05:30:00,P+R Czerwone Maki,170.0,170,
2026-05-11 06:00:00,P+R Czerwone Maki,158.0,158,
2026-05-11 06:30:00,P+R Czerwone Maki,150.0,150,
2026-05-11 07:00:00,P+R Czerwone Maki,125.0,125,
2026-05-11 07:30:00,P+R Czerwone Maki,104.0,104,
2026-05-11 08:00:00,P+R Czerwone Maki,85.0,85,
2026-05-11 08:30:00,P+R Czerwone Maki,63.0,63,
2026-05-11 09:00:00,P+R Czerwone Maki,45.0,45,
2026-05-11 09:30:00,P+R Czerwone Maki,38.0,38,
2026-05-11 10:00:00,P+R Czerwone Maki,30.0,30,
2026-05-11 10:30:00,P+R Czerwone Maki,33.0,33,
2026-05-11 11:00:00,P+R Czerwone Maki,24.0,24,
2026-05-11 11:30:00,P+R Czerwone Maki,25.0,25,
2026-05-11 12:00:00,P+R Czerwone Maki,25.0,25,
2026-05-11 12:30:00,P+R Czerwone Maki,24.0,24,
2026-05-11 13:00:00,P+R Czerwone Maki,29.0,29,
2026-05-11 13:30:00,P+R Czerwone Maki,33.0,33,
2026-05-11 14:00:00,P+R Czerwone Maki,42.0,42,
2026-05-11 14:30:00,P+R Czerwone Maki,45.0,45,
2026-05-11 15:00:00,P+R Czerwone Maki,49.0,49,
2026-05-11 15:30:00,P+R Czerwone Maki,58.0,58,
2026-05-11 16:00:00,P+R Czerwone Maki,78.0,78,
2026-05-11 16:30:00,P+R Czerwone Maki,91.0,91,
2026-05-11 17:00:00,P+R Czerwone Maki,103.0,103,
2026-05-11 17:30:00,P+R Czerwone Maki,111.0,111,
2026-05-11 18:00:00,P+R Czerwone Maki,122.0,122,
2026-05-11 18:30:00,P+R Czerwone Maki,134.0,134,
2026-05-11 19:00:00,P+R Czerwone Maki,138.0,138,
2026-05-11 19:30:00,P+R Czerwone Maki,143.0,143,
2026-05-11 20:00:00,P+R Czerwone Maki,153.0,153,
2026-05-11 20:30:00,P+R Czerwone Maki,157.0,157,
2026-05-11 21:00:00,P+R Czerwone Maki,159.0,159,
2026-05-11 21:30:00,P+R Czerwone Maki,163.0,163,
2026-05-11 22:00:00,P+R Czerwone Maki,167.0,167,
2026-05-11 22:30:00,P+R Czerwone Maki,169.0,169,
2026-05-11 23:00:00,P+R Czerwone Maki,171.0,171,
2026-05-11 23:30:00,P+R Czerwone Maki,175.0,175,
2026-05-12 00:00:00,P+R Czerwone Maki,178.0,178,
2026-05-12 00:30:00,P+R Czerwone Maki,180.0,180,
2026-05-12 01:00:00,P+R Czerwone Maki,181.0,181,
2026-05-12 01:30:00,P+R Czerwone Maki,181.0,181,
2026-05-12 02:00:00,P+R Czerwone Maki,182.0,182,
2026-05-12 02:30:00,P+R Czerwone Maki,182.0,182,
2026-05-12 03:00:00,P+R Czerwone Maki,182.0,182,
2026-05-12 03:30:00,P+R Czerwone Maki,182.0,182,
2026-05-12 04:00:00,P+R Czerwone Maki,182.0,182,
2026-05-12 04:30:00,P+R Czerwone Maki,180.0,180,
2026-05-12 05:00:00,P+R Czerwone Maki,,180,forward_fill
2026-05-12 05:30:00,P+R Czerwone Maki,170.0,170,
2026-05-12 06:00:00,P+R Czerwone Maki,156.0,156,
2026-05-12 06:30:00,P+R Czerwone Maki,144.0,144,
2026-05-12 07:00:00,P+R Czerwone Maki,120.0,120,
2026-05-12 07:30:00,P+R Czerwone Maki,88.0,88,
2026-05-12 08:00:00,P+R Czerwone Maki,77.0,77,
2026-05-12 08:30:00,P+R Czerwone Maki,54.0,54,
2026-05-12 09:00:00,P+R Czerwone Maki,36.0,36,
2026-05-12 09:30:00,P+R Czerwone Maki,20.0,20,
2026-05-12 10:00:00,P+R Czerwone Maki,19.0,19,
2026-05-12 10:30:00,P+R Czerwone Maki,12.0,12,
2026-05-12 11:00:00,P+R Czerwone Maki,6.0,6,
2026-05-12 11:30:00,P+R Czerwone Maki,0.0,0,
2026-05-12 12:00:00,P+R Czerwone Maki,4.0,4,
2026-05-12 12:30:00,P+R Czerwone Maki,0.0,0,
2026-05-12 13:00:00,P+R Czerwone Maki,0.0,0,
2026-05-12 13:30:00,P+R Czerwone Maki,5.0,5,
2026-05-12 14:00:00,P+R Czerwone Maki,15.0,15,
2026-05-12 14:30:00,P+R Czerwone Maki,18.0,18,
2026-05-12 15:00:00,P+R Czerwone Maki,29.0,29,
2026-05-12 15:30:00,P+R Czerwone Maki,42.0,42,
2026-05-12 16:00:00,P+R Czerwone Maki,66.0,66,
2026-05-12 16:30:00,P+R Czerwone Maki,86.0,86,
2026-05-12 17:00:00,P+R Czerwone Maki,110.0,110,
2026-05-12 17:30:00,P+R Czerwone Maki,115.0,115,
2026-05-12 18:00:00,P+R Czerwone Maki,130.0,130,
2026-05-12 18:30:00,P+R Czerwone Maki,,130,forward_fill
2026-05-12 19:00:00,P+R Czerwone Maki,142.0,142,
2026-05-12 19:30:00,P+R Czerwone Maki,148.0,148,
2026-05-12 20:00:00,P+R Czerwone Maki,154.0,154,
2026-05-12 20:30:00,P+R Czerwone Maki,153.0,153,
2026-05-12 21:00:00,P+R Czerwone Maki,161.0,161,
2026-05-12 21:30:00,P+R Czerwone Maki,162.0,162,
2026-05-12 22:00:00,P+R Czerwone Maki,170.0,170,
2026-05-12 22:30:00,P+R Czerwone Maki,171.0,171,
2026-05-12 23:00:00,P+R Czerwone Maki,172.0,172,
2026-05-12 23:30:00,P+R Czerwone Maki,173.0,173,
2026-05-13 00:00:00,P+R Czerwone Maki,175.0,175,
2026-05-13 00:30:00,P+R Czerwone Maki,175.0,175,
2026-05-13 01:00:00,P+R Czerwone Maki,175.0,175,
2026-05-13 01:30:00,P+R Czerwone Maki,175.0,175,
2026-05-13 02:00:00,P+R Czerwone Maki,183.0,183,
2026-05-13 02:30:00,P+R Czerwone Maki,183.0,183,
2026-05-13 03:00:00,P+R Czerwone Maki,183.0,183,
2026-05-13 03:30:00,P+R Czerwone Maki,183.0,183,
2026-05-13 04:00:00,P+R Czerwone Maki,183.0,183,
2026-05-13 04:30:00,P+R Czerwone Maki,181.0,181,
2026-05-13 05:00:00,P+R Czerwone Maki,176.0,176,
2026-05-13 05:30:00,P+R Czerwone Maki,169.0,169,
2026-05-13 06:00:00,P+R Czerwone Maki,155.0,155,
2026-05-13 06:30:00,P+R Czerwone Maki,143.0,143,
2026-05-13 07:00:00,P+R Czerwone Maki,121.0,121,
2026-05-13 07:30:00,P+R Czerwone Maki,95.0,95,
2026-05-13 08:00:00,P+R Czerwone Maki,63.0,63,
2026-05-13 08:30:00,P+R Czerwone Maki,42.0,42,
2026-05-13 09:00:00,P+R Czerwone Maki,18.0,18,
2026-05-13 09:30:00,P+R Czerwone Maki,10.0,10,
2026-05-13 10:00:00,P+R Czerwone Maki,7.0,7,
2026-05-13 10:30:00,P+R Czerwone Maki,3.0,3,
2026-05-13 11:00:00,P+R Czerwone Maki,4.0,4,
2026-05-13 11:30:00,P+R Czerwone Maki,0.0,0,
2026-05-13 12:00:00,P+R Czerwone Maki,0.0,0,
2026-05-13 12:30:00,P+R Czerwone Maki,4.0,4,
2026-05-13 13:00:00,P+R Czerwone Maki,4.0,4,
2026-05-13 13:30:00,P+R Czerwone Maki,4.0,4,
2026-05-13 14:00:00,P+R Czerwone Maki,5.0,5,
2026-05-13 14:30:00,P+R Czerwone Maki,12.0,12,
2026-05-13 15:00:00,P+R Czerwone Maki,24.0,24,
2026-05-13 15:30:00,P+R Czerwone Maki,34.0,34,
2026-05-13 16:00:00,P+R Czerwone Maki,60.0,60,
2026-05-13 16:30:00,P+R Czerwone Maki,79.0,79,
2026-05-13 17:00:00,P+R Czerwone Maki,100.0,100,
2026-05-13 17:30:00,P+R Czerwone Maki,114.0,114,
2026-05-13 18:00:00,P+R Czerwone Maki,119.0,119,
2026-05-13 18:30:00,P+R Czerwone Maki,130.0,130,
2026-05-13 19:00:00,P+R Czerwone Maki,137.0,137,
2026-05-13 19:30:00,P+R Czerwone Maki,145.0,145,
2026-05-13 20:00:00,P+R Czerwone Maki,149.0,149,
2026-05-13 20:30:00,P+R Czerwone Maki,154.0,154,
2026-05-13 21:00:00,P+R Czerwone Maki,161.0,161,
2026-05-13 21:30:00,P+R Czerwone Maki,165.0,165,
2026-05-13 22:00:00,P+R Czerwone Maki,169.0,169,
2026-05-13 22:30:00,P+R Czerwone Maki,171.0,171,
2026-05-13 23:00:00,P+R Czerwone Maki,174.0,174,
2026-05-13 23:30:00,P+R Czerwone Maki,176.0,176,
2026-05-14 00:00:00,P+R Czerwone Maki,179.0,179,
2026-05-14 00:30:00,P+R Czerwone Maki,180.0,180,
2026-05-14 01:00:00,P+R Czerwone Maki,180.0,180,
2026-05-14 01:30:00,P+R Czerwone Maki,181.0,181,
2026-05-14 02:00:00,P+R Czerwone Maki,183.0,183,
2026-05-14 02:30:00,P+R Czerwone Maki,183.0,183,
2026-05-14 03:00:00,P+R Czerwone Maki,183.0,183,
2026-05-14 03:30:00,P+R Czerwone Maki,183.0,183,
2026-05-14 04:00:00,P+R Czerwone Maki,183.0,183,
2026-05-14 04:30:00,P+R Czerwone Maki,181.0,181,
2026-05-14 05:00:00,P+R Czerwone Maki,179.0,179,
2026-05-14 05:30:00,P+R Czerwone Maki,174.0,174,
2026-05-14 06:00:00,P+R Czerwone Maki,158.0,158,
2026-05-14 06:30:00,P+R Czerwone Maki,146.0,146,
2026-05-14 07:00:00,P+R Czerwone Maki,122.0,122,
2026-05-14 07:30:00,P+R Czerwone Maki,95.0,95,
2026-05-14 08:00:00,P+R Czerwone Maki,69.0,69,
2026-05-14 08:30:00,P+R Czerwone Maki,49.0,49,
2026-05-14 09:00:00,P+R Czerwone Maki,21.0,21,
2026-05-14 09:30:00,P+R Czerwone Maki,15.0,15,
2026-05-14 10:00:00,P+R Czerwone Maki,9.0,9,
2026-05-14 10:30:00,P+R Czerwone Maki,3.0,3,
2026-05-14 11:00:00,P+R Czerwone Maki,0.0,0,
2026-05-14 11:30:00,P+R Czerwone Maki,1.0,1,
2026-05-14 12:00:00,P+R Czerwone Maki,0.0,0,
2026-05-14 12:30:00,P+R Czerwone Maki,0.0,0,
2026-05-14 13:00:00,P+R Czerwone Maki,1.0,1,
2026-05-14 13:30:00,P+R Czerwone Maki,1.0,1,
2026-05-14 14:00:00,P+R Czerwone Maki,11.0,11,
2026-05-14 14:30:00,P+R Czerwone Maki,16.0,16,
2026-05-14 15:00:00,P+R Czerwone Maki,29.0,29,
2026-05-14 15:30:00,P+R Czerwone Maki,41.0,41,
2026-05-14 16:00:00,P+R Czerwone Maki,58.0,58,
2026-05-14 16:30:00,P+R Czerwone Maki,69.0,69,
2026-05-14 17:00:00,P+R Czerwone Maki,91.0,91,
2026-05-14 17:30:00,P+R Czerwone Maki,109.0,109,
2026-05-14 18:00:00,P+R Czerwone Maki,122.0,122,
2026-05-14 18:30:00,P+R Czerwone Maki,125.0,125,
2026-05-14 19:00:00,P+R Czerwone Maki,133.0,133,
2026-05-14 19:30:00,P+R Czerwone Maki,140.0,140,
2026-05-14 20:00:00,P+R Czerwone Maki,146.0,146,
2026-05-14 20:30:00,P+R Czerwone Maki,152.0,152,
2026-05-14 21:00:00,P+R Czerwone Maki,156.0,156,
2026-05-14 21:30:00,P+R Czerwone Maki,165.0,165,
2026-05-14 22:00:00,P+R Czerwone Maki,168.0,168,
2026-05-14 22:30:00,P+R Czerwone Maki,170.0,170,
2026-05-14 23:00:00,P+R Czerwone Maki,173.0,173,
2026-05-14 23:30:00,P+R Czerwone Maki,175.0,175,
2026-05-15 00:00:00,P+R Czerwone Maki,,175,forward_fill
2026-05-15 00:30:00,P+R Czerwone Maki,,175,forward_fill
2026-05-15 01:00:00,P+R Czerwone Maki,177.0,177,
2026-05-15 01:30:00,P+R Czerwone Maki,179.0,179,
2026-05-15 02:00:00,P+R Czerwone Maki,183.0,183,
2026-05-15 02:30:00,P+R Czerwone Maki,183.0,183,
2026-05-15 03:00:00,P+R Czerwone Maki,183.0,183,
2026-05-15 03:30:00,P+R Czerwone Maki,183.0,183,
2026-05-15 04:00:00,P+R Czerwone Maki,183.0,183,
2026-05-15 04:30:00,P+R Czerwone Maki,183.0,183,
2026-05-15 05:00:00,P+R Czerwone Maki,183.0,183,
2026-05-15 05:30:00,P+R Czerwone Maki,183.0,183,
2026-05-15 06:00:00,P+R Czerwone Maki,184.0,184,
2026-05-15 06:30:00,P+R Czerwone Maki,171.0,171,
2026-05-15 07:00:00,P+R Czerwone Maki,149.0,149,
2026-05-15 07:30:00,P+R Czerwone Maki,128.0,128,
2026-05-15 08:00:00,P+R Czerwone Maki,100.0,100,
2026-05-15 08:30:00,P+R Czerwone Maki,87.0,87,
2026-05-15 09:00:00,P+R Czerwone Maki,74.0,74,
2026-05-15 09:30:00,P+R Czerwone Maki,68.0,68,
2026-05-15 10:00:00,P+R Czerwone Maki,62.0,62,
2026-05-15 10:30:00,P+R Czerwone Maki,58.0,58,
2026-05-15 11:00:00,P+R Czerwone Maki,52.0,52,
2026-05-15 11:30:00,P+R Czerwone Maki,53.0,53,
2026-05-15 12:00:00,P+R Czerwone Maki,48.0,48,
2026-05-15 12:30:00,P+R Czerwone Maki,48.0,48,
2026-05-15 13:00:00,P+R Czerwone Maki,51.0,51,
2026-05-15 13:30:00,P+R Czerwone Maki,52.0,52,
2026-05-15 14:00:00,P+R Czerwone Maki,57.0,57,
2026-05-15 14:30:00,P+R Czerwone Maki,63.0,63,
2026-05-15 15:00:00,P+R Czerwone Maki,67.0,67,
2026-05-15 15:30:00,P+R Czerwone Maki,78.0,78,
2026-05-15 16:00:00,P+R Czerwone Maki,93.0,93,
2026-05-15 16:30:00,P+R Czerwone Maki,106.0,106,
2026-05-15 17:00:00,P+R Czerwone Maki,116.0,116,
2026-05-15 17:30:00,P+R Czerwone Maki,119.0,119,
2026-05-15 18:00:00,P+R Czerwone Maki,124.0,124,
2026-05-15 18:30:00,P+R Czerwone Maki,127.0,127,
2026-05-15 19:00:00,P+R Czerwone Maki,128.0,128,
2026-05-15 19:30:00,P+R Czerwone Maki,130.0,130,
2026-05-15 20:00:00,P+R Czerwone Maki,133.0,133,
2026-05-15 20:30:00,P+R Czerwone Maki,137.0,137,
2026-05-15 21:00:00,P+R Czerwone Maki,142.0,142,
2026-05-15 21:30:00,P+R Czerwone Maki,144.0,144,
2026-05-15 22:00:00,P+R Czerwone Maki,151.0,151,
2026-05-15 22:30:00,P+R Czerwone Maki,153.0,153,
2026-05-15 23:00:00,P+R Czerwone Maki,157.0,157,
2026-05-15 23:30:00,P+R Czerwone Maki,160.0,160,
2026-05-16 00:00:00,P+R Czerwone Maki,163.0,163,
2026-05-16 00:30:00,P+R Czerwone Maki,164.0,164,
2026-05-16 01:00:00,P+R Czerwone Maki,168.0,168,
2026-05-16 01:30:00,P+R Czerwone Maki,173.0,173,
2026-05-16 02:00:00,P+R Czerwone Maki,183.0,183,
2026-05-16 02:30:00,P+R Czerwone Maki,183.0,183,
2026-05-16 03:00:00,P+R Czerwone Maki,183.0,183,
2026-05-16 03:30:00,P+R Czerwone Maki,183.0,183,
2026-05-16 04:00:00,P+R Czerwone Maki,183.0,183,
2026-05-16 04:30:00,P+R Czerwone Maki,183.0,183,
2026-05-16 05:00:00,P+R Czerwone Maki,182.0,182,
2026-05-16 05:30:00,P+R Czerwone Maki,181.0,181,
2026-05-16 06:00:00,P+R Czerwone Maki,179.0,179,
2026-05-16 06:30:00,P+R Czerwone Maki,178.0,178,
2026-05-16 07:00:00,P+R Czerwone Maki,176.0,176,
2026-05-16 07:30:00,P+R Czerwone Maki,170.0,170,
2026-05-16 08:00:00,P+R Czerwone Maki,164.0,164,
2026-05-16 08:30:00,P+R Czerwone Maki,159.0,159,
2026-05-16 09:00:00,P+R Czerwone Maki,148.0,148,
2026-05-16 09:30:00,P+R Czerwone Maki,144.0,144,
2026-05-16 10:00:00,P+R Czerwone Maki,139.0,139,
2026-05-16 10:30:00,P+R Czerwone Maki,135.0,135,
2026-05-16 11:00:00,P+R Czerwone Maki,132.0,132,
2026-05-16 11:30:00,P+R Czerwone Maki,126.0,126,
2026-05-16 12:00:00,P+R Czerwone Maki,127.0,127,
2026-05-16 12:30:00,P+R Czerwone Maki,125.0,125,
2026-05-16 13:00:00,P+R Czerwone Maki,121.0,121,
2026-05-16 13:30:00,P+R Czerwone Maki,117.0,117,
2026-05-16 14:00:00,P+R Czerwone Maki,114.0,114,
2026-05-16 14:30:00,P+R Czerwone Maki,117.0,117,
2026-05-16 15:00:00,P+R Czerwone Maki,123.0,123,
2026-05-16 15:30:00,P+R Czerwone Maki,127.0,127,
2026-05-16 16:00:00,P+R Czerwone Maki,130.0,130,
2026-05-16 16:30:00,P+R Czerwone Maki,135.0,135,
2026-05-16 17:00:00,P+R Czerwone Maki,139.0,139,
2026-05-16 17:30:00,P+R Czerwone Maki,138.0,138,
2026-05-16 18:00:00,P+R Czerwone Maki,142.0,142,
2026-05-16 18:30:00,P+R Czerwone Maki,146.0,146,
2026-05-16 19:00:00,P+R Czerwone Maki,151.0,151,
2026-05-16 19:30:00,P+R Czerwone Maki,152.0,152,
2026-05-16 20:00:00,P+R Czerwone Maki,,152,forward_fill
2026-05-16 20:30:00,P+R Czerwone Maki,158.0,158,
2026-05-16 21:00:00,P+R Czerwone Maki,161.0,161,
2026-05-16 21:30:00,P+R Czerwone Maki,163.0,163,
2026-05-16 22:00:00,P+R Czerwone Maki,166.0,166,
2026-05-16 22:30:00,P+R Czerwone Maki,169.0,169,
2026-05-16 23:00:00,P+R Czerwone Maki,173.0,173,
2026-05-16 23:30:00,P+R Czerwone Maki,175.0,175,
2026-05-17 00:00:00,P+R Czerwone Maki,180.0,180,
2026-05-17 00:30:00,P+R Czerwone Maki,180.0,180,
2026-05-17 01:00:00,P+R Czerwone Maki,180.0,180,
2026-05-17 01:30:00,P+R Czerwone Maki,180.0,180,
2026-05-17 02:00:00,P+R Czerwone Maki,182.0,182,
2026-05-17 02:30:00,P+R Czerwone Maki,183.0,183,
2026-05-17 03:00:00,P+R Czerwone Maki,183.0,183,
2026-05-17 03:30:00,P+R Czerwone Maki,183.0,183,
2026-05-17 04:00:00,P+R Czerwone Maki,183.0,183,
2026-05-17 04:30:00,P+R Czerwone Maki,183.0,183,
2026-05-17 05:00:00,P+R Czerwone Maki,182.0,182,
2026-05-17 05:30:00,P+R Czerwone Maki,181.0,181,
2026-05-17 06:00:00,P+R Czerwone Maki,181.0,181,
2026-05-17 06:30:00,P+R Czerwone Maki,181.0,181,
2026-05-17 07:00:00,P+R Czerwone Maki,181.0,181,
2026-05-17 07:30:00,P+R Czerwone Maki,180.0,180,
2026-05-17 08:00:00,P+R Czerwone Maki,175.0,175,
2026-05-17 08:30:00,P+R Czerwone Maki,172.0,172,
2026-05-17 09:00:00,P+R Czerwone Maki,170.0,170,
2026-05-17 09:30:00,P+R Czerwone Maki,166.0,166,
2026-05-17 10:00:00,P+R Czerwone Maki,162.0,162,
2026-05-17 10:30:00,P+R Czerwone Maki,158.0,158,
2026-05-17 11:00:00,P+R Czerwone Maki,155.0,155,
2026-05-17 11:30:00,P+R Czerwone Maki,156.0,156,
2026-05-17 12:00:00,P+R Czerwone Maki,155.0,155,
2026-05-17 12:30:00,P+R Czerwone Maki,151.0,151,
2026-05-17 13:00:00,P+R Czerwone Maki,148.0,148,
2026-05-17 13:30:00,P+R Czerwone Maki,151.0,151,
2026-05-17 14:00:00,P+R Czerwone Maki,145.0,145,
2026-05-17 14:30:00,P+R Czerwone Maki,146.0,146,
2026-05-17 15:00:00,P+R Czerwone Maki,148.0,148,
2026-05-17 15:30:00,P+R Czerwone Maki,148.0,148,
2026-05-17 16:00:00,P+R Czerwone Maki,149.0,149,
2026-05-17 16:30:00,P+R Czerwone Maki,150.0,150,
2026-05-17 17:00:00,P+R Czerwone Maki,154.0,154,
2026-05-17 17:30:00,P+R Czerwone Maki,155.0,155,
2026-05-17 18:00:00,P+R Czerwone Maki,154.0,154,
2026-05-17 18:30:00,P+R Czerwone Maki,154.0,154,
2026-05-17 19:00:00,P+R Czerwone Maki,155.0,155,
2026-05-17 19:30:00,P+R Czerwone Maki,154.0,154,
2026-05-17 20:00:00,P+R Czerwone Maki,157.0,157,
2026-05-17 20:30:00,P+R Czerwone Maki,158.0,158,
2026-05-17 21:00:00,P+R Czerwone Maki,161.0,161,
2026-05-17 21:30:00,P+R Czerwone Maki,167.0,167,
2026-05-17 22:00:00,P+R Czerwone Maki,169.0,169,
2026-05-17 22:30:00,P+R Czerwone Maki,172.0,172,
2026-05-17 23:00:00,P+R Czerwone Maki,176.0,176,
2026-05-17 23:30:00,P+R Czerwone Maki,179.0,179,
2026-05-18 00:00:00,P+R Czerwone Maki,,179,forward_fill
2026-05-18 00:30:00,P+R Czerwone Maki,,179,forward_fill
2026-05-18 01:00:00,P+R Czerwone Maki,182.0,182,
2026-05-18 01:30:00,P+R Czerwone Maki,182.0,182,
2026-05-18 02:00:00,P+R Czerwone Maki,182.0,182,
2026-05-18 02:30:00,P+R Czerwone Maki,182.0,182,
2026-05-18 03:00:00,P+R Czerwone Maki,182.0,182,
2026-05-18 03:30:00,P+R Czerwone Maki,182.0,182,
2026-05-18 04:00:00,P+R Czerwone Maki,182.0,182,
2026-05-18 04:30:00,P+R Czerwone Maki,179.0,179,
2026-05-18 05:00:00,P+R Czerwone Maki,178.0,178,
2026-05-18 05:30:00,P+R Czerwone Maki,173.0,173,
2026-05-18 06:00:00,P+R Czerwone Maki,159.0,159,
2026-05-18 06:30:00,P+R Czerwone Maki,149.0,149,
2026-05-18 07:00:00,P+R Czerwone Maki,120.0,120,
2026-05-18 07:30:00,P+R Czerwone Maki,94.0,94,
2026-05-18 08:00:00,P+R Czerwone Maki,75.0,75,
2026-05-18 08:30:00,P+R Czerwone Maki,58.0,58,
2026-05-18 09:00:00,P+R Czerwone Maki,44.0,44,
2026-05-18 09:30:00,P+R Czerwone Maki,31.0,31,
2026-05-18 10:00:00,P+R Czerwone Maki,19.0,19,
2026-05-18 10:30:00,P+R Czerwone Maki,14.0,14,
2026-05-18 11:00:00,P+R Czerwone Maki,4.0,4,
2026-05-18 11:30:00,P+R Czerwone Maki,7.0,7,
2026-05-18 12:00:00,P+R Czerwone Maki,4.0,4,
2026-05-18 12:30:00,P+R Czerwone Maki,4.0,4,
2026-05-18 13:00:00,P+R Czerwone Maki,4.0,4,
2026-05-18 13:30:00,P+R Czerwone Maki,7.0,7,
2026-05-18 14:00:00,P+R Czerwone Maki,8.0,8,
2026-05-18 14:30:00,P+R Czerwone Maki,15.0,15,
2026-05-18 15:00:00,P+R Czerwone Maki,29.0,29,
2026-05-18 15:30:00,P+R Czerwone Maki,43.0,43,
2026-05-18 16:00:00,P+R Czerwone Maki,59.0,59,
2026-05-18 16:30:00,P+R Czerwone Maki,74.0,74,
2026-05-18 17:00:00,P+R Czerwone Maki,102.0,102,
2026-05-18 17:30:00,P+R Czerwone Maki,112.0,112,
2026-05-18 18:00:00,P+R Czerwone Maki,,112,forward_fill
2026-05-18 18:30:00,P+R Czerwone Maki,,112,forward_fill
2026-05-18 19:00:00,P+R Czerwone Maki,142.0,142,
2026-05-18 19:30:00,P+R Czerwone Maki,145.0,145,
2026-05-18 20:00:00,P+R Czerwone Maki,153.0,153,
2026-05-18 20:30:00,P+R Czerwone Maki,158.0,158,
2026-05-18 21:00:00,P+R Czerwone Maki,163.0,163,
2026-05-18 21:30:00,P+R Czerwone Maki,165.0,165,
2026-05-18 22:00:00,P+R Czerwone Maki,172.0,172,
2026-05-18 22:30:00,P+R Czerwone Maki,175.0,175,
2026-05-18 23:00:00,P+R Czerwone Maki,176.0,176,
2026-05-18 23:30:00,P+R Czerwone Maki,177.0,177,
2026-05-19 00:00:00,P+R Czerwone Maki,177.0,177,
2026-05-19 00:30:00,P+R Czerwone Maki,178.0,178,
2026-05-19 01:00:00,P+R Czerwone Maki,178.0,178,
2026-05-19 01:30:00,P+R Czerwone Maki,178.0,178,
2026-05-19 02:00:00,P+R Czerwone Maki,178.0,178,
2026-05-19 02:30:00,P+R Czerwone Maki,178.0,178,
2026-05-19 03:00:00,P+R Czerwone Maki,178.0,178,
2026-05-19 03:30:00,P+R Czerwone Maki,178.0,178,
2026-05-19 04:00:00,P+R Czerwone Maki,178.0,178,
2026-05-19 04:30:00,P+R Czerwone Maki,180.0,180,
2026-05-19 05:00:00,P+R Czerwone Maki,179.0,179,
2026-05-19 05:30:00,P+R Czerwone Maki,172.0,172,
2026-05-19 06:00:00,P+R Czerwone Maki,163.0,163,
2026-05-19 06:30:00,P+R Czerwone Maki,149.0,149,
2026-05-19 07:00:00,P+R Czerwone Maki,117.0,117,
2026-05-19 07:30:00,P+R Czerwone Maki,92.0,92,
2026-05-19 08:00:00,P+R Czerwone Maki,69.0,69,
2026-05-19 08:30:00,P+R Czerwone Maki,54.0,54,
2026-05-19 09:00:00,P+R Czerwone Maki,33.0,33,
2026-05-19 09:30:00,P+R Czerwone Maki,21.0,21,
2026-05-19 10:00:00,P+R Czerwone Maki,16.0,16,
2026-05-19 10:30:00,P+R Czerwone Maki,10.0,10,
2026-05-19 11:00:00,P+R Czerwone Maki,3.0,3,
2026-05-19 11:30:00,P+R Czerwone Maki,0.0,0,
2026-05-19 12:00:00,P+R Czerwone Maki,2.0,2,
2026-05-19 12:30:00,P+R Czerwone Maki,4.0,4,
2026-05-19 13:00:00,P+R Czerwone Maki,7.0,7,
2026-05-19 13:30:00,P+R Czerwone Maki,8.0,8,
2026-05-19 14:00:00,P+R Czerwone Maki,8.0,8,
2026-05-19 14:30:00,P+R Czerwone Maki,16.0,16,
2026-05-19 15:00:00,P+R Czerwone Maki,32.0,32,
2026-05-19 15:30:00,P+R Czerwone Maki,50.0,50,
2026-05-19 16:00:00,P+R Czerwone Maki,73.0,73,
2026-05-19 16:30:00,P+R Czerwone Maki,91.0,91,
2026-05-19 17:00:00,P+R Czerwone Maki,109.0,109,
2026-05-19 17:30:00,P+R Czerwone Maki,117.0,117,
2026-05-19 18:00:00,P+R Czerwone Maki,126.0,126,
2026-05-19 18:30:00,P+R Czerwone Maki,132.0,132,
2026-05-19 19:00:00,P+R Czerwone Maki,143.0,143,
2026-05-19 19:30:00,P+R Czerwone Maki,147.0,147,
2026-05-19 20:00:00,P+R Czerwone Maki,153.0,153,
2026-05-19 20:30:00,P+R Czerwone Maki,,153,forward_fill
2026-05-19 21:00:00,P+R Czerwone Maki,159.0,159,
2026-05-19 21:30:00,P+R Czerwone Maki,168.0,168,
2026-05-19 22:00:00,P+R Czerwone Maki,172.0,172,
2026-05-19 22:30:00,P+R Czerwone Maki,172.0,172,
2026-05-19 23:00:00,P+R Czerwone Maki,175.0,175,
2026-05-19 23:30:00,P+R Czerwone Maki,177.0,177,
2026-05-20 00:00:00,P+R Czerwone Maki,177.0,177,
2026-05-20 00:30:00,P+R Czerwone Maki,179.0,179,
2026-05-20 01:00:00,P+R Czerwone Maki,179.0,179,
2026-05-20 01:30:00,P+R Czerwone Maki,179.0,179,
2026-05-20 02:00:00,P+R Czerwone Maki,179.0,179,
2026-05-20 02:30:00,P+R Czerwone Maki,179.0,179,
2026-05-20 03:00:00,P+R Czerwone Maki,179.0,179,
2026-05-20 03:30:00,P+R Czerwone Maki,179.0,179,
2026-05-20 04:00:00,P+R Czerwone Maki,179.0,179,
2026-05-20 04:30:00,P+R Czerwone Maki,,179,forward_fill
2026-05-20 05:00:00,P+R Czerwone Maki,176.0,176,
2026-05-20 05:30:00,P+R Czerwone Maki,168.0,168,
2026-05-20 06:00:00,P+R Czerwone Maki,152.0,152,
2026-05-20 06:30:00,P+R Czerwone Maki,143.0,143,
2026-05-20 07:00:00,P+R Czerwone Maki,111.0,111,
2026-05-20 07:30:00,P+R Czerwone Maki,77.0,77,
2026-05-20 08:00:00,P+R Czerwone Maki,54.0,54,
2026-05-20 08:30:00,P+R Czerwone Maki,36.0,36,
2026-05-20 09:00:00,P+R Czerwone Maki,14.0,14,
2026-05-20 09:30:00,P+R Czerwone Maki,4.0,4,
2026-05-20 10:00:00,P+R Czerwone Maki,2.0,2,
2026-05-20 10:30:00,P+R Czerwone Maki,1.0,1,
2026-05-20 11:00:00,P+R Czerwone Maki,1.0,1,
2026-05-20 11:30:00,P+R Czerwone Maki,2.0,2,
2026-05-20 12:00:00,P+R Czerwone Maki,1.0,1,
2026-05-20 12:30:00,P+R Czerwone Maki,1.0,1,
2026-05-20 13:00:00,P+R Czerwone Maki,10.0,10,
2026-05-20 13:30:00,P+R Czerwone Maki,10.0,10,
2026-05-20 14:00:00,P+R Czerwone Maki,9.0,9,
2026-05-20 14:30:00,P+R Czerwone Maki,16.0,16,
2026-05-20 15:00:00,P+R Czerwone Maki,22.0,22,
2026-05-20 15:30:00,P+R Czerwone Maki,38.0,38,
2026-05-20 16:00:00,P+R Czerwone Maki,53.0,53,
2026-05-20 16:30:00,P+R Czerwone Maki,66.0,66,
2026-05-20 17:00:00,P+R Czerwone Maki,90.0,90,
2026-05-20 17:30:00,P+R Czerwone Maki,99.0,99,
2026-05-20 18:00:00,P+R Czerwone Maki,116.0,116,
2026-05-20 18:30:00,P+R Czerwone Maki,118.0,118,
2026-05-20 19:00:00,P+R Czerwone Maki,131.0,131,
2026-05-20 19:30:00,P+R Czerwone Maki,141.0,141,
2026-05-20 20:00:00,P+R Czerwone Maki,145.0,145,
2026-05-20 20:30:00,P+R Czerwone Maki,151.0,151,
2026-05-20 21:00:00,P+R Czerwone Maki,153.0,153,
2026-05-20 21:30:00,P+R Czerwone Maki,157.0,157,
2026-05-20 22:00:00,P+R Czerwone Maki,162.0,162,
2026-05-20 22:30:00,P+R Czerwone Maki,164.0,164,
2026-05-20 23:00:00,P+R Czerwone Maki,166.0,166,
2026-05-20 23:30:00,P+R Czerwone Maki,168.0,168,
2026-05-21 00:00:00,P+R Czerwone Maki,170.0,170,
2026-05-21 00:30:00,P+R Czerwone Maki,171.0,171,
2026-05-21 01:00:00,P+R Czerwone Maki,171.0,171,
2026-05-21 01:30:00,P+R Czerwone Maki,183.0,183,
2026-05-21 02:00:00,P+R Czerwone Maki,183.0,183,
2026-05-21 02:30:00,P+R Czerwone Maki,183.0,183,
2026-05-21 03:00:00,P+R Czerwone Maki,183.0,183,
2026-05-21 03:30:00,P+R Czerwone Maki,183.0,183,
2026-05-21 04:00:00,P+R Czerwone Maki,183.0,183,
2026-05-21 04:30:00,P+R Czerwone Maki,180.0,180,
2026-05-21 05:00:00,P+R Czerwone Maki,176.0,176,
2026-05-21 05:30:00,P+R Czerwone Maki,173.0,173,
2026-05-21 06:00:00,P+R Czerwone Maki,161.0,161,
2026-05-21 06:30:00,P+R Czerwone Maki,151.0,151,
2026-05-21 07:00:00,P+R Czerwone Maki,118.0,118,
2026-05-21 07:30:00,P+R Czerwone Maki,100.0,100,
2026-05-21 08:00:00,P+R Czerwone Maki,72.0,72,
2026-05-21 08:30:00,P+R Czerwone Maki,58.0,58,
2026-05-21 09:00:00,P+R Czerwone Maki,46.0,46,
2026-05-21 09:30:00,P+R Czerwone Maki,38.0,38,
2026-05-21 10:00:00,P+R Czerwone Maki,33.0,33,
2026-05-21 10:30:00,P+R Czerwone Maki,30.0,30,
2026-05-21 11:00:00,P+R Czerwone Maki,28.0,28,
2026-05-21 11:30:00,P+R Czerwone Maki,26.0,26,
2026-05-21 12:00:00,P+R Czerwone Maki,28.0,28,
2026-05-21 12:30:00,P+R Czerwone Maki,29.0,29,
2026-05-21 13:00:00,P+R Czerwone Maki,27.0,27,
2026-05-21 13:30:00,P+R Czerwone Maki,30.0,30,
2026-05-21 14:00:00,P+R Czerwone Maki,31.0,31,
2026-05-21 14:30:00,P+R Czerwone Maki,37.0,37,
2026-05-21 15:00:00,P+R Czerwone Maki,43.0,43,
2026-05-21 15:30:00,P+R Czerwone Maki,62.0,62,
2026-05-21 16:00:00,P+R Czerwone Maki,81.0,81,
2026-05-21 16:30:00,P+R Czerwone Maki,90.0,90,
2026-05-21 17:00:00,P+R Czerwone Maki,109.0,109,
2026-05-21 17:30:00,P+R Czerwone Maki,119.0,119,
2026-05-21 18:00:00,P+R Czerwone Maki,125.0,125,
2026-05-21 18:30:00,P+R Czerwone Maki,135.0,135,
2026-05-21 19:00:00,P+R Czerwone Maki,143.0,143,
2026-05-21 19:30:00,P+R Czerwone Maki,148.0,148,
2026-05-21 20:00:00,P+R Czerwone Maki,154.0,154,
2026-05-21 20:30:00,P+R Czerwone Maki,157.0,157,
2026-05-21 21:00:00,P+R Czerwone Maki,157.0,157,
2026-05-21 21:30:00,P+R Czerwone Maki,157.0,157,
2026-05-21 22:00:00,P+R Czerwone Maki,163.0,163,
2026-05-21 22:30:00,P+R Czerwone Maki,164.0,164,
2026-05-21 23:00:00,P+R Czerwone Maki,168.0,168,
2026-05-21 23:30:00,P+R Czerwone Maki,170.0,170,
2026-05-22 00:00:00,P+R Czerwone Maki,172.0,172,
2026-05-22 00:30:00,P+R Czerwone Maki,174.0,174,
2026-05-22 01:00:00,P+R Czerwone Maki,176.0,176,
2026-05-22 01:30:00,P+R Czerwone Maki,176.0,176,
2026-05-22 02:00:00,P+R Czerwone Maki,181.0,181,
2026-05-22 02:30:00,P+R Czerwone Maki,181.0,181,
2026-05-22 03:00:00,P+R Czerwone Maki,181.0,181,
2026-05-22 03:30:00,P+R Czerwone Maki,181.0,181,
2026-05-22 04:00:00,P+R Czerwone Maki,181.0,181,
2026-05-22 04:30:00,P+R Czerwone Maki,176.0,176,
2026-05-22 05:00:00,P+R Czerwone Maki,174.0,174,
2026-05-22 05:30:00,P+R Czerwone Maki,168.0,168,
2026-05-22 06:00:00,P+R Czerwone Maki,157.0,157,
2026-05-22 06:30:00,P+R Czerwone Maki,150.0,150,
2026-05-22 07:00:00,P+R Czerwone Maki,120.0,120,
2026-05-22 07:30:00,P+R Czerwone Maki,94.0,94,
2026-05-22 08:00:00,P+R Czerwone Maki,72.0,72,
2026-05-22 08:30:00,P+R Czerwone Maki,60.0,60,
2026-05-22 09:00:00,P+R Czerwone Maki,48.0,48,
2026-05-22 09:30:00,P+R Czerwone Maki,41.0,41,
2026-05-22 10:00:00,P+R Czerwone Maki,38.0,38,
2026-05-22 10:30:00,P+R Czerwone Maki,40.0,40,
2026-05-22 11:00:00,P+R Czerwone Maki,32.0,32,
2026-05-22 11:30:00,P+R Czerwone Maki,31.0,31,
2026-05-22 12:00:00,P+R Czerwone Maki,33.0,33,
2026-05-22 12:30:00,P+R Czerwone Maki,38.0,38,
2026-05-22 13:00:00,P+R Czerwone Maki,46.0,46,
2026-05-22 13:30:00,P+R Czerwone Maki,46.0,46,
2026-05-22 14:00:00,P+R Czerwone Maki,55.0,55,
2026-05-22 14:30:00,P+R Czerwone Maki,53.0,53,
2026-05-22 15:00:00,P+R Czerwone Maki,60.0,60,
2026-05-22 15:30:00,P+R Czerwone Maki,70.0,70,
2026-05-22 16:00:00,P+R Czerwone Maki,90.0,90,
2026-05-22 16:30:00,P+R Czerwone Maki,99.0,99,
2026-05-22 17:00:00,P+R Czerwone Maki,114.0,114,
2026-05-22 17:30:00,P+R Czerwone Maki,117.0,117,
2026-05-22 18:00:00,P+R Czerwone Maki,123.0,123,
2026-05-22 18:30:00,P+R Czerwone Maki,130.0,130,
2026-05-22 19:00:00,P+R Czerwone Maki,136.0,136,
2026-05-22 19:30:00,P+R Czerwone Maki,141.0,141,
2026-05-22 20:00:00,P+R Czerwone Maki,148.0,148,
2026-05-22 20:30:00,P+R Czerwone Maki,153.0,153,
2026-05-22 21:00:00,P+R Czerwone Maki,155.0,155,
2026-05-22 21:30:00,P+R Czerwone Maki,155.0,155,
2026-05-22 22:00:00,P+R Czerwone Maki,159.0,159,
2026-05-22 22:30:00,P+R Czerwone Maki,160.0,160,
2026-05-22 23:00:00,P+R Czerwone Maki,166.0,166,
2026-05-22 23:30:00,P+R Czerwone Maki,168.0,168,
2026-05-23 00:00:00,P+R Czerwone Maki,170.0,170,
2026-05-23 00:30:00,P+R Czerwone Maki,170.0,170,
2026-05-23 01:00:00,P+R Czerwone Maki,171.0,171,
2026-05-23 01:30:00,P+R Czerwone Maki,172.0,172,
2026-05-23 02:00:00,P+R Czerwone Maki,174.0,174,
2026-05-23 02:30:00,P+R Czerwone Maki,174.0,174,
2026-05-23 03:00:00,P+R Czerwone Maki,174.0,174,
2026-05-23 03:30:00,P+R Czerwone Maki,174.0,174,
2026-05-23 04:00:00,P+R Czerwone Maki,174.0,174,
2026-05-23 04:30:00,P+R Czerwone Maki,173.0,173,
2026-05-23 05:00:00,P+R Czerwone Maki,172.0,172,
2026-05-23 05:30:00,P+R Czerwone Maki,169.0,169,
2026-05-23 06:00:00,P+R Czerwone Maki,176.0,176,
2026-05-23 06:30:00,P+R Czerwone Maki,174.0,174,
2026-05-23 07:00:00,P+R Czerwone Maki,170.0,170,
2026-05-23 07:30:00,P+R Czerwone Maki,164.0,164,
2026-05-23 08:00:00,P+R Czerwone Maki,159.0,159,
2026-05-23 08:30:00,P+R Czerwone Maki,155.0,155,
2026-05-23 09:00:00,P+R Czerwone Maki,148.0,148,
2026-05-23 09:30:00,P+R Czerwone Maki,140.0,140,
2026-05-23 10:00:00,P+R Czerwone Maki,136.0,136,
2026-05-23 10:30:00,P+R Czerwone Maki,133.0,133,
2026-05-23 11:00:00,P+R Czerwone Maki,130.0,130,
2026-05-23 11:30:00,P+R Czerwone Maki,125.0,125,
2026-05-23 12:00:00,P+R Czerwone Maki,126.0,126,
2026-05-23 12:30:00,P+R Czerwone Maki,123.0,123,
2026-05-23 13:00:00,P+R Czerwone Maki,118.0,118,
2026-05-23 13:30:00,P+R Czerwone Maki,115.0,115,
2026-05-23 14:00:00,P+R Czerwone Maki,117.0,117,
2026-05-23 14:30:00,P+R Czerwone Maki,116.0,116,
2026-05-23 15:00:00,P+R Czerwone Maki,117.0,117,
2026-05-23 15:30:00,P+R Czerwone Maki,119.0,119,
2026-05-23 16:00:00,P+R Czerwone Maki,118.0,118,
2026-05-23 16:30:00,P+R Czerwone Maki,120.0,120,
2026-05-23 17:00:00,P+R Czerwone Maki,127.0,127,
2026-05-23 17:30:00,P+R Czerwone Maki,126.0,126,
2026-05-23 18:00:00,P+R Czerwone Maki,130.0,130,
2026-05-23 18:30:00,P+R Czerwone Maki,131.0,131,
2026-05-23 19:00:00,P+R Czerwone Maki,133.0,133,
2026-05-23 19:30:00,P+R Czerwone Maki,133.0,133,
2026-05-23 20:00:00,P+R Czerwone Maki,135.0,135,
2026-05-23 20:30:00,P+R Czerwone Maki,143.0,143,
2026-05-23 21:00:00,P+R Czerwone Maki,148.0,148,
2026-05-23 21:30:00,P+R Czerwone Maki,150.0,150,
2026-05-23 22:00:00,P+R Czerwone Maki,152.0,152,
2026-05-23 22:30:00,P+R Czerwone Maki,157.0,157,
2026-05-23 23:00:00,P+R Czerwone Maki,163.0,163,
2026-05-23 23:30:00,P+R Czerwone Maki,168.0,168,
2026-05-24 00:00:00,P+R Czerwone Maki,170.0,170,
2026-05-24 00:30:00,P+R Czerwone Maki,170.0,170,
2026-05-24 01:00:00,P+R Czerwone Maki,174.0,174,
2026-05-24 01:30:00,P+R Czerwone Maki,177.0,177,
2026-05-24 02:00:00,P+R Czerwone Maki,178.0,178,
2026-05-24 02:30:00,P+R Czerwone Maki,178.0,178,
2026-05-24 03:00:00,P+R Czerwone Maki,183.0,183,
2026-05-24 03:30:00,P+R Czerwone Maki,183.0,183,
2026-05-24 04:00:00,P+R Czerwone Maki,183.0,183,
2026-05-24 04:30:00,P+R Czerwone Maki,183.0,183,
2026-05-24 05:00:00,P+R Czerwone Maki,182.0,182,
2026-05-24 05:30:00,P+R Czerwone Maki,182.0,182,
2026-05-24 06:00:00,P+R Czerwone Maki,181.0,181,
2026-05-24 06:30:00,P+R Czerwone Maki,181.0,181,
2026-05-24 07:00:00,P+R Czerwone Maki,179.0,179,
2026-05-24 07:30:00,P+R Czerwone Maki,176.0,176,
2026-05-24 08:00:00,P+R Czerwone Maki,172.0,172,
2026-05-24 08:30:00,P+R Czerwone Maki,169.0,169,
2026-05-24 09:00:00,P+R Czerwone Maki,166.0,166,
2026-05-24 09:30:00,P+R Czerwone Maki,164.0,164,
2026-05-24 10:00:00,P+R Czerwone Maki,159.0,159,
2026-05-24 10:30:00,P+R Czerwone Maki,156.0,156,
2026-05-24 11:00:00,P+R Czerwone Maki,150.0,150,
2026-05-24 11:30:00,P+R Czerwone Maki,149.0,149,
2026-05-24 12:00:00,P+R Czerwone Maki,143.0,143,
2026-05-24 12:30:00,P+R Czerwone Maki,143.0,143,
2026-05-24 13:00:00,P+R Czerwone Maki,138.0,138,
2026-05-24 13:30:00,P+R Czerwone Maki,134.0,134,
2026-05-24 14:00:00,P+R Czerwone Maki,129.0,129,
2026-05-24 14:30:00,P+R Czerwone Maki,127.0,127,
2026-05-24 15:00:00,P+R Czerwone Maki,126.0,126,
2026-05-24 15:30:00,P+R Czerwone Maki,121.0,121,
2026-05-24 16:00:00,P+R Czerwone Maki,126.0,126,
2026-05-24 16:30:00,P+R Czerwone Maki,127.0,127,
2026-05-24 17:00:00,P+R Czerwone Maki,129.0,129,
2026-05-24 17:30:00,P+R Czerwone Maki,134.0,134,
2026-05-24 18:00:00,P+R Czerwone Maki,140.0,140,
2026-05-24 18:30:00,P+R Czerwone Maki,141.0,141,
2026-05-24 19:00:00,P+R Czerwone Maki,143.0,143,
2026-05-24 19:30:00,P+R Czerwone Maki,144.0,144,
2026-05-24 20:00:00,P+R Czerwone Maki,143.0,143,
2026-05-24 20:30:00,P+R Czerwone Maki,148.0,148,
2026-05-24 21:00:00,P+R Czerwone Maki,,148,forward_fill
2026-05-24 21:30:00,P+R Czerwone Maki,155.0,155,
2026-05-24 22:00:00,P+R Czerwone Maki,159.0,159,
2026-05-24 22:30:00,P+R Czerwone Maki,167.0,167,
2026-05-24 23:00:00,P+R Czerwone Maki,172.0,172,
2026-05-24 23:30:00,P+R Czerwone Maki,173.0,173,
2026-05-25 00:00:00,P+R Czerwone Maki,177.0,177,
2026-05-25 00:30:00,P+R Czerwone Maki,177.0,177,
2026-05-25 01:00:00,P+R Czerwone Maki,177.0,177,
2026-05-25 01:30:00,P+R Czerwone Maki,177.0,177,
2026-05-25 02:00:00,P+R Czerwone Maki,178.0,178,
2026-05-25 02:30:00,P+R Czerwone Maki,178.0,178,
2026-05-25 03:00:00,P+R Czerwone Maki,178.0,178,
2026-05-25 03:30:00,P+R Czerwone Maki,178.0,178,
2026-05-25 04:00:00,P+R Czerwone Maki,178.0,178,
2026-05-25 04:30:00,P+R Czerwone Maki,175.0,175,
2026-05-25 05:00:00,P+R Czerwone Maki,175.0,175,
2026-05-25 05:30:00,P+R Czerwone Maki,168.0,168,
2026-05-25 06:00:00,P+R Czerwone Maki,155.0,155,
2026-05-25 06:30:00,P+R Czerwone Maki,149.0,149,
2026-05-25 07:00:00,P+R Czerwone Maki,122.0,122,
2026-05-25 07:30:00,P+R Czerwone Maki,99.0,99,
2026-05-25 08:00:00,P+R Czerwone Maki,82.0,82,
2026-05-25 08:30:00,P+R Czerwone Maki,71.0,71,
2026-05-25 09:00:00,P+R Czerwone Maki,63.0,63,
2026-05-25 09:30:00,P+R Czerwone Maki,51.0,51,
2026-05-25 10:00:00,P+R Czerwone Maki,43.0,43,
2026-05-25 10:30:00,P+R Czerwone Maki,39.0,39,
2026-05-25 11:00:00,P+R Czerwone Maki,,39,forward_fill
2026-05-25 11:30:00,P+R Czerwone Maki,31.0,31,
2026-05-25 12:00:00,P+R Czerwone Maki,32.0,32,
2026-05-25 12:30:00,P+R Czerwone Maki,30.0,30,
2026-05-25 13:00:00,P+R Czerwone Maki,31.0,31,
2026-05-25 13:30:00,P+R Czerwone Maki,27.0,27,
2026-05-25 14:00:00,P+R Czerwone Maki,38.0,38,
2026-05-25 14:30:00,P+R Czerwone Maki,40.0,40,
2026-05-25 15:00:00,P+R Czerwone Maki,47.0,47,
2026-05-25 15:30:00,P+R Czerwone Maki,56.0,56,
2026-05-25 16:00:00,P+R Czerwone Maki,69.0,69,
2026-05-25 16:30:00,P+R Czerwone Maki,85.0,85,
2026-05-25 17:00:00,P+R Czerwone Maki,108.0,108,
2026-05-25 17:30:00,P+R Czerwone Maki,112.0,112,
2026-05-25 18:00:00,P+R Czerwone Maki,117.0,117,
2026-05-25 18:30:00,P+R Czerwone Maki,127.0,127,
2026-05-25 19:00:00,P+R Czerwone Maki,137.0,137,
2026-05-25 19:30:00,P+R Czerwone Maki,144.0,144,
2026-05-25 20:00:00,P+R Czerwone Maki,146.0,146,
2026-05-25 20:30:00,P+R Czerwone Maki,152.0,152,
2026-05-25 21:00:00,P+R Czerwone Maki,160.0,160,
2026-05-25 21:30:00,P+R Czerwone Maki,163.0,163,
2026-05-25 22:00:00,P+R Czerwone Maki,163.0,163,
2026-05-25 22:30:00,P+R Czerwone Maki,166.0,166,
2026-05-25 23:00:00,P+R Czerwone Maki,168.0,168,
2026-05-25 23:30:00,P+R Czerwone Maki,170.0,170,
2026-05-26 00:00:00,P+R Czerwone Maki,170.0,170,
2026-05-26 00:30:00,P+R Czerwone Maki,170.0,170,
2026-05-26 01:00:00,P+R Czerwone Maki,170.0,170,
2026-05-26 01:30:00,P+R Czerwone Maki,171.0,171,
2026-05-26 02:00:00,P+R Czerwone Maki,182.0,182,
2026-05-26 02:30:00,P+R Czerwone Maki,182.0,182,
2026-05-26 03:00:00,P+R Czerwone Maki,182.0,182,
2026-05-26 03:30:00,P+R Czerwone Maki,182.0,182,
2026-05-26 04:00:00,P+R Czerwone Maki,182.0,182,
2026-05-26 04:30:00,P+R Czerwone Maki,180.0,180,
2026-05-26 05:00:00,P+R Czerwone Maki,180.0,180,
2026-05-26 05:30:00,P+R Czerwone Maki,173.0,173,
2026-05-26 06:00:00,P+R Czerwone Maki,161.0,161,
2026-05-26 06:30:00,P+R Czerwone Maki,144.0,144,
2026-05-26 07:00:00,P+R Czerwone Maki,125.0,125,
2026-05-26 07:30:00,P+R Czerwone Maki,101.0,101,
2026-05-26 08:00:00,P+R Czerwone Maki,81.0,81,
2026-05-26 08:30:00,P+R Czerwone Maki,55.0,55,
2026-05-26 09:00:00,P+R Czerwone Maki,37.0,37,
2026-05-26 09:30:00,P+R Czerwone Maki,21.0,21,
2026-05-26 10:00:00,P+R Czerwone Maki,13.0,13,
2026-05-26 10:30:00,P+R Czerwone Maki,10.0,10,
2026-05-26 11:00:00,P+R Czerwone Maki,4.0,4,
2026-05-26 11:30:00,P+R Czerwone Maki,6.0,6,
2026-05-26 12:00:00,P+R Czerwone Maki,6.0,6,
2026-05-26 12:30:00,P+R Czerwone Maki,2.0,2,
2026-05-26 13:00:00,P+R Czerwone Maki,,10,linear interpolation
2026-05-26 13:30:00,P+R Czerwone Maki,,17,linear interpolation
2026-05-26 14:00:00,P+R Czerwone Maki,,25,linear interpolation
2026-05-26 14:30:00,P+R Czerwone Maki,,32,linear interpolation
2026-05-26 15:00:00,P+R Czerwone Maki,40.0,40,
2026-05-26 15:30:00,P+R Czerwone Maki,54.0,54,
2026-05-26 16:00:00,P+R Czerwone Maki,74.0,74,
2026-05-26 16:30:00,P+R Czerwone Maki,89.0,89,
2026-05-26 17:00:00,P+R Czerwone Maki,104.0,104,
2026-05-26 17:30:00,P+R Czerwone Maki,109.0,109,
2026-05-26 18:00:00,P+R Czerwone Maki,121.0,121,
2026-05-26 18:30:00,P+R Czerwone Maki,127.0,127,
2026-05-26 19:00:00,P+R Czerwone Maki,139.0,139,
2026-05-26 19:30:00,P+R Czerwone Maki,,139,forward_fill
2026-05-26 20:00:00,P+R Czerwone Maki,153.0,153,
2026-04-28 21:30:00,P+R Górka Narodowa,411.0,411,
2026-04-28 22:00:00,P+R Górka Narodowa,419.0,419,
2026-04-28 22:30:00,P+R Górka Narodowa,426.0,426,
2026-04-28 23:00:00,P+R Górka Narodowa,431.0,431,
2026-04-28 23:30:00,P+R Górka Narodowa,434.0,434,
2026-04-29 00:00:00,P+R Górka Narodowa,434.0,434,
2026-04-29 00:30:00,P+R Górka Narodowa,434.0,434,
2026-04-29 01:00:00,P+R Górka Narodowa,434.0,434,
2026-04-29 01:30:00,P+R Górka Narodowa,434.0,434,
2026-04-29 02:00:00,P+R Górka Narodowa,434.0,434,
2026-04-29 02:30:00,P+R Górka Narodowa,434.0,434,
2026-04-29 03:00:00,P+R Górka Narodowa,434.0,434,
2026-04-29 03:30:00,P+R Górka Narodowa,434.0,434,
2026-04-29 04:00:00,P+R Górka Narodowa,434.0,434,
2026-04-29 04:30:00,P+R Górka Narodowa,434.0,434,
2026-04-29 05:00:00,P+R Górka Narodowa,433.0,433,
2026-04-29 05:30:00,P+R Górka Narodowa,431.0,431,
2026-04-29 06:00:00,P+R Górka Narodowa,422.0,422,
2026-04-29 06:30:00,P+R Górka Narodowa,410.0,410,
2026-04-29 07:00:00,P+R Górka Narodowa,368.0,368,
2026-04-29 07:30:00,P+R Górka Narodowa,321.0,321,
2026-04-29 08:00:00,P+R Górka Narodowa,281.0,281,
2026-04-29 08:30:00,P+R Górka Narodowa,253.0,253,
2026-04-29 09:00:00,P+R Górka Narodowa,227.0,227,
2026-04-29 09:30:00,P+R Górka Narodowa,199.0,199,
2026-04-29 10:00:00,P+R Górka Narodowa,194.0,194,
2026-04-29 10:30:00,P+R Górka Narodowa,183.0,183,
2026-04-29 11:00:00,P+R Górka Narodowa,174.0,174,
2026-04-29 11:30:00,P+R Górka Narodowa,161.0,161,
2026-04-29 12:00:00,P+R Górka Narodowa,160.0,160,
2026-04-29 12:30:00,P+R Górka Narodowa,159.0,159,
2026-04-29 13:00:00,P+R Górka Narodowa,172.0,172,
2026-04-29 13:30:00,P+R Górka Narodowa,171.0,171,
2026-04-29 14:00:00,P+R Górka Narodowa,178.0,178,
2026-04-29 14:30:00,P+R Górka Narodowa,187.0,187,
2026-04-29 15:00:00,P+R Górka Narodowa,194.0,194,
2026-04-29 15:30:00,P+R Górka Narodowa,215.0,215,
2026-04-29 16:00:00,P+R Górka Narodowa,240.0,240,
2026-04-29 16:30:00,P+R Górka Narodowa,270.0,270,
2026-04-29 17:00:00,P+R Górka Narodowa,299.0,299,
2026-04-29 17:30:00,P+R Górka Narodowa,315.0,315,
2026-04-29 18:00:00,P+R Górka Narodowa,324.0,324,
2026-04-29 18:30:00,P+R Górka Narodowa,,324,forward_fill
2026-04-29 19:00:00,P+R Górka Narodowa,359.0,359,
2026-04-29 19:30:00,P+R Górka Narodowa,375.0,375,
2026-04-29 20:00:00,P+R Górka Narodowa,383.0,383,
2026-04-29 20:30:00,P+R Górka Narodowa,387.0,387,
2026-04-29 21:00:00,P+R Górka Narodowa,397.0,397,
2026-04-29 21:30:00,P+R Górka Narodowa,405.0,405,
2026-04-29 22:00:00,P+R Górka Narodowa,411.0,411,
2026-04-29 22:30:00,P+R Górka Narodowa,416.0,416,
2026-04-29 23:00:00,P+R Górka Narodowa,417.0,417,
2026-04-29 23:30:00,P+R Górka Narodowa,421.0,421,
2026-04-30 00:00:00,P+R Górka Narodowa,424.0,424,
2026-04-30 00:30:00,P+R Górka Narodowa,434.0,434,
2026-04-30 01:00:00,P+R Górka Narodowa,434.0,434,
2026-04-30 01:30:00,P+R Górka Narodowa,434.0,434,
2026-04-30 02:00:00,P+R Górka Narodowa,434.0,434,
2026-04-30 02:30:00,P+R Górka Narodowa,434.0,434,
2026-04-30 03:00:00,P+R Górka Narodowa,434.0,434,
2026-04-30 03:30:00,P+R Górka Narodowa,434.0,434,
2026-04-30 04:00:00,P+R Górka Narodowa,434.0,434,
2026-04-30 04:30:00,P+R Górka Narodowa,433.0,433,
2026-04-30 05:00:00,P+R Górka Narodowa,432.0,432,
2026-04-30 05:30:00,P+R Górka Narodowa,432.0,432,
2026-04-30 06:00:00,P+R Górka Narodowa,425.0,425,
2026-04-30 06:30:00,P+R Górka Narodowa,408.0,408,
2026-04-30 07:00:00,P+R Górka Narodowa,382.0,382,
2026-04-30 07:30:00,P+R Górka Narodowa,342.0,342,
2026-04-30 08:00:00,P+R Górka Narodowa,311.0,311,
2026-04-30 08:30:00,P+R Górka Narodowa,280.0,280,
2026-04-30 09:00:00,P+R Górka Narodowa,263.0,263,
2026-04-30 09:30:00,P+R Górka Narodowa,251.0,251,
2026-04-30 10:00:00,P+R Górka Narodowa,244.0,244,
2026-04-30 10:30:00,P+R Górka Narodowa,233.0,233,
2026-04-30 11:00:00,P+R Górka Narodowa,223.0,223,
2026-04-30 11:30:00,P+R Górka Narodowa,224.0,224,
2026-04-30 12:00:00,P+R Górka Narodowa,220.0,220,
2026-04-30 12:30:00,P+R Górka Narodowa,219.0,219,
2026-04-30 13:00:00,P+R Górka Narodowa,214.0,214,
2026-04-30 13:30:00,P+R Górka Narodowa,211.0,211,
2026-04-30 14:00:00,P+R Górka Narodowa,219.0,219,
2026-04-30 14:30:00,P+R Górka Narodowa,230.0,230,
2026-04-30 15:00:00,P+R Górka Narodowa,236.0,236,
2026-04-30 15:30:00,P+R Górka Narodowa,249.0,249,
2026-04-30 16:00:00,P+R Górka Narodowa,259.0,259,
2026-04-30 16:30:00,P+R Górka Narodowa,284.0,284,
2026-04-30 17:00:00,P+R Górka Narodowa,315.0,315,
2026-04-30 17:30:00,P+R Górka Narodowa,328.0,328,
2026-04-30 18:00:00,P+R Górka Narodowa,341.0,341,
2026-04-30 18:30:00,P+R Górka Narodowa,366.0,366,
2026-04-30 19:00:00,P+R Górka Narodowa,383.0,383,
2026-04-30 19:30:00,P+R Górka Narodowa,393.0,393,
2026-04-30 20:00:00,P+R Górka Narodowa,402.0,402,
2026-04-30 20:30:00,P+R Górka Narodowa,402.0,402,
2026-04-30 21:00:00,P+R Górka Narodowa,402.0,402,
2026-04-30 21:30:00,P+R Górka Narodowa,402.0,402,
2026-04-30 22:00:00,P+R Górka Narodowa,,406,linear interpolation
2026-04-30 22:30:00,P+R Górka Narodowa,,410,linear interpolation
2026-04-30 23:00:00,P+R Górka Narodowa,,413,linear interpolation
2026-04-30 23:30:00,P+R Górka Narodowa,,417,linear interpolation
2026-05-01 00:00:00,P+R Górka Narodowa,,421,linear interpolation
2026-05-01 00:30:00,P+R Górka Narodowa,,425,linear interpolation
2026-05-01 01:00:00,P+R Górka Narodowa,,428,linear interpolation
2026-05-01 01:30:00,P+R Górka Narodowa,,432,linear interpolation
2026-05-01 02:00:00,P+R Górka Narodowa,436.0,436,
2026-05-01 02:30:00,P+R Górka Narodowa,436.0,436,
2026-05-01 03:00:00,P+R Górka Narodowa,436.0,436,
2026-05-01 03:30:00,P+R Górka Narodowa,436.0,436,
2026-05-01 04:00:00,P+R Górka Narodowa,436.0,436,
2026-05-01 04:30:00,P+R Górka Narodowa,436.0,436,
2026-05-01 05:00:00,P+R Górka Narodowa,436.0,436,
2026-05-01 05:30:00,P+R Górka Narodowa,436.0,436,
2026-05-01 06:00:00,P+R Górka Narodowa,435.0,435,
2026-05-01 06:30:00,P+R Górka Narodowa,434.0,434,
2026-05-01 07:00:00,P+R Górka Narodowa,432.0,432,
2026-05-01 07:30:00,P+R Górka Narodowa,429.0,429,
2026-05-01 08:00:00,P+R Górka Narodowa,424.0,424,
2026-05-01 08:30:00,P+R Górka Narodowa,423.0,423,
2026-05-01 09:00:00,P+R Górka Narodowa,419.0,419,
2026-05-01 09:30:00,P+R Górka Narodowa,418.0,418,
2026-05-01 10:00:00,P+R Górka Narodowa,415.0,415,
2026-05-01 10:30:00,P+R Górka Narodowa,412.0,412,
2026-05-01 11:00:00,P+R Górka Narodowa,406.0,406,
2026-05-01 11:30:00,P+R Górka Narodowa,403.0,403,
2026-05-01 12:00:00,P+R Górka Narodowa,400.0,400,
2026-05-01 12:30:00,P+R Górka Narodowa,397.0,397,
2026-05-01 13:00:00,P+R Górka Narodowa,394.0,394,
2026-05-01 13:30:00,P+R Górka Narodowa,393.0,393,
2026-05-01 14:00:00,P+R Górka Narodowa,396.0,396,
2026-05-01 14:30:00,P+R Górka Narodowa,399.0,399,
2026-05-01 15:00:00,P+R Górka Narodowa,397.0,397,
2026-05-01 15:30:00,P+R Górka Narodowa,400.0,400,
2026-05-01 16:00:00,P+R Górka Narodowa,,402,linear interpolation
2026-05-01 16:30:00,P+R Górka Narodowa,,404,linear interpolation
2026-05-01 17:00:00,P+R Górka Narodowa,,406,linear interpolation
2026-05-01 17:30:00,P+R Górka Narodowa,408.0,408,
2026-05-01 18:00:00,P+R Górka Narodowa,415.0,415,
2026-05-01 18:30:00,P+R Górka Narodowa,416.0,416,
2026-05-01 19:00:00,P+R Górka Narodowa,416.0,416,
2026-05-01 19:30:00,P+R Górka Narodowa,420.0,420,
2026-05-01 20:00:00,P+R Górka Narodowa,422.0,422,
2026-05-01 20:30:00,P+R Górka Narodowa,424.0,424,
2026-05-01 21:00:00,P+R Górka Narodowa,423.0,423,
2026-05-01 21:30:00,P+R Górka Narodowa,426.0,426,
2026-05-01 22:00:00,P+R Górka Narodowa,427.0,427,
2026-05-01 22:30:00,P+R Górka Narodowa,429.0,429,
2026-05-01 23:00:00,P+R Górka Narodowa,433.0,433,
2026-05-01 23:30:00,P+R Górka Narodowa,434.0,434,
2026-05-02 00:00:00,P+R Górka Narodowa,435.0,435,
2026-05-02 00:30:00,P+R Górka Narodowa,435.0,435,
2026-05-02 01:00:00,P+R Górka Narodowa,435.0,435,
2026-05-02 01:30:00,P+R Górka Narodowa,435.0,435,
2026-05-02 02:00:00,P+R Górka Narodowa,,435,forward_fill
2026-05-02 02:30:00,P+R Górka Narodowa,436.0,436,
2026-05-02 03:00:00,P+R Górka Narodowa,436.0,436,
2026-05-02 03:30:00,P+R Górka Narodowa,436.0,436,
2026-05-02 04:00:00,P+R Górka Narodowa,436.0,436,
2026-05-02 04:30:00,P+R Górka Narodowa,435.0,435,
2026-05-02 05:00:00,P+R Górka Narodowa,435.0,435,
2026-05-02 05:30:00,P+R Górka Narodowa,433.0,433,
2026-05-02 06:00:00,P+R Górka Narodowa,432.0,432,
2026-05-02 06:30:00,P+R Górka Narodowa,431.0,431,
2026-05-02 07:00:00,P+R Górka Narodowa,429.0,429,
2026-05-02 07:30:00,P+R Górka Narodowa,428.0,428,
2026-05-02 08:00:00,P+R Górka Narodowa,424.0,424,
2026-05-02 08:30:00,P+R Górka Narodowa,423.0,423,
2026-05-02 09:00:00,P+R Górka Narodowa,420.0,420,
2026-05-02 09:30:00,P+R Górka Narodowa,418.0,418,
2026-05-02 10:00:00,P+R Górka Narodowa,413.0,413,
2026-05-02 10:30:00,P+R Górka Narodowa,411.0,411,
2026-05-02 11:00:00,P+R Górka Narodowa,403.0,403,
2026-05-02 11:30:00,P+R Górka Narodowa,398.0,398,
2026-05-02 12:00:00,P+R Górka Narodowa,395.0,395,
2026-05-02 12:30:00,P+R Górka Narodowa,391.0,391,
2026-05-02 13:00:00,P+R Górka Narodowa,388.0,388,
2026-05-02 13:30:00,P+R Górka Narodowa,385.0,385,
2026-05-02 14:00:00,P+R Górka Narodowa,387.0,387,
2026-05-02 14:30:00,P+R Górka Narodowa,388.0,388,
2026-05-02 15:00:00,P+R Górka Narodowa,390.0,390,
2026-05-02 15:30:00,P+R Górka Narodowa,390.0,390,
2026-05-02 16:00:00,P+R Górka Narodowa,395.0,395,
2026-05-02 16:30:00,P+R Górka Narodowa,392.0,392,
2026-05-02 17:00:00,P+R Górka Narodowa,393.0,393,
2026-05-02 17:30:00,P+R Górka Narodowa,398.0,398,
2026-05-02 18:00:00,P+R Górka Narodowa,403.0,403,
2026-05-02 18:30:00,P+R Górka Narodowa,405.0,405,
2026-05-02 19:00:00,P+R Górka Narodowa,,405,forward_fill
2026-05-02 19:30:00,P+R Górka Narodowa,412.0,412,
2026-05-02 20:00:00,P+R Górka Narodowa,417.0,417,
2026-05-02 20:30:00,P+R Górka Narodowa,418.0,418,
2026-05-02 21:00:00,P+R Górka Narodowa,422.0,422,
2026-05-02 21:30:00,P+R Górka Narodowa,425.0,425,
2026-05-02 22:00:00,P+R Górka Narodowa,428.0,428,
2026-05-02 22:30:00,P+R Górka Narodowa,428.0,428,
2026-05-02 23:00:00,P+R Górka Narodowa,430.0,430,
2026-05-02 23:30:00,P+R Górka Narodowa,433.0,433,
2026-05-03 00:00:00,P+R Górka Narodowa,433.0,433,
2026-05-03 00:30:00,P+R Górka Narodowa,435.0,435,
2026-05-03 01:00:00,P+R Górka Narodowa,435.0,435,
2026-05-03 01:30:00,P+R Górka Narodowa,435.0,435,
2026-05-03 02:00:00,P+R Górka Narodowa,435.0,435,
2026-05-03 02:30:00,P+R Górka Narodowa,436.0,436,
2026-05-03 03:00:00,P+R Górka Narodowa,436.0,436,
2026-05-03 03:30:00,P+R Górka Narodowa,,436,Hist. avg + linear interpol.
2026-05-03 04:00:00,P+R Górka Narodowa,,435,Hist. avg + linear interpol.
2026-05-03 04:30:00,P+R Górka Narodowa,,435,Hist. avg + linear interpol.
2026-05-03 05:00:00,P+R Górka Narodowa,,434,Hist. avg + linear interpol.
2026-05-03 05:30:00,P+R Górka Narodowa,,433,Hist. avg + linear interpol.
2026-05-03 06:00:00,P+R Górka Narodowa,,432,Hist. avg + linear interpol.
2026-05-03 06:30:00,P+R Górka Narodowa,,430,Hist. avg + linear interpol.
2026-05-03 07:00:00,P+R Górka Narodowa,,429,Hist. avg + linear interpol.
2026-05-03 07:30:00,P+R Górka Narodowa,,426,Hist. avg + linear interpol.
2026-05-03 08:00:00,P+R Górka Narodowa,,421,Hist. avg + linear interpol.
2026-05-03 08:30:00,P+R Górka Narodowa,,416,Hist. avg + linear interpol.
2026-05-03 09:00:00,P+R Górka Narodowa,,412,Hist. avg + linear interpol.
2026-05-03 09:30:00,P+R Górka Narodowa,,410,Hist. avg + linear interpol.
2026-05-03 10:00:00,P+R Górka Narodowa,,404,Hist. avg + linear interpol.
2026-05-03 10:30:00,P+R Górka Narodowa,,402,Hist. avg + linear interpol.
2026-05-03 11:00:00,P+R Górka Narodowa,,399,Hist. avg + linear interpol.
2026-05-03 11:30:00,P+R Górka Narodowa,,396,Hist. avg + linear interpol.
2026-05-03 12:00:00,P+R Górka Narodowa,,394,Hist. avg + linear interpol.
2026-05-03 12:30:00,P+R Górka Narodowa,,392,Hist. avg + linear interpol.
2026-05-03 13:00:00,P+R Górka Narodowa,,392,Hist. avg + linear interpol.
2026-05-03 13:30:00,P+R Górka Narodowa,,390,Hist. avg + linear interpol.
2026-05-03 14:00:00,P+R Górka Narodowa,,390,Hist. avg + linear interpol.
2026-05-03 14:30:00,P+R Górka Narodowa,,390,Hist. avg + linear interpol.
2026-05-03 15:00:00,P+R Górka Narodowa,,391,Hist. avg + linear interpol.
2026-05-03 15:30:00,P+R Górka Narodowa,,391,Hist. avg + linear interpol.
2026-05-03 16:00:00,P+R Górka Narodowa,,392,Hist. avg + linear interpol.
2026-05-03 16:30:00,P+R Górka Narodowa,,394,Hist. avg + linear interpol.
2026-05-03 17:00:00,P+R Górka Narodowa,,393,Hist. avg + linear interpol.
2026-05-03 17:30:00,P+R Górka Narodowa,,395,Hist. avg + linear interpol.
2026-05-03 18:00:00,P+R Górka Narodowa,,398,Hist. avg + linear interpol.
2026-05-03 18:30:00,P+R Górka Narodowa,,400,Hist. avg + linear interpol.
2026-05-03 19:00:00,P+R Górka Narodowa,,403,Hist. avg + linear interpol.
2026-05-03 19:30:00,P+R Górka Narodowa,,406,Hist. avg + linear interpol.
2026-05-03 20:00:00,P+R Górka Narodowa,,410,Hist. avg + linear interpol.
2026-05-03 20:30:00,P+R Górka Narodowa,,413,Hist. avg + linear interpol.
2026-05-03 21:00:00,P+R Górka Narodowa,,420,Hist. avg + linear interpol.
2026-05-03 21:30:00,P+R Górka Narodowa,,419,Hist. avg + linear interpol.
2026-05-03 22:00:00,P+R Górka Narodowa,,424,Hist. avg + linear interpol.
2026-05-03 22:30:00,P+R Górka Narodowa,,428,Hist. avg + linear interpol.
2026-05-03 23:00:00,P+R Górka Narodowa,,431,Hist. avg + linear interpol.
2026-05-03 23:30:00,P+R Górka Narodowa,,432,Hist. avg + linear interpol.
2026-05-04 00:00:00,P+R Górka Narodowa,,433,Hist. avg + linear interpol.
2026-05-04 00:30:00,P+R Górka Narodowa,,435,Hist. avg + linear interpol.
2026-05-04 01:00:00,P+R Górka Narodowa,,435,Hist. avg + linear interpol.
2026-05-04 01:30:00,P+R Górka Narodowa,,435,Hist. avg + linear interpol.
2026-05-04 02:00:00,P+R Górka Narodowa,,435,Hist. avg + linear interpol.
2026-05-04 02:30:00,P+R Górka Narodowa,,435,Hist. avg + linear interpol.
2026-05-04 03:00:00,P+R Górka Narodowa,,435,Hist. avg + linear interpol.
2026-05-04 03:30:00,P+R Górka Narodowa,,435,Hist. avg + linear interpol.
2026-05-04 04:00:00,P+R Górka Narodowa,,435,Hist. avg + linear interpol.
2026-05-04 04:30:00,P+R Górka Narodowa,,434,Hist. avg + linear interpol.
2026-05-04 05:00:00,P+R Górka Narodowa,,433,Hist. avg + linear interpol.
2026-05-04 05:30:00,P+R Górka Narodowa,,431,Hist. avg + linear interpol.
2026-05-04 06:00:00,P+R Górka Narodowa,,424,Hist. avg + linear interpol.
2026-05-04 06:30:00,P+R Górka Narodowa,,407,Hist. avg + linear interpol.
2026-05-04 07:00:00,P+R Górka Narodowa,,372,Hist. avg + linear interpol.
2026-05-04 07:30:00,P+R Górka Narodowa,,331,Hist. avg + linear interpol.
2026-05-04 08:00:00,P+R Górka Narodowa,,291,Hist. avg + linear interpol.
2026-05-04 08:30:00,P+R Górka Narodowa,,267,Hist. avg + linear interpol.
2026-05-04 09:00:00,P+R Górka Narodowa,,243,Hist. avg + linear interpol.
2026-05-04 09:30:00,P+R Górka Narodowa,,226,Hist. avg + linear interpol.
2026-05-04 10:00:00,P+R Górka Narodowa,,216,Hist. avg + linear interpol.
2026-05-04 10:30:00,P+R Górka Narodowa,,210,Hist. avg + linear interpol.
2026-05-04 11:00:00,P+R Górka Narodowa,,199,Hist. avg + linear interpol.
2026-05-04 11:30:00,P+R Górka Narodowa,,197,Hist. avg + linear interpol.
2026-05-04 12:00:00,P+R Górka Narodowa,,198,Hist. avg + linear interpol.
2026-05-04 12:30:00,P+R Górka Narodowa,,197,Hist. avg + linear interpol.
2026-05-04 13:00:00,P+R Górka Narodowa,,202,Hist. avg + linear interpol.
2026-05-04 13:30:00,P+R Górka Narodowa,,204,Hist. avg + linear interpol.
2026-05-04 14:00:00,P+R Górka Narodowa,,212,Hist. avg + linear interpol.
2026-05-04 14:30:00,P+R Górka Narodowa,,216,Hist. avg + linear interpol.
2026-05-04 15:00:00,P+R Górka Narodowa,,226,Hist. avg + linear interpol.
2026-05-04 15:30:00,P+R Górka Narodowa,,239,Hist. avg + linear interpol.
2026-05-04 16:00:00,P+R Górka Narodowa,,257,Hist. avg + linear interpol.
2026-05-04 16:30:00,P+R Górka Narodowa,,299,Hist. avg + linear interpol.
2026-05-04 17:00:00,P+R Górka Narodowa,,339,Hist. avg + linear interpol.
2026-05-04 17:30:00,P+R Górka Narodowa,,364,Hist. avg + linear interpol.
2026-05-04 18:00:00,P+R Górka Narodowa,,382,Hist. avg + linear interpol.
2026-05-04 18:30:00,P+R Górka Narodowa,,393,Hist. avg + linear interpol.
2026-05-04 19:00:00,P+R Górka Narodowa,,399,Hist. avg + linear interpol.
2026-05-04 19:30:00,P+R Górka Narodowa,399.0,399,
2026-05-04 20:00:00,P+R Górka Narodowa,400.0,400,
2026-05-04 20:30:00,P+R Górka Narodowa,400.0,400,
2026-05-04 21:00:00,P+R Górka Narodowa,400.0,400,
2026-05-04 21:30:00,P+R Górka Narodowa,400.0,400,
2026-05-04 22:00:00,P+R Górka Narodowa,402.0,402,
2026-05-04 22:30:00,P+R Górka Narodowa,406.0,406,
2026-05-04 23:00:00,P+R Górka Narodowa,411.0,411,
2026-05-04 23:30:00,P+R Górka Narodowa,412.0,412,
2026-05-05 00:00:00,P+R Górka Narodowa,426.0,426,
2026-05-05 00:30:00,P+R Górka Narodowa,435.0,435,
2026-05-05 01:00:00,P+R Górka Narodowa,435.0,435,
2026-05-05 01:30:00,P+R Górka Narodowa,435.0,435,
2026-05-05 02:00:00,P+R Górka Narodowa,435.0,435,
2026-05-05 02:30:00,P+R Górka Narodowa,435.0,435,
2026-05-05 03:00:00,P+R Górka Narodowa,435.0,435,
2026-05-05 03:30:00,P+R Górka Narodowa,435.0,435,
2026-05-05 04:00:00,P+R Górka Narodowa,435.0,435,
2026-05-05 04:30:00,P+R Górka Narodowa,433.0,433,
2026-05-05 05:00:00,P+R Górka Narodowa,432.0,432,
2026-05-05 05:30:00,P+R Górka Narodowa,428.0,428,
2026-05-05 06:00:00,P+R Górka Narodowa,419.0,419,
2026-05-05 06:30:00,P+R Górka Narodowa,398.0,398,
2026-05-05 07:00:00,P+R Górka Narodowa,358.0,358,
2026-05-05 07:30:00,P+R Górka Narodowa,311.0,311,
2026-05-05 08:00:00,P+R Górka Narodowa,253.0,253,
2026-05-05 08:30:00,P+R Górka Narodowa,230.0,230,
2026-05-05 09:00:00,P+R Górka Narodowa,201.0,201,
2026-05-05 09:30:00,P+R Górka Narodowa,189.0,189,
2026-05-05 10:00:00,P+R Górka Narodowa,178.0,178,
2026-05-05 10:30:00,P+R Górka Narodowa,,178,forward_fill
2026-05-05 11:00:00,P+R Górka Narodowa,159.0,159,
2026-05-05 11:30:00,P+R Górka Narodowa,158.0,158,
2026-05-05 12:00:00,P+R Górka Narodowa,156.0,156,
2026-05-05 12:30:00,P+R Górka Narodowa,157.0,157,
2026-05-05 13:00:00,P+R Górka Narodowa,165.0,165,
2026-05-05 13:30:00,P+R Górka Narodowa,172.0,172,
2026-05-05 14:00:00,P+R Górka Narodowa,187.0,187,
2026-05-05 14:30:00,P+R Górka Narodowa,196.0,196,
2026-05-05 15:00:00,P+R Górka Narodowa,208.0,208,
2026-05-05 15:30:00,P+R Górka Narodowa,214.0,214,
2026-05-05 16:00:00,P+R Górka Narodowa,249.0,249,
2026-05-05 16:30:00,P+R Górka Narodowa,267.0,267,
2026-05-05 17:00:00,P+R Górka Narodowa,301.0,301,
2026-05-05 17:30:00,P+R Górka Narodowa,316.0,316,
2026-05-05 18:00:00,P+R Górka Narodowa,343.0,343,
2026-05-05 18:30:00,P+R Górka Narodowa,359.0,359,
2026-05-05 19:00:00,P+R Górka Narodowa,372.0,372,
2026-05-05 19:30:00,P+R Górka Narodowa,383.0,383,
2026-05-05 20:00:00,P+R Górka Narodowa,397.0,397,
2026-05-05 20:30:00,P+R Górka Narodowa,406.0,406,
2026-05-05 21:00:00,P+R Górka Narodowa,417.0,417,
2026-05-05 21:30:00,P+R Górka Narodowa,423.0,423,
2026-05-05 22:00:00,P+R Górka Narodowa,431.0,431,
2026-05-05 22:30:00,P+R Górka Narodowa,432.0,432,
2026-05-05 23:00:00,P+R Górka Narodowa,435.0,435,
2026-05-05 23:30:00,P+R Górka Narodowa,435.0,435,
2026-05-06 00:00:00,P+R Górka Narodowa,435.0,435,
2026-05-06 00:30:00,P+R Górka Narodowa,435.0,435,
2026-05-06 01:00:00,P+R Górka Narodowa,435.0,435,
2026-05-06 01:30:00,P+R Górka Narodowa,435.0,435,
2026-05-06 02:00:00,P+R Górka Narodowa,435.0,435,
2026-05-06 02:30:00,P+R Górka Narodowa,435.0,435,
2026-05-06 03:00:00,P+R Górka Narodowa,435.0,435,
2026-05-06 03:30:00,P+R Górka Narodowa,435.0,435,
2026-05-06 04:00:00,P+R Górka Narodowa,,435,forward_fill
2026-05-06 04:30:00,P+R Górka Narodowa,434.0,434,
2026-05-06 05:00:00,P+R Górka Narodowa,434.0,434,
2026-05-06 05:30:00,P+R Górka Narodowa,430.0,430,
2026-05-06 06:00:00,P+R Górka Narodowa,420.0,420,
2026-05-06 06:30:00,P+R Górka Narodowa,399.0,399,
2026-05-06 07:00:00,P+R Górka Narodowa,355.0,355,
2026-05-06 07:30:00,P+R Górka Narodowa,308.0,308,
2026-05-06 08:00:00,P+R Górka Narodowa,245.0,245,
2026-05-06 08:30:00,P+R Górka Narodowa,220.0,220,
2026-05-06 09:00:00,P+R Górka Narodowa,189.0,189,
2026-05-06 09:30:00,P+R Górka Narodowa,175.0,175,
2026-05-06 10:00:00,P+R Górka Narodowa,163.0,163,
2026-05-06 10:30:00,P+R Górka Narodowa,151.0,151,
2026-05-06 11:00:00,P+R Górka Narodowa,146.0,146,
2026-05-06 11:30:00,P+R Górka Narodowa,151.0,151,
2026-05-06 12:00:00,P+R Górka Narodowa,164.0,164,
2026-05-06 12:30:00,P+R Górka Narodowa,170.0,170,
2026-05-06 13:00:00,P+R Górka Narodowa,182.0,182,
2026-05-06 13:30:00,P+R Górka Narodowa,186.0,186,
2026-05-06 14:00:00,P+R Górka Narodowa,194.0,194,
2026-05-06 14:30:00,P+R Górka Narodowa,196.0,196,
2026-05-06 15:00:00,P+R Górka Narodowa,215.0,215,
2026-05-06 15:30:00,P+R Górka Narodowa,224.0,224,
2026-05-06 16:00:00,P+R Górka Narodowa,250.0,250,
2026-05-06 16:30:00,P+R Górka Narodowa,285.0,285,
2026-05-06 17:00:00,P+R Górka Narodowa,307.0,307,
2026-05-06 17:30:00,P+R Górka Narodowa,327.0,327,
2026-05-06 18:00:00,P+R Górka Narodowa,339.0,339,
2026-05-06 18:30:00,P+R Górka Narodowa,354.0,354,
2026-05-06 19:00:00,P+R Górka Narodowa,361.0,361,
2026-05-06 19:30:00,P+R Górka Narodowa,379.0,379,
2026-05-06 20:00:00,P+R Górka Narodowa,390.0,390,
2026-05-06 20:30:00,P+R Górka Narodowa,398.0,398,
2026-05-06 21:00:00,P+R Górka Narodowa,408.0,408,
2026-05-06 21:30:00,P+R Górka Narodowa,417.0,417,
2026-05-06 22:00:00,P+R Górka Narodowa,423.0,423,
2026-05-06 22:30:00,P+R Górka Narodowa,423.0,423,
2026-05-06 23:00:00,P+R Górka Narodowa,429.0,429,
2026-05-06 23:30:00,P+R Górka Narodowa,431.0,431,
2026-05-07 00:00:00,P+R Górka Narodowa,432.0,432,
2026-05-07 00:30:00,P+R Górka Narodowa,432.0,432,
2026-05-07 01:00:00,P+R Górka Narodowa,433.0,433,
2026-05-07 01:30:00,P+R Górka Narodowa,433.0,433,
2026-05-07 02:00:00,P+R Górka Narodowa,433.0,433,
2026-05-07 02:30:00,P+R Górka Narodowa,433.0,433,
2026-05-07 03:00:00,P+R Górka Narodowa,433.0,433,
2026-05-07 03:30:00,P+R Górka Narodowa,433.0,433,
2026-05-07 04:00:00,P+R Górka Narodowa,433.0,433,
2026-05-07 04:30:00,P+R Górka Narodowa,432.0,432,
2026-05-07 05:00:00,P+R Górka Narodowa,430.0,430,
2026-05-07 05:30:00,P+R Górka Narodowa,427.0,427,
2026-05-07 06:00:00,P+R Górka Narodowa,421.0,421,
2026-05-07 06:30:00,P+R Górka Narodowa,403.0,403,
2026-05-07 07:00:00,P+R Górka Narodowa,373.0,373,
2026-05-07 07:30:00,P+R Górka Narodowa,333.0,333,
2026-05-07 08:00:00,P+R Górka Narodowa,272.0,272,
2026-05-07 08:30:00,P+R Górka Narodowa,240.0,240,
2026-05-07 09:00:00,P+R Górka Narodowa,216.0,216,
2026-05-07 09:30:00,P+R Górka Narodowa,199.0,199,
2026-05-07 10:00:00,P+R Górka Narodowa,197.0,197,
2026-05-07 10:30:00,P+R Górka Narodowa,187.0,187,
2026-05-07 11:00:00,P+R Górka Narodowa,179.0,179,
2026-05-07 11:30:00,P+R Górka Narodowa,179.0,179,
2026-05-07 12:00:00,P+R Górka Narodowa,178.0,178,
2026-05-07 12:30:00,P+R Górka Narodowa,185.0,185,
2026-05-07 13:00:00,P+R Górka Narodowa,181.0,181,
2026-05-07 13:30:00,P+R Górka Narodowa,181.0,181,
2026-05-07 14:00:00,P+R Górka Narodowa,184.0,184,
2026-05-07 14:30:00,P+R Górka Narodowa,193.0,193,
2026-05-07 15:00:00,P+R Górka Narodowa,216.0,216,
2026-05-07 15:30:00,P+R Górka Narodowa,226.0,226,
2026-05-07 16:00:00,P+R Górka Narodowa,253.0,253,
2026-05-07 16:30:00,P+R Górka Narodowa,274.0,274,
2026-05-07 17:00:00,P+R Górka Narodowa,299.0,299,
2026-05-07 17:30:00,P+R Górka Narodowa,310.0,310,
2026-05-07 18:00:00,P+R Górka Narodowa,338.0,338,
2026-05-07 18:30:00,P+R Górka Narodowa,353.0,353,
2026-05-07 19:00:00,P+R Górka Narodowa,376.0,376,
2026-05-07 19:30:00,P+R Górka Narodowa,383.0,383,
2026-05-07 20:00:00,P+R Górka Narodowa,395.0,395,
2026-05-07 20:30:00,P+R Górka Narodowa,404.0,404,
2026-05-07 21:00:00,P+R Górka Narodowa,412.0,412,
2026-05-07 21:30:00,P+R Górka Narodowa,418.0,418,
2026-05-07 22:00:00,P+R Górka Narodowa,422.0,422,
2026-05-07 22:30:00,P+R Górka Narodowa,427.0,427,
2026-05-07 23:00:00,P+R Górka Narodowa,429.0,429,
2026-05-07 23:30:00,P+R Górka Narodowa,431.0,431,
2026-05-08 00:00:00,P+R Górka Narodowa,431.0,431,
2026-05-08 00:30:00,P+R Górka Narodowa,431.0,431,
2026-05-08 01:00:00,P+R Górka Narodowa,431.0,431,
2026-05-08 01:30:00,P+R Górka Narodowa,431.0,431,
2026-05-08 02:00:00,P+R Górka Narodowa,431.0,431,
2026-05-08 02:30:00,P+R Górka Narodowa,431.0,431,
2026-05-08 03:00:00,P+R Górka Narodowa,431.0,431,
2026-05-08 03:30:00,P+R Górka Narodowa,431.0,431,
2026-05-08 04:00:00,P+R Górka Narodowa,432.0,432,
2026-05-08 04:30:00,P+R Górka Narodowa,430.0,430,
2026-05-08 05:00:00,P+R Górka Narodowa,429.0,429,
2026-05-08 05:30:00,P+R Górka Narodowa,426.0,426,
2026-05-08 06:00:00,P+R Górka Narodowa,421.0,421,
2026-05-08 06:30:00,P+R Górka Narodowa,400.0,400,
2026-05-08 07:00:00,P+R Górka Narodowa,376.0,376,
2026-05-08 07:30:00,P+R Górka Narodowa,339.0,339,
2026-05-08 08:00:00,P+R Górka Narodowa,306.0,306,
2026-05-08 08:30:00,P+R Górka Narodowa,282.0,282,
2026-05-08 09:00:00,P+R Górka Narodowa,263.0,263,
2026-05-08 09:30:00,P+R Górka Narodowa,254.0,254,
2026-05-08 10:00:00,P+R Górka Narodowa,242.0,242,
2026-05-08 10:30:00,P+R Górka Narodowa,236.0,236,
2026-05-08 11:00:00,P+R Górka Narodowa,227.0,227,
2026-05-08 11:30:00,P+R Górka Narodowa,227.0,227,
2026-05-08 12:00:00,P+R Górka Narodowa,226.0,226,
2026-05-08 12:30:00,P+R Górka Narodowa,230.0,230,
2026-05-08 13:00:00,P+R Górka Narodowa,239.0,239,
2026-05-08 13:30:00,P+R Górka Narodowa,247.0,247,
2026-05-08 14:00:00,P+R Górka Narodowa,249.0,249,
2026-05-08 14:30:00,P+R Górka Narodowa,256.0,256,
2026-05-08 15:00:00,P+R Górka Narodowa,265.0,265,
2026-05-08 15:30:00,P+R Górka Narodowa,277.0,277,
2026-05-08 16:00:00,P+R Górka Narodowa,303.0,303,
2026-05-08 16:30:00,P+R Górka Narodowa,317.0,317,
2026-05-08 17:00:00,P+R Górka Narodowa,336.0,336,
2026-05-08 17:30:00,P+R Górka Narodowa,349.0,349,
2026-05-08 18:00:00,P+R Górka Narodowa,366.0,366,
2026-05-08 18:30:00,P+R Górka Narodowa,368.0,368,
2026-05-08 19:00:00,P+R Górka Narodowa,382.0,382,
2026-05-08 19:30:00,P+R Górka Narodowa,384.0,384,
2026-05-08 20:00:00,P+R Górka Narodowa,390.0,390,
2026-05-08 20:30:00,P+R Górka Narodowa,396.0,396,
2026-05-08 21:00:00,P+R Górka Narodowa,404.0,404,
2026-05-08 21:30:00,P+R Górka Narodowa,408.0,408,
2026-05-08 22:00:00,P+R Górka Narodowa,417.0,417,
2026-05-08 22:30:00,P+R Górka Narodowa,419.0,419,
2026-05-08 23:00:00,P+R Górka Narodowa,425.0,425,
2026-05-08 23:30:00,P+R Górka Narodowa,426.0,426,
2026-05-09 00:00:00,P+R Górka Narodowa,429.0,429,
2026-05-09 00:30:00,P+R Górka Narodowa,430.0,430,
2026-05-09 01:00:00,P+R Górka Narodowa,430.0,430,
2026-05-09 01:30:00,P+R Górka Narodowa,430.0,430,
2026-05-09 02:00:00,P+R Górka Narodowa,431.0,431,
2026-05-09 02:30:00,P+R Górka Narodowa,431.0,431,
2026-05-09 03:00:00,P+R Górka Narodowa,432.0,432,
2026-05-09 03:30:00,P+R Górka Narodowa,432.0,432,
2026-05-09 04:00:00,P+R Górka Narodowa,432.0,432,
2026-05-09 04:30:00,P+R Górka Narodowa,431.0,431,
2026-05-09 05:00:00,P+R Górka Narodowa,430.0,430,
2026-05-09 05:30:00,P+R Górka Narodowa,428.0,428,
2026-05-09 06:00:00,P+R Górka Narodowa,425.0,425,
2026-05-09 06:30:00,P+R Górka Narodowa,424.0,424,
2026-05-09 07:00:00,P+R Górka Narodowa,424.0,424,
2026-05-09 07:30:00,P+R Górka Narodowa,420.0,420,
2026-05-09 08:00:00,P+R Górka Narodowa,410.0,410,
2026-05-09 08:30:00,P+R Górka Narodowa,400.0,400,
2026-05-09 09:00:00,P+R Górka Narodowa,397.0,397,
2026-05-09 09:30:00,P+R Górka Narodowa,395.0,395,
2026-05-09 10:00:00,P+R Górka Narodowa,392.0,392,
2026-05-09 10:30:00,P+R Górka Narodowa,390.0,390,
2026-05-09 11:00:00,P+R Górka Narodowa,390.0,390,
2026-05-09 11:30:00,P+R Górka Narodowa,388.0,388,
2026-05-09 12:00:00,P+R Górka Narodowa,384.0,384,
2026-05-09 12:30:00,P+R Górka Narodowa,383.0,383,
2026-05-09 13:00:00,P+R Górka Narodowa,388.0,388,
2026-05-09 13:30:00,P+R Górka Narodowa,388.0,388,
2026-05-09 14:00:00,P+R Górka Narodowa,389.0,389,
2026-05-09 14:30:00,P+R Górka Narodowa,387.0,387,
2026-05-09 15:00:00,P+R Górka Narodowa,390.0,390,
2026-05-09 15:30:00,P+R Górka Narodowa,392.0,392,
2026-05-09 16:00:00,P+R Górka Narodowa,392.0,392,
2026-05-09 16:30:00,P+R Górka Narodowa,397.0,397,
2026-05-09 17:00:00,P+R Górka Narodowa,395.0,395,
2026-05-09 17:30:00,P+R Górka Narodowa,398.0,398,
2026-05-09 18:00:00,P+R Górka Narodowa,397.0,397,
2026-05-09 18:30:00,P+R Górka Narodowa,400.0,400,
2026-05-09 19:00:00,P+R Górka Narodowa,404.0,404,
2026-05-09 19:30:00,P+R Górka Narodowa,409.0,409,
2026-05-09 20:00:00,P+R Górka Narodowa,415.0,415,
2026-05-09 20:30:00,P+R Górka Narodowa,417.0,417,
2026-05-09 21:00:00,P+R Górka Narodowa,420.0,420,
2026-05-09 21:30:00,P+R Górka Narodowa,411.0,411,
2026-05-09 22:00:00,P+R Górka Narodowa,420.0,420,
2026-05-09 22:30:00,P+R Górka Narodowa,427.0,427,
2026-05-09 23:00:00,P+R Górka Narodowa,428.0,428,
2026-05-09 23:30:00,P+R Górka Narodowa,429.0,429,
2026-05-10 00:00:00,P+R Górka Narodowa,431.0,431,
2026-05-10 00:30:00,P+R Górka Narodowa,436.0,436,
2026-05-10 01:00:00,P+R Górka Narodowa,436.0,436,
2026-05-10 01:30:00,P+R Górka Narodowa,436.0,436,
2026-05-10 02:00:00,P+R Górka Narodowa,436.0,436,
2026-05-10 02:30:00,P+R Górka Narodowa,436.0,436,
2026-05-10 03:00:00,P+R Górka Narodowa,436.0,436,
2026-05-10 03:30:00,P+R Górka Narodowa,436.0,436,
2026-05-10 04:00:00,P+R Górka Narodowa,436.0,436,
2026-05-10 04:30:00,P+R Górka Narodowa,436.0,436,
2026-05-10 05:00:00,P+R Górka Narodowa,436.0,436,
2026-05-10 05:30:00,P+R Górka Narodowa,,436,forward_fill
2026-05-10 06:00:00,P+R Górka Narodowa,436.0,436,
2026-05-10 06:30:00,P+R Górka Narodowa,435.0,435,
2026-05-10 07:00:00,P+R Górka Narodowa,433.0,433,
2026-05-10 07:30:00,P+R Górka Narodowa,432.0,432,
2026-05-10 08:00:00,P+R Górka Narodowa,431.0,431,
2026-05-10 08:30:00,P+R Górka Narodowa,424.0,424,
2026-05-10 09:00:00,P+R Górka Narodowa,420.0,420,
2026-05-10 09:30:00,P+R Górka Narodowa,418.0,418,
2026-05-10 10:00:00,P+R Górka Narodowa,414.0,414,
2026-05-10 10:30:00,P+R Górka Narodowa,414.0,414,
2026-05-10 11:00:00,P+R Górka Narodowa,409.0,409,
2026-05-10 11:30:00,P+R Górka Narodowa,405.0,405,
2026-05-10 12:00:00,P+R Górka Narodowa,402.0,402,
2026-05-10 12:30:00,P+R Górka Narodowa,400.0,400,
2026-05-10 13:00:00,P+R Górka Narodowa,404.0,404,
2026-05-10 13:30:00,P+R Górka Narodowa,402.0,402,
2026-05-10 14:00:00,P+R Górka Narodowa,404.0,404,
2026-05-10 14:30:00,P+R Górka Narodowa,406.0,406,
2026-05-10 15:00:00,P+R Górka Narodowa,406.0,406,
2026-05-10 15:30:00,P+R Górka Narodowa,408.0,408,
2026-05-10 16:00:00,P+R Górka Narodowa,410.0,410,
2026-05-10 16:30:00,P+R Górka Narodowa,416.0,416,
2026-05-10 17:00:00,P+R Górka Narodowa,413.0,413,
2026-05-10 17:30:00,P+R Górka Narodowa,411.0,411,
2026-05-10 18:00:00,P+R Górka Narodowa,409.0,409,
2026-05-10 18:30:00,P+R Górka Narodowa,410.0,410,
2026-05-10 19:00:00,P+R Górka Narodowa,411.0,411,
2026-05-10 19:30:00,P+R Górka Narodowa,410.0,410,
2026-05-10 20:00:00,P+R Górka Narodowa,416.0,416,
2026-05-10 20:30:00,P+R Górka Narodowa,419.0,419,
2026-05-10 21:00:00,P+R Górka Narodowa,425.0,425,
2026-05-10 21:30:00,P+R Górka Narodowa,426.0,426,
2026-05-10 22:00:00,P+R Górka Narodowa,431.0,431,
2026-05-10 22:30:00,P+R Górka Narodowa,432.0,432,
2026-05-10 23:00:00,P+R Górka Narodowa,433.0,433,
2026-05-10 23:30:00,P+R Górka Narodowa,436.0,436,
2026-05-11 00:00:00,P+R Górka Narodowa,436.0,436,
2026-05-11 00:30:00,P+R Górka Narodowa,436.0,436,
2026-05-11 01:00:00,P+R Górka Narodowa,436.0,436,
2026-05-11 01:30:00,P+R Górka Narodowa,436.0,436,
2026-05-11 02:00:00,P+R Górka Narodowa,436.0,436,
2026-05-11 02:30:00,P+R Górka Narodowa,436.0,436,
2026-05-11 03:00:00,P+R Górka Narodowa,436.0,436,
2026-05-11 03:30:00,P+R Górka Narodowa,436.0,436,
2026-05-11 04:00:00,P+R Górka Narodowa,436.0,436,
2026-05-11 04:30:00,P+R Górka Narodowa,435.0,435,
2026-05-11 05:00:00,P+R Górka Narodowa,433.0,433,
2026-05-11 05:30:00,P+R Górka Narodowa,431.0,431,
2026-05-11 06:00:00,P+R Górka Narodowa,423.0,423,
2026-05-11 06:30:00,P+R Górka Narodowa,404.0,404,
2026-05-11 07:00:00,P+R Górka Narodowa,373.0,373,
2026-05-11 07:30:00,P+R Górka Narodowa,326.0,326,
2026-05-11 08:00:00,P+R Górka Narodowa,280.0,280,
2026-05-11 08:30:00,P+R Górka Narodowa,257.0,257,
2026-05-11 09:00:00,P+R Górka Narodowa,238.0,238,
2026-05-11 09:30:00,P+R Górka Narodowa,219.0,219,
2026-05-11 10:00:00,P+R Górka Narodowa,210.0,210,
2026-05-11 10:30:00,P+R Górka Narodowa,206.0,206,
2026-05-11 11:00:00,P+R Górka Narodowa,196.0,196,
2026-05-11 11:30:00,P+R Górka Narodowa,193.0,193,
2026-05-11 12:00:00,P+R Górka Narodowa,199.0,199,
2026-05-11 12:30:00,P+R Górka Narodowa,195.0,195,
2026-05-11 13:00:00,P+R Górka Narodowa,195.0,195,
2026-05-11 13:30:00,P+R Górka Narodowa,198.0,198,
2026-05-11 14:00:00,P+R Górka Narodowa,209.0,209,
2026-05-11 14:30:00,P+R Górka Narodowa,208.0,208,
2026-05-11 15:00:00,P+R Górka Narodowa,220.0,220,
2026-05-11 15:30:00,P+R Górka Narodowa,232.0,232,
2026-05-11 16:00:00,P+R Górka Narodowa,267.0,267,
2026-05-11 16:30:00,P+R Górka Narodowa,282.0,282,
2026-05-11 17:00:00,P+R Górka Narodowa,318.0,318,
2026-05-11 17:30:00,P+R Górka Narodowa,335.0,335,
2026-05-11 18:00:00,P+R Górka Narodowa,357.0,357,
2026-05-11 18:30:00,P+R Górka Narodowa,369.0,369,
2026-05-11 19:00:00,P+R Górka Narodowa,384.0,384,
2026-05-11 19:30:00,P+R Górka Narodowa,389.0,389,
2026-05-11 20:00:00,P+R Górka Narodowa,405.0,405,
2026-05-11 20:30:00,P+R Górka Narodowa,414.0,414,
2026-05-11 21:00:00,P+R Górka Narodowa,416.0,416,
2026-05-11 21:30:00,P+R Górka Narodowa,419.0,419,
2026-05-11 22:00:00,P+R Górka Narodowa,424.0,424,
2026-05-11 22:30:00,P+R Górka Narodowa,428.0,428,
2026-05-11 23:00:00,P+R Górka Narodowa,433.0,433,
2026-05-11 23:30:00,P+R Górka Narodowa,435.0,435,
2026-05-12 00:00:00,P+R Górka Narodowa,435.0,435,
2026-05-12 00:30:00,P+R Górka Narodowa,435.0,435,
2026-05-12 01:00:00,P+R Górka Narodowa,435.0,435,
2026-05-12 01:30:00,P+R Górka Narodowa,435.0,435,
2026-05-12 02:00:00,P+R Górka Narodowa,435.0,435,
2026-05-12 02:30:00,P+R Górka Narodowa,435.0,435,
2026-05-12 03:00:00,P+R Górka Narodowa,435.0,435,
2026-05-12 03:30:00,P+R Górka Narodowa,435.0,435,
2026-05-12 04:00:00,P+R Górka Narodowa,435.0,435,
2026-05-12 04:30:00,P+R Górka Narodowa,435.0,435,
2026-05-12 05:00:00,P+R Górka Narodowa,,435,forward_fill
2026-05-12 05:30:00,P+R Górka Narodowa,430.0,430,
2026-05-12 06:00:00,P+R Górka Narodowa,421.0,421,
2026-05-12 06:30:00,P+R Górka Narodowa,403.0,403,
2026-05-12 07:00:00,P+R Górka Narodowa,365.0,365,
2026-05-12 07:30:00,P+R Górka Narodowa,316.0,316,
2026-05-12 08:00:00,P+R Górka Narodowa,270.0,270,
2026-05-12 08:30:00,P+R Górka Narodowa,239.0,239,
2026-05-12 09:00:00,P+R Górka Narodowa,212.0,212,
2026-05-12 09:30:00,P+R Górka Narodowa,191.0,191,
2026-05-12 10:00:00,P+R Górka Narodowa,183.0,183,
2026-05-12 10:30:00,P+R Górka Narodowa,170.0,170,
2026-05-12 11:00:00,P+R Górka Narodowa,159.0,159,
2026-05-12 11:30:00,P+R Górka Narodowa,156.0,156,
2026-05-12 12:00:00,P+R Górka Narodowa,161.0,161,
2026-05-12 12:30:00,P+R Górka Narodowa,157.0,157,
2026-05-12 13:00:00,P+R Górka Narodowa,156.0,156,
2026-05-12 13:30:00,P+R Górka Narodowa,164.0,164,
2026-05-12 14:00:00,P+R Górka Narodowa,174.0,174,
2026-05-12 14:30:00,P+R Górka Narodowa,180.0,180,
2026-05-12 15:00:00,P+R Górka Narodowa,194.0,194,
2026-05-12 15:30:00,P+R Górka Narodowa,205.0,205,
2026-05-12 16:00:00,P+R Górka Narodowa,236.0,236,
2026-05-12 16:30:00,P+R Górka Narodowa,258.0,258,
2026-05-12 17:00:00,P+R Górka Narodowa,305.0,305,
2026-05-12 17:30:00,P+R Górka Narodowa,319.0,319,
2026-05-12 18:00:00,P+R Górka Narodowa,343.0,343,
2026-05-12 18:30:00,P+R Górka Narodowa,,343,forward_fill
2026-05-12 19:00:00,P+R Górka Narodowa,369.0,369,
2026-05-12 19:30:00,P+R Górka Narodowa,379.0,379,
2026-05-12 20:00:00,P+R Górka Narodowa,389.0,389,
2026-05-12 20:30:00,P+R Górka Narodowa,396.0,396,
2026-05-12 21:00:00,P+R Górka Narodowa,407.0,407,
2026-05-12 21:30:00,P+R Górka Narodowa,413.0,413,
2026-05-12 22:00:00,P+R Górka Narodowa,422.0,422,
2026-05-12 22:30:00,P+R Górka Narodowa,426.0,426,
2026-05-12 23:00:00,P+R Górka Narodowa,430.0,430,
2026-05-12 23:30:00,P+R Górka Narodowa,436.0,436,
2026-05-13 00:00:00,P+R Górka Narodowa,436.0,436,
2026-05-13 00:30:00,P+R Górka Narodowa,436.0,436,
2026-05-13 01:00:00,P+R Górka Narodowa,436.0,436,
2026-05-13 01:30:00,P+R Górka Narodowa,436.0,436,
2026-05-13 02:00:00,P+R Górka Narodowa,436.0,436,
2026-05-13 02:30:00,P+R Górka Narodowa,436.0,436,
2026-05-13 03:00:00,P+R Górka Narodowa,436.0,436,
2026-05-13 03:30:00,P+R Górka Narodowa,436.0,436,
2026-05-13 04:00:00,P+R Górka Narodowa,436.0,436,
2026-05-13 04:30:00,P+R Górka Narodowa,435.0,435,
2026-05-13 05:00:00,P+R Górka Narodowa,433.0,433,
2026-05-13 05:30:00,P+R Górka Narodowa,431.0,431,
2026-05-13 06:00:00,P+R Górka Narodowa,426.0,426,
2026-05-13 06:30:00,P+R Górka Narodowa,404.0,404,
2026-05-13 07:00:00,P+R Górka Narodowa,356.0,356,
2026-05-13 07:30:00,P+R Górka Narodowa,304.0,304,
2026-05-13 08:00:00,P+R Górka Narodowa,267.0,267,
2026-05-13 08:30:00,P+R Górka Narodowa,242.0,242,
2026-05-13 09:00:00,P+R Górka Narodowa,218.0,218,
2026-05-13 09:30:00,P+R Górka Narodowa,196.0,196,
2026-05-13 10:00:00,P+R Górka Narodowa,188.0,188,
2026-05-13 10:30:00,P+R Górka Narodowa,181.0,181,
2026-05-13 11:00:00,P+R Górka Narodowa,164.0,164,
2026-05-13 11:30:00,P+R Górka Narodowa,167.0,167,
2026-05-13 12:00:00,P+R Górka Narodowa,171.0,171,
2026-05-13 12:30:00,P+R Górka Narodowa,167.0,167,
2026-05-13 13:00:00,P+R Górka Narodowa,169.0,169,
2026-05-13 13:30:00,P+R Górka Narodowa,173.0,173,
2026-05-13 14:00:00,P+R Górka Narodowa,181.0,181,
2026-05-13 14:30:00,P+R Górka Narodowa,179.0,179,
2026-05-13 15:00:00,P+R Górka Narodowa,196.0,196,
2026-05-13 15:30:00,P+R Górka Narodowa,212.0,212,
2026-05-13 16:00:00,P+R Górka Narodowa,237.0,237,
2026-05-13 16:30:00,P+R Górka Narodowa,262.0,262,
2026-05-13 17:00:00,P+R Górka Narodowa,285.0,285,
2026-05-13 17:30:00,P+R Górka Narodowa,309.0,309,
2026-05-13 18:00:00,P+R Górka Narodowa,321.0,321,
2026-05-13 18:30:00,P+R Górka Narodowa,331.0,331,
2026-05-13 19:00:00,P+R Górka Narodowa,346.0,346,
2026-05-13 19:30:00,P+R Górka Narodowa,360.0,360,
2026-05-13 20:00:00,P+R Górka Narodowa,372.0,372,
2026-05-13 20:30:00,P+R Górka Narodowa,384.0,384,
2026-05-13 21:00:00,P+R Górka Narodowa,391.0,391,
2026-05-13 21:30:00,P+R Górka Narodowa,404.0,404,
2026-05-13 22:00:00,P+R Górka Narodowa,413.0,413,
2026-05-13 22:30:00,P+R Górka Narodowa,420.0,420,
2026-05-13 23:00:00,P+R Górka Narodowa,423.0,423,
2026-05-13 23:30:00,P+R Górka Narodowa,421.0,421,
2026-05-14 00:00:00,P+R Górka Narodowa,427.0,427,
2026-05-14 00:30:00,P+R Górka Narodowa,434.0,434,
2026-05-14 01:00:00,P+R Górka Narodowa,435.0,435,
2026-05-14 01:30:00,P+R Górka Narodowa,435.0,435,
2026-05-14 02:00:00,P+R Górka Narodowa,435.0,435,
2026-05-14 02:30:00,P+R Górka Narodowa,435.0,435,
2026-05-14 03:00:00,P+R Górka Narodowa,435.0,435,
2026-05-14 03:30:00,P+R Górka Narodowa,436.0,436,
2026-05-14 04:00:00,P+R Górka Narodowa,436.0,436,
2026-05-14 04:30:00,P+R Górka Narodowa,435.0,435,
2026-05-14 05:00:00,P+R Górka Narodowa,434.0,434,
2026-05-14 05:30:00,P+R Górka Narodowa,432.0,432,
2026-05-14 06:00:00,P+R Górka Narodowa,426.0,426,
2026-05-14 06:30:00,P+R Górka Narodowa,405.0,405,
2026-05-14 07:00:00,P+R Górka Narodowa,376.0,376,
2026-05-14 07:30:00,P+R Górka Narodowa,344.0,344,
2026-05-14 08:00:00,P+R Górka Narodowa,318.0,318,
2026-05-14 08:30:00,P+R Górka Narodowa,286.0,286,
2026-05-14 09:00:00,P+R Górka Narodowa,256.0,256,
2026-05-14 09:30:00,P+R Górka Narodowa,240.0,240,
2026-05-14 10:00:00,P+R Górka Narodowa,227.0,227,
2026-05-14 10:30:00,P+R Górka Narodowa,222.0,222,
2026-05-14 11:00:00,P+R Górka Narodowa,212.0,212,
2026-05-14 11:30:00,P+R Górka Narodowa,204.0,204,
2026-05-14 12:00:00,P+R Górka Narodowa,209.0,209,
2026-05-14 12:30:00,P+R Górka Narodowa,197.0,197,
2026-05-14 13:00:00,P+R Górka Narodowa,195.0,195,
2026-05-14 13:30:00,P+R Górka Narodowa,190.0,190,
2026-05-14 14:00:00,P+R Górka Narodowa,208.0,208,
2026-05-14 14:30:00,P+R Górka Narodowa,207.0,207,
2026-05-14 15:00:00,P+R Górka Narodowa,217.0,217,
2026-05-14 15:30:00,P+R Górka Narodowa,233.0,233,
2026-05-14 16:00:00,P+R Górka Narodowa,256.0,256,
2026-05-14 16:30:00,P+R Górka Narodowa,272.0,272,
2026-05-14 17:00:00,P+R Górka Narodowa,304.0,304,
2026-05-14 17:30:00,P+R Górka Narodowa,311.0,311,
2026-05-14 18:00:00,P+R Górka Narodowa,331.0,331,
2026-05-14 18:30:00,P+R Górka Narodowa,349.0,349,
2026-05-14 19:00:00,P+R Górka Narodowa,372.0,372,
2026-05-14 19:30:00,P+R Górka Narodowa,381.0,381,
2026-05-14 20:00:00,P+R Górka Narodowa,387.0,387,
2026-05-14 20:30:00,P+R Górka Narodowa,400.0,400,
2026-05-14 21:00:00,P+R Górka Narodowa,407.0,407,
2026-05-14 21:30:00,P+R Górka Narodowa,416.0,416,
2026-05-14 22:00:00,P+R Górka Narodowa,421.0,421,
2026-05-14 22:30:00,P+R Górka Narodowa,423.0,423,
2026-05-14 23:00:00,P+R Górka Narodowa,428.0,428,
2026-05-14 23:30:00,P+R Górka Narodowa,430.0,430,
2026-05-15 00:00:00,P+R Górka Narodowa,,430,forward_fill
2026-05-15 00:30:00,P+R Górka Narodowa,,430,forward_fill
2026-05-15 01:00:00,P+R Górka Narodowa,431.0,431,
2026-05-15 01:30:00,P+R Górka Narodowa,432.0,432,
2026-05-15 02:00:00,P+R Górka Narodowa,432.0,432,
2026-05-15 02:30:00,P+R Górka Narodowa,432.0,432,
2026-05-15 03:00:00,P+R Górka Narodowa,432.0,432,
2026-05-15 03:30:00,P+R Górka Narodowa,432.0,432,
2026-05-15 04:00:00,P+R Górka Narodowa,432.0,432,
2026-05-15 04:30:00,P+R Górka Narodowa,432.0,432,
2026-05-15 05:00:00,P+R Górka Narodowa,430.0,430,
2026-05-15 05:30:00,P+R Górka Narodowa,427.0,427,
2026-05-15 06:00:00,P+R Górka Narodowa,424.0,424,
2026-05-15 06:30:00,P+R Górka Narodowa,409.0,409,
2026-05-15 07:00:00,P+R Górka Narodowa,382.0,382,
2026-05-15 07:30:00,P+R Górka Narodowa,345.0,345,
2026-05-15 08:00:00,P+R Górka Narodowa,301.0,301,
2026-05-15 08:30:00,P+R Górka Narodowa,285.0,285,
2026-05-15 09:00:00,P+R Górka Narodowa,259.0,259,
2026-05-15 09:30:00,P+R Górka Narodowa,244.0,244,
2026-05-15 10:00:00,P+R Górka Narodowa,235.0,235,
2026-05-15 10:30:00,P+R Górka Narodowa,225.0,225,
2026-05-15 11:00:00,P+R Górka Narodowa,223.0,223,
2026-05-15 11:30:00,P+R Górka Narodowa,220.0,220,
2026-05-15 12:00:00,P+R Górka Narodowa,227.0,227,
2026-05-15 12:30:00,P+R Górka Narodowa,230.0,230,
2026-05-15 13:00:00,P+R Górka Narodowa,238.0,238,
2026-05-15 13:30:00,P+R Górka Narodowa,239.0,239,
2026-05-15 14:00:00,P+R Górka Narodowa,248.0,248,
2026-05-15 14:30:00,P+R Górka Narodowa,250.0,250,
2026-05-15 15:00:00,P+R Górka Narodowa,261.0,261,
2026-05-15 15:30:00,P+R Górka Narodowa,276.0,276,
2026-05-15 16:00:00,P+R Górka Narodowa,303.0,303,
2026-05-15 16:30:00,P+R Górka Narodowa,313.0,313,
2026-05-15 17:00:00,P+R Górka Narodowa,335.0,335,
2026-05-15 17:30:00,P+R Górka Narodowa,348.0,348,
2026-05-15 18:00:00,P+R Górka Narodowa,349.0,349,
2026-05-15 18:30:00,P+R Górka Narodowa,355.0,355,
2026-05-15 19:00:00,P+R Górka Narodowa,366.0,366,
2026-05-15 19:30:00,P+R Górka Narodowa,373.0,373,
2026-05-15 20:00:00,P+R Górka Narodowa,380.0,380,
2026-05-15 20:30:00,P+R Górka Narodowa,388.0,388,
2026-05-15 21:00:00,P+R Górka Narodowa,401.0,401,
2026-05-15 21:30:00,P+R Górka Narodowa,407.0,407,
2026-05-15 22:00:00,P+R Górka Narodowa,418.0,418,
2026-05-15 22:30:00,P+R Górka Narodowa,426.0,426,
2026-05-15 23:00:00,P+R Górka Narodowa,428.0,428,
2026-05-15 23:30:00,P+R Górka Narodowa,430.0,430,
2026-05-16 00:00:00,P+R Górka Narodowa,432.0,432,
2026-05-16 00:30:00,P+R Górka Narodowa,435.0,435,
2026-05-16 01:00:00,P+R Górka Narodowa,436.0,436,
2026-05-16 01:30:00,P+R Górka Narodowa,436.0,436,
2026-05-16 02:00:00,P+R Górka Narodowa,436.0,436,
2026-05-16 02:30:00,P+R Górka Narodowa,436.0,436,
2026-05-16 03:00:00,P+R Górka Narodowa,436.0,436,
2026-05-16 03:30:00,P+R Górka Narodowa,436.0,436,
2026-05-16 04:00:00,P+R Górka Narodowa,436.0,436,
2026-05-16 04:30:00,P+R Górka Narodowa,435.0,435,
2026-05-16 05:00:00,P+R Górka Narodowa,434.0,434,
2026-05-16 05:30:00,P+R Górka Narodowa,433.0,433,
2026-05-16 06:00:00,P+R Górka Narodowa,431.0,431,
2026-05-16 06:30:00,P+R Górka Narodowa,430.0,430,
2026-05-16 07:00:00,P+R Górka Narodowa,427.0,427,
2026-05-16 07:30:00,P+R Górka Narodowa,423.0,423,
2026-05-16 08:00:00,P+R Górka Narodowa,416.0,416,
2026-05-16 08:30:00,P+R Górka Narodowa,409.0,409,
2026-05-16 09:00:00,P+R Górka Narodowa,403.0,403,
2026-05-16 09:30:00,P+R Górka Narodowa,399.0,399,
2026-05-16 10:00:00,P+R Górka Narodowa,392.0,392,
2026-05-16 10:30:00,P+R Górka Narodowa,388.0,388,
2026-05-16 11:00:00,P+R Górka Narodowa,387.0,387,
2026-05-16 11:30:00,P+R Górka Narodowa,387.0,387,
2026-05-16 12:00:00,P+R Górka Narodowa,386.0,386,
2026-05-16 12:30:00,P+R Górka Narodowa,383.0,383,
2026-05-16 13:00:00,P+R Górka Narodowa,381.0,381,
2026-05-16 13:30:00,P+R Górka Narodowa,384.0,384,
2026-05-16 14:00:00,P+R Górka Narodowa,385.0,385,
2026-05-16 14:30:00,P+R Górka Narodowa,387.0,387,
2026-05-16 15:00:00,P+R Górka Narodowa,389.0,389,
2026-05-16 15:30:00,P+R Górka Narodowa,387.0,387,
2026-05-16 16:00:00,P+R Górka Narodowa,388.0,388,
2026-05-16 16:30:00,P+R Górka Narodowa,388.0,388,
2026-05-16 17:00:00,P+R Górka Narodowa,388.0,388,
2026-05-16 17:30:00,P+R Górka Narodowa,387.0,387,
2026-05-16 18:00:00,P+R Górka Narodowa,392.0,392,
2026-05-16 18:30:00,P+R Górka Narodowa,399.0,399,
2026-05-16 19:00:00,P+R Górka Narodowa,404.0,404,
2026-05-16 19:30:00,P+R Górka Narodowa,405.0,405,
2026-05-16 20:00:00,P+R Górka Narodowa,,405,forward_fill
2026-05-16 20:30:00,P+R Górka Narodowa,411.0,411,
2026-05-16 21:00:00,P+R Górka Narodowa,417.0,417,
2026-05-16 21:30:00,P+R Górka Narodowa,418.0,418,
2026-05-16 22:00:00,P+R Górka Narodowa,422.0,422,
2026-05-16 22:30:00,P+R Górka Narodowa,424.0,424,
2026-05-16 23:00:00,P+R Górka Narodowa,429.0,429,
2026-05-16 23:30:00,P+R Górka Narodowa,432.0,432,
2026-05-17 00:00:00,P+R Górka Narodowa,434.0,434,
2026-05-17 00:30:00,P+R Górka Narodowa,434.0,434,
2026-05-17 01:00:00,P+R Górka Narodowa,434.0,434,
2026-05-17 01:30:00,P+R Górka Narodowa,435.0,435,
2026-05-17 02:00:00,P+R Górka Narodowa,435.0,435,
2026-05-17 02:30:00,P+R Górka Narodowa,435.0,435,
2026-05-17 03:00:00,P+R Górka Narodowa,435.0,435,
2026-05-17 03:30:00,P+R Górka Narodowa,435.0,435,
2026-05-17 04:00:00,P+R Górka Narodowa,435.0,435,
2026-05-17 04:30:00,P+R Górka Narodowa,435.0,435,
2026-05-17 05:00:00,P+R Górka Narodowa,435.0,435,
2026-05-17 05:30:00,P+R Górka Narodowa,434.0,434,
2026-05-17 06:00:00,P+R Górka Narodowa,433.0,433,
2026-05-17 06:30:00,P+R Górka Narodowa,433.0,433,
2026-05-17 07:00:00,P+R Górka Narodowa,429.0,429,
2026-05-17 07:30:00,P+R Górka Narodowa,424.0,424,
2026-05-17 08:00:00,P+R Górka Narodowa,420.0,420,
2026-05-17 08:30:00,P+R Górka Narodowa,417.0,417,
2026-05-17 09:00:00,P+R Górka Narodowa,413.0,413,
2026-05-17 09:30:00,P+R Górka Narodowa,410.0,410,
2026-05-17 10:00:00,P+R Górka Narodowa,407.0,407,
2026-05-17 10:30:00,P+R Górka Narodowa,408.0,408,
2026-05-17 11:00:00,P+R Górka Narodowa,408.0,408,
2026-05-17 11:30:00,P+R Górka Narodowa,405.0,405,
2026-05-17 12:00:00,P+R Górka Narodowa,404.0,404,
2026-05-17 12:30:00,P+R Górka Narodowa,401.0,401,
2026-05-17 13:00:00,P+R Górka Narodowa,399.0,399,
2026-05-17 13:30:00,P+R Górka Narodowa,394.0,394,
2026-05-17 14:00:00,P+R Górka Narodowa,392.0,392,
2026-05-17 14:30:00,P+R Górka Narodowa,390.0,390,
2026-05-17 15:00:00,P+R Górka Narodowa,391.0,391,
2026-05-17 15:30:00,P+R Górka Narodowa,390.0,390,
2026-05-17 16:00:00,P+R Górka Narodowa,388.0,388,
2026-05-17 16:30:00,P+R Górka Narodowa,388.0,388,
2026-05-17 17:00:00,P+R Górka Narodowa,388.0,388,
2026-05-17 17:30:00,P+R Górka Narodowa,389.0,389,
2026-05-17 18:00:00,P+R Górka Narodowa,389.0,389,
2026-05-17 18:30:00,P+R Górka Narodowa,391.0,391,
2026-05-17 19:00:00,P+R Górka Narodowa,397.0,397,
2026-05-17 19:30:00,P+R Górka Narodowa,398.0,398,
2026-05-17 20:00:00,P+R Górka Narodowa,404.0,404,
2026-05-17 20:30:00,P+R Górka Narodowa,411.0,411,
2026-05-17 21:00:00,P+R Górka Narodowa,416.0,416,
2026-05-17 21:30:00,P+R Górka Narodowa,418.0,418,
2026-05-17 22:00:00,P+R Górka Narodowa,421.0,421,
2026-05-17 22:30:00,P+R Górka Narodowa,421.0,421,
2026-05-17 23:00:00,P+R Górka Narodowa,425.0,425,
2026-05-17 23:30:00,P+R Górka Narodowa,425.0,425,
2026-05-18 00:00:00,P+R Górka Narodowa,,425,forward_fill
2026-05-18 00:30:00,P+R Górka Narodowa,,425,forward_fill
2026-05-18 01:00:00,P+R Górka Narodowa,427.0,427,
2026-05-18 01:30:00,P+R Górka Narodowa,437.0,437,
2026-05-18 02:00:00,P+R Górka Narodowa,437.0,437,
2026-05-18 02:30:00,P+R Górka Narodowa,437.0,437,
2026-05-18 03:00:00,P+R Górka Narodowa,437.0,437,
2026-05-18 03:30:00,P+R Górka Narodowa,437.0,437,
2026-05-18 04:00:00,P+R Górka Narodowa,437.0,437,
2026-05-18 04:30:00,P+R Górka Narodowa,436.0,436,
2026-05-18 05:00:00,P+R Górka Narodowa,436.0,436,
2026-05-18 05:30:00,P+R Górka Narodowa,431.0,431,
2026-05-18 06:00:00,P+R Górka Narodowa,422.0,422,
2026-05-18 06:30:00,P+R Górka Narodowa,405.0,405,
2026-05-18 07:00:00,P+R Górka Narodowa,364.0,364,
2026-05-18 07:30:00,P+R Górka Narodowa,323.0,323,
2026-05-18 08:00:00,P+R Górka Narodowa,287.0,287,
2026-05-18 08:30:00,P+R Górka Narodowa,262.0,262,
2026-05-18 09:00:00,P+R Górka Narodowa,241.0,241,
2026-05-18 09:30:00,P+R Górka Narodowa,221.0,221,
2026-05-18 10:00:00,P+R Górka Narodowa,211.0,211,
2026-05-18 10:30:00,P+R Górka Narodowa,202.0,202,
2026-05-18 11:00:00,P+R Górka Narodowa,193.0,193,
2026-05-18 11:30:00,P+R Górka Narodowa,190.0,190,
2026-05-18 12:00:00,P+R Górka Narodowa,190.0,190,
2026-05-18 12:30:00,P+R Górka Narodowa,187.0,187,
2026-05-18 13:00:00,P+R Górka Narodowa,186.0,186,
2026-05-18 13:30:00,P+R Górka Narodowa,189.0,189,
2026-05-18 14:00:00,P+R Górka Narodowa,193.0,193,
2026-05-18 14:30:00,P+R Górka Narodowa,192.0,192,
2026-05-18 15:00:00,P+R Górka Narodowa,207.0,207,
2026-05-18 15:30:00,P+R Górka Narodowa,222.0,222,
2026-05-18 16:00:00,P+R Górka Narodowa,255.0,255,
2026-05-18 16:30:00,P+R Górka Narodowa,268.0,268,
2026-05-18 17:00:00,P+R Górka Narodowa,300.0,300,
2026-05-18 17:30:00,P+R Górka Narodowa,315.0,315,
2026-05-18 18:00:00,P+R Górka Narodowa,,315,forward_fill
2026-05-18 18:30:00,P+R Górka Narodowa,,315,forward_fill
2026-05-18 19:00:00,P+R Górka Narodowa,381.0,381,
2026-05-18 19:30:00,P+R Górka Narodowa,392.0,392,
2026-05-18 20:00:00,P+R Górka Narodowa,404.0,404,
2026-05-18 20:30:00,P+R Górka Narodowa,409.0,409,
2026-05-18 21:00:00,P+R Górka Narodowa,423.0,423,
2026-05-18 21:30:00,P+R Górka Narodowa,427.0,427,
2026-05-18 22:00:00,P+R Górka Narodowa,431.0,431,
2026-05-18 22:30:00,P+R Górka Narodowa,435.0,435,
2026-05-18 23:00:00,P+R Górka Narodowa,436.0,436,
2026-05-18 23:30:00,P+R Górka Narodowa,436.0,436,
2026-05-19 00:00:00,P+R Górka Narodowa,436.0,436,
2026-05-19 00:30:00,P+R Górka Narodowa,437.0,437,
2026-05-19 01:00:00,P+R Górka Narodowa,437.0,437,
2026-05-19 01:30:00,P+R Górka Narodowa,437.0,437,
2026-05-19 02:00:00,P+R Górka Narodowa,437.0,437,
2026-05-19 02:30:00,P+R Górka Narodowa,437.0,437,
2026-05-19 03:00:00,P+R Górka Narodowa,437.0,437,
2026-05-19 03:30:00,P+R Górka Narodowa,437.0,437,
2026-05-19 04:00:00,P+R Górka Narodowa,437.0,437,
2026-05-19 04:30:00,P+R Górka Narodowa,437.0,437,
2026-05-19 05:00:00,P+R Górka Narodowa,435.0,435,
2026-05-19 05:30:00,P+R Górka Narodowa,432.0,432,
2026-05-19 06:00:00,P+R Górka Narodowa,418.0,418,
2026-05-19 06:30:00,P+R Górka Narodowa,403.0,403,
2026-05-19 07:00:00,P+R Górka Narodowa,348.0,348,
2026-05-19 07:30:00,P+R Górka Narodowa,301.0,301,
2026-05-19 08:00:00,P+R Górka Narodowa,247.0,247,
2026-05-19 08:30:00,P+R Górka Narodowa,216.0,216,
2026-05-19 09:00:00,P+R Górka Narodowa,183.0,183,
2026-05-19 09:30:00,P+R Górka Narodowa,165.0,165,
2026-05-19 10:00:00,P+R Górka Narodowa,153.0,153,
2026-05-19 10:30:00,P+R Górka Narodowa,141.0,141,
2026-05-19 11:00:00,P+R Górka Narodowa,130.0,130,
2026-05-19 11:30:00,P+R Górka Narodowa,128.0,128,
2026-05-19 12:00:00,P+R Górka Narodowa,130.0,130,
2026-05-19 12:30:00,P+R Górka Narodowa,130.0,130,
2026-05-19 13:00:00,P+R Górka Narodowa,130.0,130,
2026-05-19 13:30:00,P+R Górka Narodowa,132.0,132,
2026-05-19 14:00:00,P+R Górka Narodowa,137.0,137,
2026-05-19 14:30:00,P+R Górka Narodowa,144.0,144,
2026-05-19 15:00:00,P+R Górka Narodowa,162.0,162,
2026-05-19 15:30:00,P+R Górka Narodowa,177.0,177,
2026-05-19 16:00:00,P+R Górka Narodowa,225.0,225,
2026-05-19 16:30:00,P+R Górka Narodowa,256.0,256,
2026-05-19 17:00:00,P+R Górka Narodowa,285.0,285,
2026-05-19 17:30:00,P+R Górka Narodowa,298.0,298,
2026-05-19 18:00:00,P+R Górka Narodowa,329.0,329,
2026-05-19 18:30:00,P+R Górka Narodowa,339.0,339,
2026-05-19 19:00:00,P+R Górka Narodowa,361.0,361,
2026-05-19 19:30:00,P+R Górka Narodowa,375.0,375,
2026-05-19 20:00:00,P+R Górka Narodowa,391.0,391,
2026-05-19 20:30:00,P+R Górka Narodowa,,391,forward_fill
2026-05-19 21:00:00,P+R Górka Narodowa,410.0,410,
2026-05-19 21:30:00,P+R Górka Narodowa,419.0,419,
2026-05-19 22:00:00,P+R Górka Narodowa,423.0,423,
2026-05-19 22:30:00,P+R Górka Narodowa,428.0,428,
2026-05-19 23:00:00,P+R Górka Narodowa,433.0,433,
2026-05-19 23:30:00,P+R Górka Narodowa,436.0,436,
2026-05-20 00:00:00,P+R Górka Narodowa,437.0,437,
2026-05-20 00:30:00,P+R Górka Narodowa,437.0,437,
2026-05-20 01:00:00,P+R Górka Narodowa,437.0,437,
2026-05-20 01:30:00,P+R Górka Narodowa,437.0,437,
2026-05-20 02:00:00,P+R Górka Narodowa,437.0,437,
2026-05-20 02:30:00,P+R Górka Narodowa,437.0,437,
2026-05-20 03:00:00,P+R Górka Narodowa,437.0,437,
2026-05-20 03:30:00,P+R Górka Narodowa,437.0,437,
2026-05-20 04:00:00,P+R Górka Narodowa,437.0,437,
2026-05-20 04:30:00,P+R Górka Narodowa,,437,forward_fill
2026-05-20 05:00:00,P+R Górka Narodowa,433.0,433,
2026-05-20 05:30:00,P+R Górka Narodowa,429.0,429,
2026-05-20 06:00:00,P+R Górka Narodowa,422.0,422,
2026-05-20 06:30:00,P+R Górka Narodowa,405.0,405,
2026-05-20 07:00:00,P+R Górka Narodowa,366.0,366,
2026-05-20 07:30:00,P+R Górka Narodowa,323.0,323,
2026-05-20 08:00:00,P+R Górka Narodowa,272.0,272,
2026-05-20 08:30:00,P+R Górka Narodowa,247.0,247,
2026-05-20 09:00:00,P+R Górka Narodowa,215.0,215,
2026-05-20 09:30:00,P+R Górka Narodowa,198.0,198,
2026-05-20 10:00:00,P+R Górka Narodowa,185.0,185,
2026-05-20 10:30:00,P+R Górka Narodowa,177.0,177,
2026-05-20 11:00:00,P+R Górka Narodowa,169.0,169,
2026-05-20 11:30:00,P+R Górka Narodowa,169.0,169,
2026-05-20 12:00:00,P+R Górka Narodowa,172.0,172,
2026-05-20 12:30:00,P+R Górka Narodowa,175.0,175,
2026-05-20 13:00:00,P+R Górka Narodowa,174.0,174,
2026-05-20 13:30:00,P+R Górka Narodowa,181.0,181,
2026-05-20 14:00:00,P+R Górka Narodowa,190.0,190,
2026-05-20 14:30:00,P+R Górka Narodowa,190.0,190,
2026-05-20 15:00:00,P+R Górka Narodowa,214.0,214,
2026-05-20 15:30:00,P+R Górka Narodowa,233.0,233,
2026-05-20 16:00:00,P+R Górka Narodowa,251.0,251,
2026-05-20 16:30:00,P+R Górka Narodowa,272.0,272,
2026-05-20 17:00:00,P+R Górka Narodowa,304.0,304,
2026-05-20 17:30:00,P+R Górka Narodowa,326.0,326,
2026-05-20 18:00:00,P+R Górka Narodowa,338.0,338,
2026-05-20 18:30:00,P+R Górka Narodowa,353.0,353,
2026-05-20 19:00:00,P+R Górka Narodowa,380.0,380,
2026-05-20 19:30:00,P+R Górka Narodowa,390.0,390,
2026-05-20 20:00:00,P+R Górka Narodowa,401.0,401,
2026-05-20 20:30:00,P+R Górka Narodowa,413.0,413,
2026-05-20 21:00:00,P+R Górka Narodowa,419.0,419,
2026-05-20 21:30:00,P+R Górka Narodowa,424.0,424,
2026-05-20 22:00:00,P+R Górka Narodowa,426.0,426,
2026-05-20 22:30:00,P+R Górka Narodowa,430.0,430,
2026-05-20 23:00:00,P+R Górka Narodowa,436.0,436,
2026-05-20 23:30:00,P+R Górka Narodowa,437.0,437,
2026-05-21 00:00:00,P+R Górka Narodowa,437.0,437,
2026-05-21 00:30:00,P+R Górka Narodowa,437.0,437,
2026-05-21 01:00:00,P+R Górka Narodowa,437.0,437,
2026-05-21 01:30:00,P+R Górka Narodowa,437.0,437,
2026-05-21 02:00:00,P+R Górka Narodowa,437.0,437,
2026-05-21 02:30:00,P+R Górka Narodowa,437.0,437,
2026-05-21 03:00:00,P+R Górka Narodowa,437.0,437,
2026-05-21 03:30:00,P+R Górka Narodowa,437.0,437,
2026-05-21 04:00:00,P+R Górka Narodowa,437.0,437,
2026-05-21 04:30:00,P+R Górka Narodowa,436.0,436,
2026-05-21 05:00:00,P+R Górka Narodowa,434.0,434,
2026-05-21 05:30:00,P+R Górka Narodowa,431.0,431,
2026-05-21 06:00:00,P+R Górka Narodowa,423.0,423,
2026-05-21 06:30:00,P+R Górka Narodowa,405.0,405,
2026-05-21 07:00:00,P+R Górka Narodowa,374.0,374,
2026-05-21 07:30:00,P+R Górka Narodowa,333.0,333,
2026-05-21 08:00:00,P+R Górka Narodowa,298.0,298,
2026-05-21 08:30:00,P+R Górka Narodowa,285.0,285,
2026-05-21 09:00:00,P+R Górka Narodowa,266.0,266,
2026-05-21 09:30:00,P+R Górka Narodowa,250.0,250,
2026-05-21 10:00:00,P+R Górka Narodowa,241.0,241,
2026-05-21 10:30:00,P+R Górka Narodowa,235.0,235,
2026-05-21 11:00:00,P+R Górka Narodowa,221.0,221,
2026-05-21 11:30:00,P+R Górka Narodowa,220.0,220,
2026-05-21 12:00:00,P+R Górka Narodowa,223.0,223,
2026-05-21 12:30:00,P+R Górka Narodowa,220.0,220,
2026-05-21 13:00:00,P+R Górka Narodowa,214.0,214,
2026-05-21 13:30:00,P+R Górka Narodowa,217.0,217,
2026-05-21 14:00:00,P+R Górka Narodowa,213.0,213,
2026-05-21 14:30:00,P+R Górka Narodowa,213.0,213,
2026-05-21 15:00:00,P+R Górka Narodowa,223.0,223,
2026-05-21 15:30:00,P+R Górka Narodowa,240.0,240,
2026-05-21 16:00:00,P+R Górka Narodowa,266.0,266,
2026-05-21 16:30:00,P+R Górka Narodowa,285.0,285,
2026-05-21 17:00:00,P+R Górka Narodowa,311.0,311,
2026-05-21 17:30:00,P+R Górka Narodowa,326.0,326,
2026-05-21 18:00:00,P+R Górka Narodowa,349.0,349,
2026-05-21 18:30:00,P+R Górka Narodowa,360.0,360,
2026-05-21 19:00:00,P+R Górka Narodowa,373.0,373,
2026-05-21 19:30:00,P+R Górka Narodowa,380.0,380,
2026-05-21 20:00:00,P+R Górka Narodowa,388.0,388,
2026-05-21 20:30:00,P+R Górka Narodowa,394.0,394,
2026-05-21 21:00:00,P+R Górka Narodowa,410.0,410,
2026-05-21 21:30:00,P+R Górka Narodowa,415.0,415,
2026-05-21 22:00:00,P+R Górka Narodowa,422.0,422,
2026-05-21 22:30:00,P+R Górka Narodowa,427.0,427,
2026-05-21 23:00:00,P+R Górka Narodowa,432.0,432,
2026-05-21 23:30:00,P+R Górka Narodowa,432.0,432,
2026-05-22 00:00:00,P+R Górka Narodowa,435.0,435,
2026-05-22 00:30:00,P+R Górka Narodowa,437.0,437,
2026-05-22 01:00:00,P+R Górka Narodowa,437.0,437,
2026-05-22 01:30:00,P+R Górka Narodowa,437.0,437,
2026-05-22 02:00:00,P+R Górka Narodowa,437.0,437,
2026-05-22 02:30:00,P+R Górka Narodowa,437.0,437,
2026-05-22 03:00:00,P+R Górka Narodowa,437.0,437,
2026-05-22 03:30:00,P+R Górka Narodowa,437.0,437,
2026-05-22 04:00:00,P+R Górka Narodowa,437.0,437,
2026-05-22 04:30:00,P+R Górka Narodowa,436.0,436,
2026-05-22 05:00:00,P+R Górka Narodowa,432.0,432,
2026-05-22 05:30:00,P+R Górka Narodowa,431.0,431,
2026-05-22 06:00:00,P+R Górka Narodowa,429.0,429,
2026-05-22 06:30:00,P+R Górka Narodowa,413.0,413,
2026-05-22 07:00:00,P+R Górka Narodowa,376.0,376,
2026-05-22 07:30:00,P+R Górka Narodowa,339.0,339,
2026-05-22 08:00:00,P+R Górka Narodowa,314.0,314,
2026-05-22 08:30:00,P+R Górka Narodowa,294.0,294,
2026-05-22 09:00:00,P+R Górka Narodowa,275.0,275,
2026-05-22 09:30:00,P+R Górka Narodowa,259.0,259,
2026-05-22 10:00:00,P+R Górka Narodowa,249.0,249,
2026-05-22 10:30:00,P+R Górka Narodowa,247.0,247,
2026-05-22 11:00:00,P+R Górka Narodowa,240.0,240,
2026-05-22 11:30:00,P+R Górka Narodowa,235.0,235,
2026-05-22 12:00:00,P+R Górka Narodowa,234.0,234,
2026-05-22 12:30:00,P+R Górka Narodowa,233.0,233,
2026-05-22 13:00:00,P+R Górka Narodowa,243.0,243,
2026-05-22 13:30:00,P+R Górka Narodowa,244.0,244,
2026-05-22 14:00:00,P+R Górka Narodowa,254.0,254,
2026-05-22 14:30:00,P+R Górka Narodowa,264.0,264,
2026-05-22 15:00:00,P+R Górka Narodowa,273.0,273,
2026-05-22 15:30:00,P+R Górka Narodowa,288.0,288,
2026-05-22 16:00:00,P+R Górka Narodowa,313.0,313,
2026-05-22 16:30:00,P+R Górka Narodowa,330.0,330,
2026-05-22 17:00:00,P+R Górka Narodowa,347.0,347,
2026-05-22 17:30:00,P+R Górka Narodowa,356.0,356,
2026-05-22 18:00:00,P+R Górka Narodowa,366.0,366,
2026-05-22 18:30:00,P+R Górka Narodowa,374.0,374,
2026-05-22 19:00:00,P+R Górka Narodowa,383.0,383,
2026-05-22 19:30:00,P+R Górka Narodowa,392.0,392,
2026-05-22 20:00:00,P+R Górka Narodowa,395.0,395,
2026-05-22 20:30:00,P+R Górka Narodowa,405.0,405,
2026-05-22 21:00:00,P+R Górka Narodowa,412.0,412,
2026-05-22 21:30:00,P+R Górka Narodowa,418.0,418,
2026-05-22 22:00:00,P+R Górka Narodowa,423.0,423,
2026-05-22 22:30:00,P+R Górka Narodowa,425.0,425,
2026-05-22 23:00:00,P+R Górka Narodowa,429.0,429,
2026-05-22 23:30:00,P+R Górka Narodowa,434.0,434,
2026-05-23 00:00:00,P+R Górka Narodowa,434.0,434,
2026-05-23 00:30:00,P+R Górka Narodowa,434.0,434,
2026-05-23 01:00:00,P+R Górka Narodowa,434.0,434,
2026-05-23 01:30:00,P+R Górka Narodowa,434.0,434,
2026-05-23 02:00:00,P+R Górka Narodowa,434.0,434,
2026-05-23 02:30:00,P+R Górka Narodowa,434.0,434,
2026-05-23 03:00:00,P+R Górka Narodowa,434.0,434,
2026-05-23 03:30:00,P+R Górka Narodowa,435.0,435,
2026-05-23 04:00:00,P+R Górka Narodowa,435.0,435,
2026-05-23 04:30:00,P+R Górka Narodowa,434.0,434,
2026-05-23 05:00:00,P+R Górka Narodowa,433.0,433,
2026-05-23 05:30:00,P+R Górka Narodowa,429.0,429,
2026-05-23 06:00:00,P+R Górka Narodowa,428.0,428,
2026-05-23 06:30:00,P+R Górka Narodowa,427.0,427,
2026-05-23 07:00:00,P+R Górka Narodowa,427.0,427,
2026-05-23 07:30:00,P+R Górka Narodowa,426.0,426,
2026-05-23 08:00:00,P+R Górka Narodowa,418.0,418,
2026-05-23 08:30:00,P+R Górka Narodowa,416.0,416,
2026-05-23 09:00:00,P+R Górka Narodowa,409.0,409,
2026-05-23 09:30:00,P+R Górka Narodowa,408.0,408,
2026-05-23 10:00:00,P+R Górka Narodowa,400.0,400,
2026-05-23 10:30:00,P+R Górka Narodowa,398.0,398,
2026-05-23 11:00:00,P+R Górka Narodowa,393.0,393,
2026-05-23 11:30:00,P+R Górka Narodowa,390.0,390,
2026-05-23 12:00:00,P+R Górka Narodowa,389.0,389,
2026-05-23 12:30:00,P+R Górka Narodowa,388.0,388,
2026-05-23 13:00:00,P+R Górka Narodowa,388.0,388,
2026-05-23 13:30:00,P+R Górka Narodowa,383.0,383,
2026-05-23 14:00:00,P+R Górka Narodowa,385.0,385,
2026-05-23 14:30:00,P+R Górka Narodowa,387.0,387,
2026-05-23 15:00:00,P+R Górka Narodowa,388.0,388,
2026-05-23 15:30:00,P+R Górka Narodowa,385.0,385,
2026-05-23 16:00:00,P+R Górka Narodowa,384.0,384,
2026-05-23 16:30:00,P+R Górka Narodowa,383.0,383,
2026-05-23 17:00:00,P+R Górka Narodowa,381.0,381,
2026-05-23 17:30:00,P+R Górka Narodowa,386.0,386,
2026-05-23 18:00:00,P+R Górka Narodowa,396.0,396,
2026-05-23 18:30:00,P+R Górka Narodowa,397.0,397,
2026-05-23 19:00:00,P+R Górka Narodowa,401.0,401,
2026-05-23 19:30:00,P+R Górka Narodowa,407.0,407,
2026-05-23 20:00:00,P+R Górka Narodowa,412.0,412,
2026-05-23 20:30:00,P+R Górka Narodowa,415.0,415,
2026-05-23 21:00:00,P+R Górka Narodowa,417.0,417,
2026-05-23 21:30:00,P+R Górka Narodowa,421.0,421,
2026-05-23 22:00:00,P+R Górka Narodowa,425.0,425,
2026-05-23 22:30:00,P+R Górka Narodowa,428.0,428,
2026-05-23 23:00:00,P+R Górka Narodowa,435.0,435,
2026-05-23 23:30:00,P+R Górka Narodowa,436.0,436,
2026-05-24 00:00:00,P+R Górka Narodowa,437.0,437,
2026-05-24 00:30:00,P+R Górka Narodowa,437.0,437,
2026-05-24 01:00:00,P+R Górka Narodowa,437.0,437,
2026-05-24 01:30:00,P+R Górka Narodowa,437.0,437,
2026-05-24 02:00:00,P+R Górka Narodowa,437.0,437,
2026-05-24 02:30:00,P+R Górka Narodowa,437.0,437,
2026-05-24 03:00:00,P+R Górka Narodowa,437.0,437,
2026-05-24 03:30:00,P+R Górka Narodowa,437.0,437,
2026-05-24 04:00:00,P+R Górka Narodowa,437.0,437,
2026-05-24 04:30:00,P+R Górka Narodowa,437.0,437,
2026-05-24 05:00:00,P+R Górka Narodowa,437.0,437,
2026-05-24 05:30:00,P+R Górka Narodowa,437.0,437,
2026-05-24 06:00:00,P+R Górka Narodowa,434.0,434,
2026-05-24 06:30:00,P+R Górka Narodowa,433.0,433,
2026-05-24 07:00:00,P+R Górka Narodowa,432.0,432,
2026-05-24 07:30:00,P+R Górka Narodowa,431.0,431,
2026-05-24 08:00:00,P+R Górka Narodowa,429.0,429,
2026-05-24 08:30:00,P+R Górka Narodowa,426.0,426,
2026-05-24 09:00:00,P+R Górka Narodowa,420.0,420,
2026-05-24 09:30:00,P+R Górka Narodowa,420.0,420,
2026-05-24 10:00:00,P+R Górka Narodowa,413.0,413,
2026-05-24 10:30:00,P+R Górka Narodowa,408.0,408,
2026-05-24 11:00:00,P+R Górka Narodowa,405.0,405,
2026-05-24 11:30:00,P+R Górka Narodowa,400.0,400,
2026-05-24 12:00:00,P+R Górka Narodowa,401.0,401,
2026-05-24 12:30:00,P+R Górka Narodowa,396.0,396,
2026-05-24 13:00:00,P+R Górka Narodowa,398.0,398,
2026-05-24 13:30:00,P+R Górka Narodowa,394.0,394,
2026-05-24 14:00:00,P+R Górka Narodowa,391.0,391,
2026-05-24 14:30:00,P+R Górka Narodowa,386.0,386,
2026-05-24 15:00:00,P+R Górka Narodowa,386.0,386,
2026-05-24 15:30:00,P+R Górka Narodowa,388.0,388,
2026-05-24 16:00:00,P+R Górka Narodowa,388.0,388,
2026-05-24 16:30:00,P+R Górka Narodowa,391.0,391,
2026-05-24 17:00:00,P+R Górka Narodowa,393.0,393,
2026-05-24 17:30:00,P+R Górka Narodowa,394.0,394,
2026-05-24 18:00:00,P+R Górka Narodowa,401.0,401,
2026-05-24 18:30:00,P+R Górka Narodowa,399.0,399,
2026-05-24 19:00:00,P+R Górka Narodowa,400.0,400,
2026-05-24 19:30:00,P+R Górka Narodowa,399.0,399,
2026-05-24 20:00:00,P+R Górka Narodowa,399.0,399,
2026-05-24 20:30:00,P+R Górka Narodowa,402.0,402,
2026-05-24 21:00:00,P+R Górka Narodowa,,402,forward_fill
2026-05-24 21:30:00,P+R Górka Narodowa,413.0,413,
2026-05-24 22:00:00,P+R Górka Narodowa,420.0,420,
2026-05-24 22:30:00,P+R Górka Narodowa,434.0,434,
2026-05-24 23:00:00,P+R Górka Narodowa,434.0,434,
2026-05-24 23:30:00,P+R Górka Narodowa,436.0,436,
2026-05-25 00:00:00,P+R Górka Narodowa,437.0,437,
2026-05-25 00:30:00,P+R Górka Narodowa,437.0,437,
2026-05-25 01:00:00,P+R Górka Narodowa,437.0,437,
2026-05-25 01:30:00,P+R Górka Narodowa,437.0,437,
2026-05-25 02:00:00,P+R Górka Narodowa,437.0,437,
2026-05-25 02:30:00,P+R Górka Narodowa,437.0,437,
2026-05-25 03:00:00,P+R Górka Narodowa,437.0,437,
2026-05-25 03:30:00,P+R Górka Narodowa,437.0,437,
2026-05-25 04:00:00,P+R Górka Narodowa,437.0,437,
2026-05-25 04:30:00,P+R Górka Narodowa,436.0,436,
2026-05-25 05:00:00,P+R Górka Narodowa,435.0,435,
2026-05-25 05:30:00,P+R Górka Narodowa,432.0,432,
2026-05-25 06:00:00,P+R Górka Narodowa,428.0,428,
2026-05-25 06:30:00,P+R Górka Narodowa,411.0,411,
2026-05-25 07:00:00,P+R Górka Narodowa,374.0,374,
2026-05-25 07:30:00,P+R Górka Narodowa,333.0,333,
2026-05-25 08:00:00,P+R Górka Narodowa,303.0,303,
2026-05-25 08:30:00,P+R Górka Narodowa,278.0,278,
2026-05-25 09:00:00,P+R Górka Narodowa,258.0,258,
2026-05-25 09:30:00,P+R Górka Narodowa,234.0,234,
2026-05-25 10:00:00,P+R Górka Narodowa,222.0,222,
2026-05-25 10:30:00,P+R Górka Narodowa,216.0,216,
2026-05-25 11:00:00,P+R Górka Narodowa,,216,forward_fill
2026-05-25 11:30:00,P+R Górka Narodowa,201.0,201,
2026-05-25 12:00:00,P+R Górka Narodowa,197.0,197,
2026-05-25 12:30:00,P+R Górka Narodowa,192.0,192,
2026-05-25 13:00:00,P+R Górka Narodowa,191.0,191,
2026-05-25 13:30:00,P+R Górka Narodowa,191.0,191,
2026-05-25 14:00:00,P+R Górka Narodowa,199.0,199,
2026-05-25 14:30:00,P+R Górka Narodowa,199.0,199,
2026-05-25 15:00:00,P+R Górka Narodowa,209.0,209,
2026-05-25 15:30:00,P+R Górka Narodowa,222.0,222,
2026-05-25 16:00:00,P+R Górka Narodowa,252.0,252,
2026-05-25 16:30:00,P+R Górka Narodowa,274.0,274,
2026-05-25 17:00:00,P+R Górka Narodowa,304.0,304,
2026-05-25 17:30:00,P+R Górka Narodowa,317.0,317,
2026-05-25 18:00:00,P+R Górka Narodowa,340.0,340,
2026-05-25 18:30:00,P+R Górka Narodowa,351.0,351,
2026-05-25 19:00:00,P+R Górka Narodowa,372.0,372,
2026-05-25 19:30:00,P+R Górka Narodowa,385.0,385,
2026-05-25 20:00:00,P+R Górka Narodowa,402.0,402,
2026-05-25 20:30:00,P+R Górka Narodowa,408.0,408,
2026-05-25 21:00:00,P+R Górka Narodowa,413.0,413,
2026-05-25 21:30:00,P+R Górka Narodowa,420.0,420,
2026-05-25 22:00:00,P+R Górka Narodowa,424.0,424,
2026-05-25 22:30:00,P+R Górka Narodowa,428.0,428,
2026-05-25 23:00:00,P+R Górka Narodowa,433.0,433,
2026-05-25 23:30:00,P+R Górka Narodowa,435.0,435,
2026-05-26 00:00:00,P+R Górka Narodowa,435.0,435,
2026-05-26 00:30:00,P+R Górka Narodowa,436.0,436,
2026-05-26 01:00:00,P+R Górka Narodowa,436.0,436,
2026-05-26 01:30:00,P+R Górka Narodowa,436.0,436,
2026-05-26 02:00:00,P+R Górka Narodowa,436.0,436,
2026-05-26 02:30:00,P+R Górka Narodowa,436.0,436,
2026-05-26 03:00:00,P+R Górka Narodowa,436.0,436,
2026-05-26 03:30:00,P+R Górka Narodowa,436.0,436,
2026-05-26 04:00:00,P+R Górka Narodowa,436.0,436,
2026-05-26 04:30:00,P+R Górka Narodowa,435.0,435,
2026-05-26 05:00:00,P+R Górka Narodowa,435.0,435,
2026-05-26 05:30:00,P+R Górka Narodowa,435.0,435,
2026-05-26 06:00:00,P+R Górka Narodowa,429.0,429,
2026-05-26 06:30:00,P+R Górka Narodowa,406.0,406,
2026-05-26 07:00:00,P+R Górka Narodowa,364.0,364,
2026-05-26 07:30:00,P+R Górka Narodowa,320.0,320,
2026-05-26 08:00:00,P+R Górka Narodowa,278.0,278,
2026-05-26 08:30:00,P+R Górka Narodowa,245.0,245,
2026-05-26 09:00:00,P+R Górka Narodowa,214.0,214,
2026-05-26 09:30:00,P+R Górka Narodowa,194.0,194,
2026-05-26 10:00:00,P+R Górka Narodowa,176.0,176,
2026-05-26 10:30:00,P+R Górka Narodowa,163.0,163,
2026-05-26 11:00:00,P+R Górka Narodowa,159.0,159,
2026-05-26 11:30:00,P+R Górka Narodowa,156.0,156,
2026-05-26 12:00:00,P+R Górka Narodowa,150.0,150,
2026-05-26 12:30:00,P+R Górka Narodowa,144.0,144,
2026-05-26 13:00:00,P+R Górka Narodowa,,151,linear interpolation
2026-05-26 13:30:00,P+R Górka Narodowa,,159,linear interpolation
2026-05-26 14:00:00,P+R Górka Narodowa,,166,linear interpolation
2026-05-26 14:30:00,P+R Górka Narodowa,,174,linear interpolation
2026-05-26 15:00:00,P+R Górka Narodowa,181.0,181,
2026-05-26 15:30:00,P+R Górka Narodowa,198.0,198,
2026-05-26 16:00:00,P+R Górka Narodowa,216.0,216,
2026-05-26 16:30:00,P+R Górka Narodowa,241.0,241,
2026-05-26 17:00:00,P+R Górka Narodowa,273.0,273,
2026-05-26 17:30:00,P+R Górka Narodowa,293.0,293,
2026-05-26 18:00:00,P+R Górka Narodowa,317.0,317,
2026-05-26 18:30:00,P+R Górka Narodowa,324.0,324,
2026-05-26 19:00:00,P+R Górka Narodowa,350.0,350,
2026-05-26 19:30:00,P+R Górka Narodowa,,350,forward_fill
2026-05-26 20:00:00,P+R Górka Narodowa,377.0,377,
2026-04-28 21:30:00,P+R Krowodrza Górka,87.0,87,
2026-04-28 22:00:00,P+R Krowodrza Górka,91.0,91,
2026-04-28 22:30:00,P+R Krowodrza Górka,96.0,96,
2026-04-28 23:00:00,P+R Krowodrza Górka,101.0,101,
2026-04-28 23:30:00,P+R Krowodrza Górka,101.0,101,
2026-04-29 00:00:00,P+R Krowodrza Górka,101.0,101,
2026-04-29 00:30:00,P+R Krowodrza Górka,101.0,101,
2026-04-29 01:00:00,P+R Krowodrza Górka,101.0,101,
2026-04-29 01:30:00,P+R Krowodrza Górka,101.0,101,
2026-04-29 02:00:00,P+R Krowodrza Górka,101.0,101,
2026-04-29 02:30:00,P+R Krowodrza Górka,101.0,101,
2026-04-29 03:00:00,P+R Krowodrza Górka,101.0,101,
2026-04-29 03:30:00,P+R Krowodrza Górka,101.0,101,
2026-04-29 04:00:00,P+R Krowodrza Górka,101.0,101,
2026-04-29 04:30:00,P+R Krowodrza Górka,101.0,101,
2026-04-29 05:00:00,P+R Krowodrza Górka,99.0,99,
2026-04-29 05:30:00,P+R Krowodrza Górka,97.0,97,
2026-04-29 06:00:00,P+R Krowodrza Górka,91.0,91,
2026-04-29 06:30:00,P+R Krowodrza Górka,82.0,82,
2026-04-29 07:00:00,P+R Krowodrza Górka,50.0,50,
2026-04-29 07:30:00,P+R Krowodrza Górka,3.0,3,
2026-04-29 08:00:00,P+R Krowodrza Górka,0.0,0,
2026-04-29 08:30:00,P+R Krowodrza Górka,0.0,0,
2026-04-29 09:00:00,P+R Krowodrza Górka,0.0,0,
2026-04-29 09:30:00,P+R Krowodrza Górka,0.0,0,
2026-04-29 10:00:00,P+R Krowodrza Górka,0.0,0,
2026-04-29 10:30:00,P+R Krowodrza Górka,1.0,1,
2026-04-29 11:00:00,P+R Krowodrza Górka,0.0,0,
2026-04-29 11:30:00,P+R Krowodrza Górka,0.0,0,
2026-04-29 12:00:00,P+R Krowodrza Górka,1.0,1,
2026-04-29 12:30:00,P+R Krowodrza Górka,0.0,0,
2026-04-29 13:00:00,P+R Krowodrza Górka,1.0,1,
2026-04-29 13:30:00,P+R Krowodrza Górka,5.0,5,
2026-04-29 14:00:00,P+R Krowodrza Górka,1.0,1,
2026-04-29 14:30:00,P+R Krowodrza Górka,0.0,0,
2026-04-29 15:00:00,P+R Krowodrza Górka,9.0,9,
2026-04-29 15:30:00,P+R Krowodrza Górka,25.0,25,
2026-04-29 16:00:00,P+R Krowodrza Górka,41.0,41,
2026-04-29 16:30:00,P+R Krowodrza Górka,54.0,54,
2026-04-29 17:00:00,P+R Krowodrza Górka,58.0,58,
2026-04-29 17:30:00,P+R Krowodrza Górka,64.0,64,
2026-04-29 18:00:00,P+R Krowodrza Górka,64.0,64,
2026-04-29 18:30:00,P+R Krowodrza Górka,,64,forward_fill
2026-04-29 19:00:00,P+R Krowodrza Górka,59.0,59,
2026-04-29 19:30:00,P+R Krowodrza Górka,65.0,65,
2026-04-29 20:00:00,P+R Krowodrza Górka,70.0,70,
2026-04-29 20:30:00,P+R Krowodrza Górka,71.0,71,
2026-04-29 21:00:00,P+R Krowodrza Górka,80.0,80,
2026-04-29 21:30:00,P+R Krowodrza Górka,83.0,83,
2026-04-29 22:00:00,P+R Krowodrza Górka,85.0,85,
2026-04-29 22:30:00,P+R Krowodrza Górka,88.0,88,
2026-04-29 23:00:00,P+R Krowodrza Górka,89.0,89,
2026-04-29 23:30:00,P+R Krowodrza Górka,93.0,93,
2026-04-30 00:00:00,P+R Krowodrza Górka,93.0,93,
2026-04-30 00:30:00,P+R Krowodrza Górka,101.0,101,
2026-04-30 01:00:00,P+R Krowodrza Górka,101.0,101,
2026-04-30 01:30:00,P+R Krowodrza Górka,101.0,101,
2026-04-30 02:00:00,P+R Krowodrza Górka,101.0,101,
2026-04-30 02:30:00,P+R Krowodrza Górka,101.0,101,
2026-04-30 03:00:00,P+R Krowodrza Górka,101.0,101,
2026-04-30 03:30:00,P+R Krowodrza Górka,101.0,101,
2026-04-30 04:00:00,P+R Krowodrza Górka,101.0,101,
2026-04-30 04:30:00,P+R Krowodrza Górka,101.0,101,
2026-04-30 05:00:00,P+R Krowodrza Górka,98.0,98,
2026-04-30 05:30:00,P+R Krowodrza Górka,93.0,93,
2026-04-30 06:00:00,P+R Krowodrza Górka,85.0,85,
2026-04-30 06:30:00,P+R Krowodrza Górka,78.0,78,
2026-04-30 07:00:00,P+R Krowodrza Górka,54.0,54,
2026-04-30 07:30:00,P+R Krowodrza Górka,25.0,25,
2026-04-30 08:00:00,P+R Krowodrza Górka,10.0,10,
2026-04-30 08:30:00,P+R Krowodrza Górka,1.0,1,
2026-04-30 09:00:00,P+R Krowodrza Górka,0.0,0,
2026-04-30 09:30:00,P+R Krowodrza Górka,18.0,18,
2026-04-30 10:00:00,P+R Krowodrza Górka,23.0,23,
2026-04-30 10:30:00,P+R Krowodrza Górka,1.0,1,
2026-04-30 11:00:00,P+R Krowodrza Górka,0.0,0,
2026-04-30 11:30:00,P+R Krowodrza Górka,0.0,0,
2026-04-30 12:00:00,P+R Krowodrza Górka,0.0,0,
2026-04-30 12:30:00,P+R Krowodrza Górka,25.0,25,
2026-04-30 13:00:00,P+R Krowodrza Górka,26.0,26,
2026-04-30 13:30:00,P+R Krowodrza Górka,30.0,30,
2026-04-30 14:00:00,P+R Krowodrza Górka,27.0,27,
2026-04-30 14:30:00,P+R Krowodrza Górka,33.0,33,
2026-04-30 15:00:00,P+R Krowodrza Górka,37.0,37,
2026-04-30 15:30:00,P+R Krowodrza Górka,47.0,47,
2026-04-30 16:00:00,P+R Krowodrza Górka,63.0,63,
2026-04-30 16:30:00,P+R Krowodrza Górka,75.0,75,
2026-04-30 17:00:00,P+R Krowodrza Górka,89.0,89,
2026-04-30 17:30:00,P+R Krowodrza Górka,86.0,86,
2026-04-30 18:00:00,P+R Krowodrza Górka,81.0,81,
2026-04-30 18:30:00,P+R Krowodrza Górka,81.0,81,
2026-04-30 19:00:00,P+R Krowodrza Górka,82.0,82,
2026-04-30 19:30:00,P+R Krowodrza Górka,84.0,84,
2026-04-30 20:00:00,P+R Krowodrza Górka,89.0,89,
2026-04-30 20:30:00,P+R Krowodrza Górka,89.0,89,
2026-04-30 21:00:00,P+R Krowodrza Górka,89.0,89,
2026-04-30 21:30:00,P+R Krowodrza Górka,89.0,89,
2026-04-30 22:00:00,P+R Krowodrza Górka,,90,linear interpolation
2026-04-30 22:30:00,P+R Krowodrza Górka,,92,linear interpolation
2026-04-30 23:00:00,P+R Krowodrza Górka,,93,linear interpolation
2026-04-30 23:30:00,P+R Krowodrza Górka,,94,linear interpolation
2026-05-01 00:00:00,P+R Krowodrza Górka,,96,linear interpolation
2026-05-01 00:30:00,P+R Krowodrza Górka,,97,linear interpolation
2026-05-01 01:00:00,P+R Krowodrza Górka,,98,linear interpolation
2026-05-01 01:30:00,P+R Krowodrza Górka,,100,linear interpolation
2026-05-01 02:00:00,P+R Krowodrza Górka,101.0,101,
2026-05-01 02:30:00,P+R Krowodrza Górka,101.0,101,
2026-05-01 03:00:00,P+R Krowodrza Górka,101.0,101,
2026-05-01 03:30:00,P+R Krowodrza Górka,101.0,101,
2026-05-01 04:00:00,P+R Krowodrza Górka,101.0,101,
2026-05-01 04:30:00,P+R Krowodrza Górka,101.0,101,
2026-05-01 05:00:00,P+R Krowodrza Górka,101.0,101,
2026-05-01 05:30:00,P+R Krowodrza Górka,99.0,99,
2026-05-01 06:00:00,P+R Krowodrza Górka,99.0,99,
2026-05-01 06:30:00,P+R Krowodrza Górka,97.0,97,
2026-05-01 07:00:00,P+R Krowodrza Górka,97.0,97,
2026-05-01 07:30:00,P+R Krowodrza Górka,97.0,97,
2026-05-01 08:00:00,P+R Krowodrza Górka,97.0,97,
2026-05-01 08:30:00,P+R Krowodrza Górka,97.0,97,
2026-05-01 09:00:00,P+R Krowodrza Górka,94.0,94,
2026-05-01 09:30:00,P+R Krowodrza Górka,91.0,91,
2026-05-01 10:00:00,P+R Krowodrza Górka,89.0,89,
2026-05-01 10:30:00,P+R Krowodrza Górka,85.0,85,
2026-05-01 11:00:00,P+R Krowodrza Górka,81.0,81,
2026-05-01 11:30:00,P+R Krowodrza Górka,81.0,81,
2026-05-01 12:00:00,P+R Krowodrza Górka,79.0,79,
2026-05-01 12:30:00,P+R Krowodrza Górka,78.0,78,
2026-05-01 13:00:00,P+R Krowodrza Górka,76.0,76,
2026-05-01 13:30:00,P+R Krowodrza Górka,76.0,76,
2026-05-01 14:00:00,P+R Krowodrza Górka,75.0,75,
2026-05-01 14:30:00,P+R Krowodrza Górka,71.0,71,
2026-05-01 15:00:00,P+R Krowodrza Górka,71.0,71,
2026-05-01 15:30:00,P+R Krowodrza Górka,66.0,66,
2026-05-01 16:00:00,P+R Krowodrza Górka,,66,linear interpolation
2026-05-01 16:30:00,P+R Krowodrza Górka,,66,linear interpolation
2026-05-01 17:00:00,P+R Krowodrza Górka,,67,linear interpolation
2026-05-01 17:30:00,P+R Krowodrza Górka,67.0,67,
2026-05-01 18:00:00,P+R Krowodrza Górka,68.0,68,
2026-05-01 18:30:00,P+R Krowodrza Górka,76.0,76,
2026-05-01 19:00:00,P+R Krowodrza Górka,77.0,77,
2026-05-01 19:30:00,P+R Krowodrza Górka,79.0,79,
2026-05-01 20:00:00,P+R Krowodrza Górka,80.0,80,
2026-05-01 20:30:00,P+R Krowodrza Górka,83.0,83,
2026-05-01 21:00:00,P+R Krowodrza Górka,85.0,85,
2026-05-01 21:30:00,P+R Krowodrza Górka,87.0,87,
2026-05-01 22:00:00,P+R Krowodrza Górka,89.0,89,
2026-05-01 22:30:00,P+R Krowodrza Górka,92.0,92,
2026-05-01 23:00:00,P+R Krowodrza Górka,95.0,95,
2026-05-01 23:30:00,P+R Krowodrza Górka,96.0,96,
2026-05-02 00:00:00,P+R Krowodrza Górka,98.0,98,
2026-05-02 00:30:00,P+R Krowodrza Górka,100.0,100,
2026-05-02 01:00:00,P+R Krowodrza Górka,101.0,101,
2026-05-02 01:30:00,P+R Krowodrza Górka,101.0,101,
2026-05-02 02:00:00,P+R Krowodrza Górka,,101,forward_fill
2026-05-02 02:30:00,P+R Krowodrza Górka,101.0,101,
2026-05-02 03:00:00,P+R Krowodrza Górka,101.0,101,
2026-05-02 03:30:00,P+R Krowodrza Górka,101.0,101,
2026-05-02 04:00:00,P+R Krowodrza Górka,101.0,101,
2026-05-02 04:30:00,P+R Krowodrza Górka,101.0,101,
2026-05-02 05:00:00,P+R Krowodrza Górka,100.0,100,
2026-05-02 05:30:00,P+R Krowodrza Górka,98.0,98,
2026-05-02 06:00:00,P+R Krowodrza Górka,97.0,97,
2026-05-02 06:30:00,P+R Krowodrza Górka,95.0,95,
2026-05-02 07:00:00,P+R Krowodrza Górka,92.0,92,
2026-05-02 07:30:00,P+R Krowodrza Górka,92.0,92,
2026-05-02 08:00:00,P+R Krowodrza Górka,90.0,90,
2026-05-02 08:30:00,P+R Krowodrza Górka,85.0,85,
2026-05-02 09:00:00,P+R Krowodrza Górka,83.0,83,
2026-05-02 09:30:00,P+R Krowodrza Górka,77.0,77,
2026-05-02 10:00:00,P+R Krowodrza Górka,78.0,78,
2026-05-02 10:30:00,P+R Krowodrza Górka,77.0,77,
2026-05-02 11:00:00,P+R Krowodrza Górka,77.0,77,
2026-05-02 11:30:00,P+R Krowodrza Górka,72.0,72,
2026-05-02 12:00:00,P+R Krowodrza Górka,70.0,70,
2026-05-02 12:30:00,P+R Krowodrza Górka,69.0,69,
2026-05-02 13:00:00,P+R Krowodrza Górka,65.0,65,
2026-05-02 13:30:00,P+R Krowodrza Górka,66.0,66,
2026-05-02 14:00:00,P+R Krowodrza Górka,65.0,65,
2026-05-02 14:30:00,P+R Krowodrza Górka,63.0,63,
2026-05-02 15:00:00,P+R Krowodrza Górka,64.0,64,
2026-05-02 15:30:00,P+R Krowodrza Górka,65.0,65,
2026-05-02 16:00:00,P+R Krowodrza Górka,63.0,63,
2026-05-02 16:30:00,P+R Krowodrza Górka,62.0,62,
2026-05-02 17:00:00,P+R Krowodrza Górka,63.0,63,
2026-05-02 17:30:00,P+R Krowodrza Górka,66.0,66,
2026-05-02 18:00:00,P+R Krowodrza Górka,70.0,70,
2026-05-02 18:30:00,P+R Krowodrza Górka,72.0,72,
2026-05-02 19:00:00,P+R Krowodrza Górka,,72,forward_fill
2026-05-02 19:30:00,P+R Krowodrza Górka,75.0,75,
2026-05-02 20:00:00,P+R Krowodrza Górka,81.0,81,
2026-05-02 20:30:00,P+R Krowodrza Górka,83.0,83,
2026-05-02 21:00:00,P+R Krowodrza Górka,85.0,85,
2026-05-02 21:30:00,P+R Krowodrza Górka,88.0,88,
2026-05-02 22:00:00,P+R Krowodrza Górka,92.0,92,
2026-05-02 22:30:00,P+R Krowodrza Górka,92.0,92,
2026-05-02 23:00:00,P+R Krowodrza Górka,95.0,95,
2026-05-02 23:30:00,P+R Krowodrza Górka,98.0,98,
2026-05-03 00:00:00,P+R Krowodrza Górka,99.0,99,
2026-05-03 00:30:00,P+R Krowodrza Górka,99.0,99,
2026-05-03 01:00:00,P+R Krowodrza Górka,101.0,101,
2026-05-03 01:30:00,P+R Krowodrza Górka,101.0,101,
2026-05-03 02:00:00,P+R Krowodrza Górka,101.0,101,
2026-05-03 02:30:00,P+R Krowodrza Górka,101.0,101,
2026-05-03 03:00:00,P+R Krowodrza Górka,101.0,101,
2026-05-03 03:30:00,P+R Krowodrza Górka,,101,Hist. avg + linear interpol.
2026-05-03 04:00:00,P+R Krowodrza Górka,,100,Hist. avg + linear interpol.
2026-05-03 04:30:00,P+R Krowodrza Górka,,99,Hist. avg + linear interpol.
2026-05-03 05:00:00,P+R Krowodrza Górka,,97,Hist. avg + linear interpol.
2026-05-03 05:30:00,P+R Krowodrza Górka,,96,Hist. avg + linear interpol.
2026-05-03 06:00:00,P+R Krowodrza Górka,,94,Hist. avg + linear interpol.
2026-05-03 06:30:00,P+R Krowodrza Górka,,91,Hist. avg + linear interpol.
2026-05-03 07:00:00,P+R Krowodrza Górka,,90,Hist. avg + linear interpol.
2026-05-03 07:30:00,P+R Krowodrza Górka,,87,Hist. avg + linear interpol.
2026-05-03 08:00:00,P+R Krowodrza Górka,,84,Hist. avg + linear interpol.
2026-05-03 08:30:00,P+R Krowodrza Górka,,79,Hist. avg + linear interpol.
2026-05-03 09:00:00,P+R Krowodrza Górka,,72,Hist. avg + linear interpol.
2026-05-03 09:30:00,P+R Krowodrza Górka,,65,Hist. avg + linear interpol.
2026-05-03 10:00:00,P+R Krowodrza Górka,,62,Hist. avg + linear interpol.
2026-05-03 10:30:00,P+R Krowodrza Górka,,58,Hist. avg + linear interpol.
2026-05-03 11:00:00,P+R Krowodrza Górka,,55,Hist. avg + linear interpol.
2026-05-03 11:30:00,P+R Krowodrza Górka,,53,Hist. avg + linear interpol.
2026-05-03 12:00:00,P+R Krowodrza Górka,,53,Hist. avg + linear interpol.
2026-05-03 12:30:00,P+R Krowodrza Górka,,51,Hist. avg + linear interpol.
2026-05-03 13:00:00,P+R Krowodrza Górka,,50,Hist. avg + linear interpol.
2026-05-03 13:30:00,P+R Krowodrza Górka,,50,Hist. avg + linear interpol.
2026-05-03 14:00:00,P+R Krowodrza Górka,,50,Hist. avg + linear interpol.
2026-05-03 14:30:00,P+R Krowodrza Górka,,49,Hist. avg + linear interpol.
2026-05-03 15:00:00,P+R Krowodrza Górka,,50,Hist. avg + linear interpol.
2026-05-03 15:30:00,P+R Krowodrza Górka,,49,Hist. avg + linear interpol.
2026-05-03 16:00:00,P+R Krowodrza Górka,,48,Hist. avg + linear interpol.
2026-05-03 16:30:00,P+R Krowodrza Górka,,49,Hist. avg + linear interpol.
2026-05-03 17:00:00,P+R Krowodrza Górka,,51,Hist. avg + linear interpol.
2026-05-03 17:30:00,P+R Krowodrza Górka,,53,Hist. avg + linear interpol.
2026-05-03 18:00:00,P+R Krowodrza Górka,,56,Hist. avg + linear interpol.
2026-05-03 18:30:00,P+R Krowodrza Górka,,58,Hist. avg + linear interpol.
2026-05-03 19:00:00,P+R Krowodrza Górka,,58,Hist. avg + linear interpol.
2026-05-03 19:30:00,P+R Krowodrza Górka,,62,Hist. avg + linear interpol.
2026-05-03 20:00:00,P+R Krowodrza Górka,,66,Hist. avg + linear interpol.
2026-05-03 20:30:00,P+R Krowodrza Górka,,68,Hist. avg + linear interpol.
2026-05-03 21:00:00,P+R Krowodrza Górka,,73,Hist. avg + linear interpol.
2026-05-03 21:30:00,P+R Krowodrza Górka,,76,Hist. avg + linear interpol.
2026-05-03 22:00:00,P+R Krowodrza Górka,,80,Hist. avg + linear interpol.
2026-05-03 22:30:00,P+R Krowodrza Górka,,84,Hist. avg + linear interpol.
2026-05-03 23:00:00,P+R Krowodrza Górka,,88,Hist. avg + linear interpol.
2026-05-03 23:30:00,P+R Krowodrza Górka,,91,Hist. avg + linear interpol.
2026-05-04 00:00:00,P+R Krowodrza Górka,,94,Hist. avg + linear interpol.
2026-05-04 00:30:00,P+R Krowodrza Górka,,97,Hist. avg + linear interpol.
2026-05-04 01:00:00,P+R Krowodrza Górka,,97,Hist. avg + linear interpol.
2026-05-04 01:30:00,P+R Krowodrza Górka,,97,Hist. avg + linear interpol.
2026-05-04 02:00:00,P+R Krowodrza Górka,,98,Hist. avg + linear interpol.
2026-05-04 02:30:00,P+R Krowodrza Górka,,98,Hist. avg + linear interpol.
2026-05-04 03:00:00,P+R Krowodrza Górka,,98,Hist. avg + linear interpol.
2026-05-04 03:30:00,P+R Krowodrza Górka,,98,Hist. avg + linear interpol.
2026-05-04 04:00:00,P+R Krowodrza Górka,,98,Hist. avg + linear interpol.
2026-05-04 04:30:00,P+R Krowodrza Górka,,98,Hist. avg + linear interpol.
2026-05-04 05:00:00,P+R Krowodrza Górka,,95,Hist. avg + linear interpol.
2026-05-04 05:30:00,P+R Krowodrza Górka,,91,Hist. avg + linear interpol.
2026-05-04 06:00:00,P+R Krowodrza Górka,,84,Hist. avg + linear interpol.
2026-05-04 06:30:00,P+R Krowodrza Górka,,74,Hist. avg + linear interpol.
2026-05-04 07:00:00,P+R Krowodrza Górka,,43,Hist. avg + linear interpol.
2026-05-04 07:30:00,P+R Krowodrza Górka,,13,Hist. avg + linear interpol.
2026-05-04 08:00:00,P+R Krowodrza Górka,,7,Hist. avg + linear interpol.
2026-05-04 08:30:00,P+R Krowodrza Górka,,5,Hist. avg + linear interpol.
2026-05-04 09:00:00,P+R Krowodrza Górka,,5,Hist. avg + linear interpol.
2026-05-04 09:30:00,P+R Krowodrza Górka,,6,Hist. avg + linear interpol.
2026-05-04 10:00:00,P+R Krowodrza Górka,,7,Hist. avg + linear interpol.
2026-05-04 10:30:00,P+R Krowodrza Górka,,5,Hist. avg + linear interpol.
2026-05-04 11:00:00,P+R Krowodrza Górka,,5,Hist. avg + linear interpol.
2026-05-04 11:30:00,P+R Krowodrza Górka,,5,Hist. avg + linear interpol.
2026-05-04 12:00:00,P+R Krowodrza Górka,,5,Hist. avg + linear interpol.
2026-05-04 12:30:00,P+R Krowodrza Górka,,6,Hist. avg + linear interpol.
2026-05-04 13:00:00,P+R Krowodrza Górka,,9,Hist. avg + linear interpol.
2026-05-04 13:30:00,P+R Krowodrza Górka,,10,Hist. avg + linear interpol.
2026-05-04 14:00:00,P+R Krowodrza Górka,,10,Hist. avg + linear interpol.
2026-05-04 14:30:00,P+R Krowodrza Górka,,12,Hist. avg + linear interpol.
2026-05-04 15:00:00,P+R Krowodrza Górka,,17,Hist. avg + linear interpol.
2026-05-04 15:30:00,P+R Krowodrza Górka,,25,Hist. avg + linear interpol.
2026-05-04 16:00:00,P+R Krowodrza Górka,,40,Hist. avg + linear interpol.
2026-05-04 16:30:00,P+R Krowodrza Górka,,54,Hist. avg + linear interpol.
2026-05-04 17:00:00,P+R Krowodrza Górka,,62,Hist. avg + linear interpol.
2026-05-04 17:30:00,P+R Krowodrza Górka,,68,Hist. avg + linear interpol.
2026-05-04 18:00:00,P+R Krowodrza Górka,,72,Hist. avg + linear interpol.
2026-05-04 18:30:00,P+R Krowodrza Górka,,75,Hist. avg + linear interpol.
2026-05-04 19:00:00,P+R Krowodrza Górka,,77,Hist. avg + linear interpol.
2026-05-04 19:30:00,P+R Krowodrza Górka,77.0,77,
2026-05-04 20:00:00,P+R Krowodrza Górka,78.0,78,
2026-05-04 20:30:00,P+R Krowodrza Górka,78.0,78,
2026-05-04 21:00:00,P+R Krowodrza Górka,78.0,78,
2026-05-04 21:30:00,P+R Krowodrza Górka,78.0,78,
2026-05-04 22:00:00,P+R Krowodrza Górka,79.0,79,
2026-05-04 22:30:00,P+R Krowodrza Górka,86.0,86,
2026-05-04 23:00:00,P+R Krowodrza Górka,88.0,88,
2026-05-04 23:30:00,P+R Krowodrza Górka,89.0,89,
2026-05-05 00:00:00,P+R Krowodrza Górka,89.0,89,
2026-05-05 00:30:00,P+R Krowodrza Górka,101.0,101,
2026-05-05 01:00:00,P+R Krowodrza Górka,101.0,101,
2026-05-05 01:30:00,P+R Krowodrza Górka,101.0,101,
2026-05-05 02:00:00,P+R Krowodrza Górka,101.0,101,
2026-05-05 02:30:00,P+R Krowodrza Górka,101.0,101,
2026-05-05 03:00:00,P+R Krowodrza Górka,101.0,101,
2026-05-05 03:30:00,P+R Krowodrza Górka,101.0,101,
2026-05-05 04:00:00,P+R Krowodrza Górka,101.0,101,
2026-05-05 04:30:00,P+R Krowodrza Górka,100.0,100,
2026-05-05 05:00:00,P+R Krowodrza Górka,97.0,97,
2026-05-05 05:30:00,P+R Krowodrza Górka,92.0,92,
2026-05-05 06:00:00,P+R Krowodrza Górka,88.0,88,
2026-05-05 06:30:00,P+R Krowodrza Górka,73.0,73,
2026-05-05 07:00:00,P+R Krowodrza Górka,41.0,41,
2026-05-05 07:30:00,P+R Krowodrza Górka,7.0,7,
2026-05-05 08:00:00,P+R Krowodrza Górka,0.0,0,
2026-05-05 08:30:00,P+R Krowodrza Górka,0.0,0,
2026-05-05 09:00:00,P+R Krowodrza Górka,0.0,0,
2026-05-05 09:30:00,P+R Krowodrza Górka,0.0,0,
2026-05-05 10:00:00,P+R Krowodrza Górka,1.0,1,
2026-05-05 10:30:00,P+R Krowodrza Górka,,1,forward_fill
2026-05-05 11:00:00,P+R Krowodrza Górka,2.0,2,
2026-05-05 11:30:00,P+R Krowodrza Górka,0.0,0,
2026-05-05 12:00:00,P+R Krowodrza Górka,1.0,1,
2026-05-05 12:30:00,P+R Krowodrza Górka,0.0,0,
2026-05-05 13:00:00,P+R Krowodrza Górka,6.0,6,
2026-05-05 13:30:00,P+R Krowodrza Górka,7.0,7,
2026-05-05 14:00:00,P+R Krowodrza Górka,8.0,8,
2026-05-05 14:30:00,P+R Krowodrza Górka,4.0,4,
2026-05-05 15:00:00,P+R Krowodrza Górka,15.0,15,
2026-05-05 15:30:00,P+R Krowodrza Górka,21.0,21,
2026-05-05 16:00:00,P+R Krowodrza Górka,39.0,39,
2026-05-05 16:30:00,P+R Krowodrza Górka,46.0,46,
2026-05-05 17:00:00,P+R Krowodrza Górka,58.0,58,
2026-05-05 17:30:00,P+R Krowodrza Górka,63.0,63,
2026-05-05 18:00:00,P+R Krowodrza Górka,67.0,67,
2026-05-05 18:30:00,P+R Krowodrza Górka,70.0,70,
2026-05-05 19:00:00,P+R Krowodrza Górka,70.0,70,
2026-05-05 19:30:00,P+R Krowodrza Górka,69.0,69,
2026-05-05 20:00:00,P+R Krowodrza Górka,73.0,73,
2026-05-05 20:30:00,P+R Krowodrza Górka,74.0,74,
2026-05-05 21:00:00,P+R Krowodrza Górka,78.0,78,
2026-05-05 21:30:00,P+R Krowodrza Górka,82.0,82,
2026-05-05 22:00:00,P+R Krowodrza Górka,83.0,83,
2026-05-05 22:30:00,P+R Krowodrza Górka,89.0,89,
2026-05-05 23:00:00,P+R Krowodrza Górka,96.0,96,
2026-05-05 23:30:00,P+R Krowodrza Górka,97.0,97,
2026-05-06 00:00:00,P+R Krowodrza Górka,98.0,98,
2026-05-06 00:30:00,P+R Krowodrza Górka,99.0,99,
2026-05-06 01:00:00,P+R Krowodrza Górka,99.0,99,
2026-05-06 01:30:00,P+R Krowodrza Górka,99.0,99,
2026-05-06 02:00:00,P+R Krowodrza Górka,99.0,99,
2026-05-06 02:30:00,P+R Krowodrza Górka,99.0,99,
2026-05-06 03:00:00,P+R Krowodrza Górka,99.0,99,
2026-05-06 03:30:00,P+R Krowodrza Górka,99.0,99,
2026-05-06 04:00:00,P+R Krowodrza Górka,,99,forward_fill
2026-05-06 04:30:00,P+R Krowodrza Górka,101.0,101,
2026-05-06 05:00:00,P+R Krowodrza Górka,99.0,99,
2026-05-06 05:30:00,P+R Krowodrza Górka,95.0,95,
2026-05-06 06:00:00,P+R Krowodrza Górka,87.0,87,
2026-05-06 06:30:00,P+R Krowodrza Górka,75.0,75,
2026-05-06 07:00:00,P+R Krowodrza Górka,41.0,41,
2026-05-06 07:30:00,P+R Krowodrza Górka,7.0,7,
2026-05-06 08:00:00,P+R Krowodrza Górka,1.0,1,
2026-05-06 08:30:00,P+R Krowodrza Górka,0.0,0,
2026-05-06 09:00:00,P+R Krowodrza Górka,0.0,0,
2026-05-06 09:30:00,P+R Krowodrza Górka,3.0,3,
2026-05-06 10:00:00,P+R Krowodrza Górka,1.0,1,
2026-05-06 10:30:00,P+R Krowodrza Górka,1.0,1,
2026-05-06 11:00:00,P+R Krowodrza Górka,1.0,1,
2026-05-06 11:30:00,P+R Krowodrza Górka,3.0,3,
2026-05-06 12:00:00,P+R Krowodrza Górka,4.0,4,
2026-05-06 12:30:00,P+R Krowodrza Górka,1.0,1,
2026-05-06 13:00:00,P+R Krowodrza Górka,1.0,1,
2026-05-06 13:30:00,P+R Krowodrza Górka,0.0,0,
2026-05-06 14:00:00,P+R Krowodrza Górka,2.0,2,
2026-05-06 14:30:00,P+R Krowodrza Górka,9.0,9,
2026-05-06 15:00:00,P+R Krowodrza Górka,17.0,17,
2026-05-06 15:30:00,P+R Krowodrza Górka,22.0,22,
2026-05-06 16:00:00,P+R Krowodrza Górka,45.0,45,
2026-05-06 16:30:00,P+R Krowodrza Górka,52.0,52,
2026-05-06 17:00:00,P+R Krowodrza Górka,51.0,51,
2026-05-06 17:30:00,P+R Krowodrza Górka,56.0,56,
2026-05-06 18:00:00,P+R Krowodrza Górka,63.0,63,
2026-05-06 18:30:00,P+R Krowodrza Górka,61.0,61,
2026-05-06 19:00:00,P+R Krowodrza Górka,67.0,67,
2026-05-06 19:30:00,P+R Krowodrza Górka,74.0,74,
2026-05-06 20:00:00,P+R Krowodrza Górka,77.0,77,
2026-05-06 20:30:00,P+R Krowodrza Górka,80.0,80,
2026-05-06 21:00:00,P+R Krowodrza Górka,84.0,84,
2026-05-06 21:30:00,P+R Krowodrza Górka,88.0,88,
2026-05-06 22:00:00,P+R Krowodrza Górka,89.0,89,
2026-05-06 22:30:00,P+R Krowodrza Górka,91.0,91,
2026-05-06 23:00:00,P+R Krowodrza Górka,97.0,97,
2026-05-06 23:30:00,P+R Krowodrza Górka,100.0,100,
2026-05-07 00:00:00,P+R Krowodrza Górka,101.0,101,
2026-05-07 00:30:00,P+R Krowodrza Górka,102.0,102,
2026-05-07 01:00:00,P+R Krowodrza Górka,101.0,101,
2026-05-07 01:30:00,P+R Krowodrza Górka,102.0,102,
2026-05-07 02:00:00,P+R Krowodrza Górka,102.0,102,
2026-05-07 02:30:00,P+R Krowodrza Górka,101.0,101,
2026-05-07 03:00:00,P+R Krowodrza Górka,101.0,101,
2026-05-07 03:30:00,P+R Krowodrza Górka,101.0,101,
2026-05-07 04:00:00,P+R Krowodrza Górka,101.0,101,
2026-05-07 04:30:00,P+R Krowodrza Górka,99.0,99,
2026-05-07 05:00:00,P+R Krowodrza Górka,98.0,98,
2026-05-07 05:30:00,P+R Krowodrza Górka,96.0,96,
2026-05-07 06:00:00,P+R Krowodrza Górka,90.0,90,
2026-05-07 06:30:00,P+R Krowodrza Górka,81.0,81,
2026-05-07 07:00:00,P+R Krowodrza Górka,50.0,50,
2026-05-07 07:30:00,P+R Krowodrza Górka,12.0,12,
2026-05-07 08:00:00,P+R Krowodrza Górka,3.0,3,
2026-05-07 08:30:00,P+R Krowodrza Górka,0.0,0,
2026-05-07 09:00:00,P+R Krowodrza Górka,0.0,0,
2026-05-07 09:30:00,P+R Krowodrza Górka,0.0,0,
2026-05-07 10:00:00,P+R Krowodrza Górka,0.0,0,
2026-05-07 10:30:00,P+R Krowodrza Górka,1.0,1,
2026-05-07 11:00:00,P+R Krowodrza Górka,3.0,3,
2026-05-07 11:30:00,P+R Krowodrza Górka,0.0,0,
2026-05-07 12:00:00,P+R Krowodrza Górka,0.0,0,
2026-05-07 12:30:00,P+R Krowodrza Górka,0.0,0,
2026-05-07 13:00:00,P+R Krowodrza Górka,0.0,0,
2026-05-07 13:30:00,P+R Krowodrza Górka,0.0,0,
2026-05-07 14:00:00,P+R Krowodrza Górka,0.0,0,
2026-05-07 14:30:00,P+R Krowodrza Górka,0.0,0,
2026-05-07 15:00:00,P+R Krowodrza Górka,4.0,4,
2026-05-07 15:30:00,P+R Krowodrza Górka,12.0,12,
2026-05-07 16:00:00,P+R Krowodrza Górka,28.0,28,
2026-05-07 16:30:00,P+R Krowodrza Górka,36.0,36,
2026-05-07 17:00:00,P+R Krowodrza Górka,41.0,41,
2026-05-07 17:30:00,P+R Krowodrza Górka,39.0,39,
2026-05-07 18:00:00,P+R Krowodrza Górka,47.0,47,
2026-05-07 18:30:00,P+R Krowodrza Górka,49.0,49,
2026-05-07 19:00:00,P+R Krowodrza Górka,53.0,53,
2026-05-07 19:30:00,P+R Krowodrza Górka,56.0,56,
2026-05-07 20:00:00,P+R Krowodrza Górka,56.0,56,
2026-05-07 20:30:00,P+R Krowodrza Górka,58.0,58,
2026-05-07 21:00:00,P+R Krowodrza Górka,59.0,59,
2026-05-07 21:30:00,P+R Krowodrza Górka,66.0,66,
2026-05-07 22:00:00,P+R Krowodrza Górka,68.0,68,
2026-05-07 22:30:00,P+R Krowodrza Górka,70.0,70,
2026-05-07 23:00:00,P+R Krowodrza Górka,70.0,70,
2026-05-07 23:30:00,P+R Krowodrza Górka,71.0,71,
2026-05-08 00:00:00,P+R Krowodrza Górka,90.0,90,
2026-05-08 00:30:00,P+R Krowodrza Górka,101.0,101,
2026-05-08 01:00:00,P+R Krowodrza Górka,101.0,101,
2026-05-08 01:30:00,P+R Krowodrza Górka,101.0,101,
2026-05-08 02:00:00,P+R Krowodrza Górka,101.0,101,
2026-05-08 02:30:00,P+R Krowodrza Górka,101.0,101,
2026-05-08 03:00:00,P+R Krowodrza Górka,101.0,101,
2026-05-08 03:30:00,P+R Krowodrza Górka,101.0,101,
2026-05-08 04:00:00,P+R Krowodrza Górka,101.0,101,
2026-05-08 04:30:00,P+R Krowodrza Górka,100.0,100,
2026-05-08 05:00:00,P+R Krowodrza Górka,99.0,99,
2026-05-08 05:30:00,P+R Krowodrza Górka,95.0,95,
2026-05-08 06:00:00,P+R Krowodrza Górka,89.0,89,
2026-05-08 06:30:00,P+R Krowodrza Górka,77.0,77,
2026-05-08 07:00:00,P+R Krowodrza Górka,48.0,48,
2026-05-08 07:30:00,P+R Krowodrza Górka,22.0,22,
2026-05-08 08:00:00,P+R Krowodrza Górka,12.0,12,
2026-05-08 08:30:00,P+R Krowodrza Górka,2.0,2,
2026-05-08 09:00:00,P+R Krowodrza Górka,0.0,0,
2026-05-08 09:30:00,P+R Krowodrza Górka,3.0,3,
2026-05-08 10:00:00,P+R Krowodrza Górka,6.0,6,
2026-05-08 10:30:00,P+R Krowodrza Górka,0.0,0,
2026-05-08 11:00:00,P+R Krowodrza Górka,0.0,0,
2026-05-08 11:30:00,P+R Krowodrza Górka,1.0,1,
2026-05-08 12:00:00,P+R Krowodrza Górka,2.0,2,
2026-05-08 12:30:00,P+R Krowodrza Górka,4.0,4,
2026-05-08 13:00:00,P+R Krowodrza Górka,6.0,6,
2026-05-08 13:30:00,P+R Krowodrza Górka,5.0,5,
2026-05-08 14:00:00,P+R Krowodrza Górka,6.0,6,
2026-05-08 14:30:00,P+R Krowodrza Górka,8.0,8,
2026-05-08 15:00:00,P+R Krowodrza Górka,12.0,12,
2026-05-08 15:30:00,P+R Krowodrza Górka,14.0,14,
2026-05-08 16:00:00,P+R Krowodrza Górka,27.0,27,
2026-05-08 16:30:00,P+R Krowodrza Górka,39.0,39,
2026-05-08 17:00:00,P+R Krowodrza Górka,37.0,37,
2026-05-08 17:30:00,P+R Krowodrza Górka,47.0,47,
2026-05-08 18:00:00,P+R Krowodrza Górka,54.0,54,
2026-05-08 18:30:00,P+R Krowodrza Górka,52.0,52,
2026-05-08 19:00:00,P+R Krowodrza Górka,57.0,57,
2026-05-08 19:30:00,P+R Krowodrza Górka,60.0,60,
2026-05-08 20:00:00,P+R Krowodrza Górka,65.0,65,
2026-05-08 20:30:00,P+R Krowodrza Górka,66.0,66,
2026-05-08 21:00:00,P+R Krowodrza Górka,70.0,70,
2026-05-08 21:30:00,P+R Krowodrza Górka,77.0,77,
2026-05-08 22:00:00,P+R Krowodrza Górka,84.0,84,
2026-05-08 22:30:00,P+R Krowodrza Górka,89.0,89,
2026-05-08 23:00:00,P+R Krowodrza Górka,91.0,91,
2026-05-08 23:30:00,P+R Krowodrza Górka,92.0,92,
2026-05-09 00:00:00,P+R Krowodrza Górka,94.0,94,
2026-05-09 00:30:00,P+R Krowodrza Górka,95.0,95,
2026-05-09 01:00:00,P+R Krowodrza Górka,95.0,95,
2026-05-09 01:30:00,P+R Krowodrza Górka,95.0,95,
2026-05-09 02:00:00,P+R Krowodrza Górka,97.0,97,
2026-05-09 02:30:00,P+R Krowodrza Górka,97.0,97,
2026-05-09 03:00:00,P+R Krowodrza Górka,97.0,97,
2026-05-09 03:30:00,P+R Krowodrza Górka,97.0,97,
2026-05-09 04:00:00,P+R Krowodrza Górka,97.0,97,
2026-05-09 04:30:00,P+R Krowodrza Górka,97.0,97,
2026-05-09 05:00:00,P+R Krowodrza Górka,92.0,92,
2026-05-09 05:30:00,P+R Krowodrza Górka,90.0,90,
2026-05-09 06:00:00,P+R Krowodrza Górka,89.0,89,
2026-05-09 06:30:00,P+R Krowodrza Górka,88.0,88,
2026-05-09 07:00:00,P+R Krowodrza Górka,88.0,88,
2026-05-09 07:30:00,P+R Krowodrza Górka,88.0,88,
2026-05-09 08:00:00,P+R Krowodrza Górka,82.0,82,
2026-05-09 08:30:00,P+R Krowodrza Górka,76.0,76,
2026-05-09 09:00:00,P+R Krowodrza Górka,65.0,65,
2026-05-09 09:30:00,P+R Krowodrza Górka,57.0,57,
2026-05-09 10:00:00,P+R Krowodrza Górka,56.0,56,
2026-05-09 10:30:00,P+R Krowodrza Górka,52.0,52,
2026-05-09 11:00:00,P+R Krowodrza Górka,48.0,48,
2026-05-09 11:30:00,P+R Krowodrza Górka,47.0,47,
2026-05-09 12:00:00,P+R Krowodrza Górka,49.0,49,
2026-05-09 12:30:00,P+R Krowodrza Górka,50.0,50,
2026-05-09 13:00:00,P+R Krowodrza Górka,54.0,54,
2026-05-09 13:30:00,P+R Krowodrza Górka,56.0,56,
2026-05-09 14:00:00,P+R Krowodrza Górka,54.0,54,
2026-05-09 14:30:00,P+R Krowodrza Górka,53.0,53,
2026-05-09 15:00:00,P+R Krowodrza Górka,56.0,56,
2026-05-09 15:30:00,P+R Krowodrza Górka,57.0,57,
2026-05-09 16:00:00,P+R Krowodrza Górka,56.0,56,
2026-05-09 16:30:00,P+R Krowodrza Górka,54.0,54,
2026-05-09 17:00:00,P+R Krowodrza Górka,58.0,58,
2026-05-09 17:30:00,P+R Krowodrza Górka,60.0,60,
2026-05-09 18:00:00,P+R Krowodrza Górka,64.0,64,
2026-05-09 18:30:00,P+R Krowodrza Górka,65.0,65,
2026-05-09 19:00:00,P+R Krowodrza Górka,66.0,66,
2026-05-09 19:30:00,P+R Krowodrza Górka,67.0,67,
2026-05-09 20:00:00,P+R Krowodrza Górka,69.0,69,
2026-05-09 20:30:00,P+R Krowodrza Górka,71.0,71,
2026-05-09 21:00:00,P+R Krowodrza Górka,72.0,72,
2026-05-09 21:30:00,P+R Krowodrza Górka,75.0,75,
2026-05-09 22:00:00,P+R Krowodrza Górka,76.0,76,
2026-05-09 22:30:00,P+R Krowodrza Górka,84.0,84,
2026-05-09 23:00:00,P+R Krowodrza Górka,90.0,90,
2026-05-09 23:30:00,P+R Krowodrza Górka,93.0,93,
2026-05-10 00:00:00,P+R Krowodrza Górka,93.0,93,
2026-05-10 00:30:00,P+R Krowodrza Górka,97.0,97,
2026-05-10 01:00:00,P+R Krowodrza Górka,97.0,97,
2026-05-10 01:30:00,P+R Krowodrza Górka,97.0,97,
2026-05-10 02:00:00,P+R Krowodrza Górka,97.0,97,
2026-05-10 02:30:00,P+R Krowodrza Górka,97.0,97,
2026-05-10 03:00:00,P+R Krowodrza Górka,97.0,97,
2026-05-10 03:30:00,P+R Krowodrza Górka,97.0,97,
2026-05-10 04:00:00,P+R Krowodrza Górka,97.0,97,
2026-05-10 04:30:00,P+R Krowodrza Górka,97.0,97,
2026-05-10 05:00:00,P+R Krowodrza Górka,94.0,94,
2026-05-10 05:30:00,P+R Krowodrza Górka,,94,forward_fill
2026-05-10 06:00:00,P+R Krowodrza Górka,92.0,92,
2026-05-10 06:30:00,P+R Krowodrza Górka,91.0,91,
2026-05-10 07:00:00,P+R Krowodrza Górka,88.0,88,
2026-05-10 07:30:00,P+R Krowodrza Górka,85.0,85,
2026-05-10 08:00:00,P+R Krowodrza Górka,83.0,83,
2026-05-10 08:30:00,P+R Krowodrza Górka,78.0,78,
2026-05-10 09:00:00,P+R Krowodrza Górka,70.0,70,
2026-05-10 09:30:00,P+R Krowodrza Górka,66.0,66,
2026-05-10 10:00:00,P+R Krowodrza Górka,60.0,60,
2026-05-10 10:30:00,P+R Krowodrza Górka,55.0,55,
2026-05-10 11:00:00,P+R Krowodrza Górka,55.0,55,
2026-05-10 11:30:00,P+R Krowodrza Górka,54.0,54,
2026-05-10 12:00:00,P+R Krowodrza Górka,54.0,54,
2026-05-10 12:30:00,P+R Krowodrza Górka,48.0,48,
2026-05-10 13:00:00,P+R Krowodrza Górka,50.0,50,
2026-05-10 13:30:00,P+R Krowodrza Górka,50.0,50,
2026-05-10 14:00:00,P+R Krowodrza Górka,51.0,51,
2026-05-10 14:30:00,P+R Krowodrza Górka,48.0,48,
2026-05-10 15:00:00,P+R Krowodrza Górka,51.0,51,
2026-05-10 15:30:00,P+R Krowodrza Górka,52.0,52,
2026-05-10 16:00:00,P+R Krowodrza Górka,53.0,53,
2026-05-10 16:30:00,P+R Krowodrza Górka,54.0,54,
2026-05-10 17:00:00,P+R Krowodrza Górka,58.0,58,
2026-05-10 17:30:00,P+R Krowodrza Górka,59.0,59,
2026-05-10 18:00:00,P+R Krowodrza Górka,58.0,58,
2026-05-10 18:30:00,P+R Krowodrza Górka,62.0,62,
2026-05-10 19:00:00,P+R Krowodrza Górka,67.0,67,
2026-05-10 19:30:00,P+R Krowodrza Górka,70.0,70,
2026-05-10 20:00:00,P+R Krowodrza Górka,70.0,70,
2026-05-10 20:30:00,P+R Krowodrza Górka,79.0,79,
2026-05-10 21:00:00,P+R Krowodrza Górka,86.0,86,
2026-05-10 21:30:00,P+R Krowodrza Górka,89.0,89,
2026-05-10 22:00:00,P+R Krowodrza Górka,90.0,90,
2026-05-10 22:30:00,P+R Krowodrza Górka,92.0,92,
2026-05-10 23:00:00,P+R Krowodrza Górka,95.0,95,
2026-05-10 23:30:00,P+R Krowodrza Górka,96.0,96,
2026-05-11 00:00:00,P+R Krowodrza Górka,96.0,96,
2026-05-11 00:30:00,P+R Krowodrza Górka,96.0,96,
2026-05-11 01:00:00,P+R Krowodrza Górka,96.0,96,
2026-05-11 01:30:00,P+R Krowodrza Górka,96.0,96,
2026-05-11 02:00:00,P+R Krowodrza Górka,96.0,96,
2026-05-11 02:30:00,P+R Krowodrza Górka,96.0,96,
2026-05-11 03:00:00,P+R Krowodrza Górka,96.0,96,
2026-05-11 03:30:00,P+R Krowodrza Górka,96.0,96,
2026-05-11 04:00:00,P+R Krowodrza Górka,96.0,96,
2026-05-11 04:30:00,P+R Krowodrza Górka,96.0,96,
2026-05-11 05:00:00,P+R Krowodrza Górka,91.0,91,
2026-05-11 05:30:00,P+R Krowodrza Górka,89.0,89,
2026-05-11 06:00:00,P+R Krowodrza Górka,82.0,82,
2026-05-11 06:30:00,P+R Krowodrza Górka,70.0,70,
2026-05-11 07:00:00,P+R Krowodrza Górka,36.0,36,
2026-05-11 07:30:00,P+R Krowodrza Górka,0.0,0,
2026-05-11 08:00:00,P+R Krowodrza Górka,0.0,0,
2026-05-11 08:30:00,P+R Krowodrza Górka,1.0,1,
2026-05-11 09:00:00,P+R Krowodrza Górka,0.0,0,
2026-05-11 09:30:00,P+R Krowodrza Górka,0.0,0,
2026-05-11 10:00:00,P+R Krowodrza Górka,1.0,1,
2026-05-11 10:30:00,P+R Krowodrza Górka,0.0,0,
2026-05-11 11:00:00,P+R Krowodrza Górka,0.0,0,
2026-05-11 11:30:00,P+R Krowodrza Górka,0.0,0,
2026-05-11 12:00:00,P+R Krowodrza Górka,1.0,1,
2026-05-11 12:30:00,P+R Krowodrza Górka,0.0,0,
2026-05-11 13:00:00,P+R Krowodrza Górka,5.0,5,
2026-05-11 13:30:00,P+R Krowodrza Górka,2.0,2,
2026-05-11 14:00:00,P+R Krowodrza Górka,5.0,5,
2026-05-11 14:30:00,P+R Krowodrza Górka,9.0,9,
2026-05-11 15:00:00,P+R Krowodrza Górka,19.0,19,
2026-05-11 15:30:00,P+R Krowodrza Górka,32.0,32,
2026-05-11 16:00:00,P+R Krowodrza Górka,51.0,51,
2026-05-11 16:30:00,P+R Krowodrza Górka,55.0,55,
2026-05-11 17:00:00,P+R Krowodrza Górka,60.0,60,
2026-05-11 17:30:00,P+R Krowodrza Górka,61.0,61,
2026-05-11 18:00:00,P+R Krowodrza Górka,62.0,62,
2026-05-11 18:30:00,P+R Krowodrza Górka,63.0,63,
2026-05-11 19:00:00,P+R Krowodrza Górka,66.0,66,
2026-05-11 19:30:00,P+R Krowodrza Górka,70.0,70,
2026-05-11 20:00:00,P+R Krowodrza Górka,72.0,72,
2026-05-11 20:30:00,P+R Krowodrza Górka,78.0,78,
2026-05-11 21:00:00,P+R Krowodrza Górka,84.0,84,
2026-05-11 21:30:00,P+R Krowodrza Górka,87.0,87,
2026-05-11 22:00:00,P+R Krowodrza Górka,88.0,88,
2026-05-11 22:30:00,P+R Krowodrza Górka,91.0,91,
2026-05-11 23:00:00,P+R Krowodrza Górka,92.0,92,
2026-05-11 23:30:00,P+R Krowodrza Górka,93.0,93,
2026-05-12 00:00:00,P+R Krowodrza Górka,97.0,97,
2026-05-12 00:30:00,P+R Krowodrza Górka,97.0,97,
2026-05-12 01:00:00,P+R Krowodrza Górka,97.0,97,
2026-05-12 01:30:00,P+R Krowodrza Górka,97.0,97,
2026-05-12 02:00:00,P+R Krowodrza Górka,97.0,97,
2026-05-12 02:30:00,P+R Krowodrza Górka,97.0,97,
2026-05-12 03:00:00,P+R Krowodrza Górka,97.0,97,
2026-05-12 03:30:00,P+R Krowodrza Górka,97.0,97,
2026-05-12 04:00:00,P+R Krowodrza Górka,97.0,97,
2026-05-12 04:30:00,P+R Krowodrza Górka,97.0,97,
2026-05-12 05:00:00,P+R Krowodrza Górka,,97,forward_fill
2026-05-12 05:30:00,P+R Krowodrza Górka,92.0,92,
2026-05-12 06:00:00,P+R Krowodrza Górka,84.0,84,
2026-05-12 06:30:00,P+R Krowodrza Górka,74.0,74,
2026-05-12 07:00:00,P+R Krowodrza Górka,36.0,36,
2026-05-12 07:30:00,P+R Krowodrza Górka,4.0,4,
2026-05-12 08:00:00,P+R Krowodrza Górka,1.0,1,
2026-05-12 08:30:00,P+R Krowodrza Górka,0.0,0,
2026-05-12 09:00:00,P+R Krowodrza Górka,2.0,2,
2026-05-12 09:30:00,P+R Krowodrza Górka,0.0,0,
2026-05-12 10:00:00,P+R Krowodrza Górka,1.0,1,
2026-05-12 10:30:00,P+R Krowodrza Górka,0.0,0,
2026-05-12 11:00:00,P+R Krowodrza Górka,0.0,0,
2026-05-12 11:30:00,P+R Krowodrza Górka,0.0,0,
2026-05-12 12:00:00,P+R Krowodrza Górka,2.0,2,
2026-05-12 12:30:00,P+R Krowodrza Górka,7.0,7,
2026-05-12 13:00:00,P+R Krowodrza Górka,7.0,7,
2026-05-12 13:30:00,P+R Krowodrza Górka,4.0,4,
2026-05-12 14:00:00,P+R Krowodrza Górka,3.0,3,
2026-05-12 14:30:00,P+R Krowodrza Górka,6.0,6,
2026-05-12 15:00:00,P+R Krowodrza Górka,11.0,11,
2026-05-12 15:30:00,P+R Krowodrza Górka,20.0,20,
2026-05-12 16:00:00,P+R Krowodrza Górka,37.0,37,
2026-05-12 16:30:00,P+R Krowodrza Górka,47.0,47,
2026-05-12 17:00:00,P+R Krowodrza Górka,53.0,53,
2026-05-12 17:30:00,P+R Krowodrza Górka,57.0,57,
2026-05-12 18:00:00,P+R Krowodrza Górka,64.0,64,
2026-05-12 18:30:00,P+R Krowodrza Górka,,64,forward_fill
2026-05-12 19:00:00,P+R Krowodrza Górka,73.0,73,
2026-05-12 19:30:00,P+R Krowodrza Górka,70.0,70,
2026-05-12 20:00:00,P+R Krowodrza Górka,71.0,71,
2026-05-12 20:30:00,P+R Krowodrza Górka,77.0,77,
2026-05-12 21:00:00,P+R Krowodrza Górka,79.0,79,
2026-05-12 21:30:00,P+R Krowodrza Górka,84.0,84,
2026-05-12 22:00:00,P+R Krowodrza Górka,89.0,89,
2026-05-12 22:30:00,P+R Krowodrza Górka,95.0,95,
2026-05-12 23:00:00,P+R Krowodrza Górka,96.0,96,
2026-05-12 23:30:00,P+R Krowodrza Górka,96.0,96,
2026-05-13 00:00:00,P+R Krowodrza Górka,97.0,97,
2026-05-13 00:30:00,P+R Krowodrza Górka,97.0,97,
2026-05-13 01:00:00,P+R Krowodrza Górka,97.0,97,
2026-05-13 01:30:00,P+R Krowodrza Górka,97.0,97,
2026-05-13 02:00:00,P+R Krowodrza Górka,97.0,97,
2026-05-13 02:30:00,P+R Krowodrza Górka,97.0,97,
2026-05-13 03:00:00,P+R Krowodrza Górka,97.0,97,
2026-05-13 03:30:00,P+R Krowodrza Górka,97.0,97,
2026-05-13 04:00:00,P+R Krowodrza Górka,97.0,97,
2026-05-13 04:30:00,P+R Krowodrza Górka,97.0,97,
2026-05-13 05:00:00,P+R Krowodrza Górka,93.0,93,
2026-05-13 05:30:00,P+R Krowodrza Górka,90.0,90,
2026-05-13 06:00:00,P+R Krowodrza Górka,85.0,85,
2026-05-13 06:30:00,P+R Krowodrza Górka,73.0,73,
2026-05-13 07:00:00,P+R Krowodrza Górka,37.0,37,
2026-05-13 07:30:00,P+R Krowodrza Górka,7.0,7,
2026-05-13 08:00:00,P+R Krowodrza Górka,0.0,0,
2026-05-13 08:30:00,P+R Krowodrza Górka,0.0,0,
2026-05-13 09:00:00,P+R Krowodrza Górka,0.0,0,
2026-05-13 09:30:00,P+R Krowodrza Górka,0.0,0,
2026-05-13 10:00:00,P+R Krowodrza Górka,0.0,0,
2026-05-13 10:30:00,P+R Krowodrza Górka,1.0,1,
2026-05-13 11:00:00,P+R Krowodrza Górka,0.0,0,
2026-05-13 11:30:00,P+R Krowodrza Górka,0.0,0,
2026-05-13 12:00:00,P+R Krowodrza Górka,1.0,1,
2026-05-13 12:30:00,P+R Krowodrza Górka,2.0,2,
2026-05-13 13:00:00,P+R Krowodrza Górka,6.0,6,
2026-05-13 13:30:00,P+R Krowodrza Górka,10.0,10,
2026-05-13 14:00:00,P+R Krowodrza Górka,11.0,11,
2026-05-13 14:30:00,P+R Krowodrza Górka,12.0,12,
2026-05-13 15:00:00,P+R Krowodrza Górka,15.0,15,
2026-05-13 15:30:00,P+R Krowodrza Górka,25.0,25,
2026-05-13 16:00:00,P+R Krowodrza Górka,46.0,46,
2026-05-13 16:30:00,P+R Krowodrza Górka,58.0,58,
2026-05-13 17:00:00,P+R Krowodrza Górka,65.0,65,
2026-05-13 17:30:00,P+R Krowodrza Górka,62.0,62,
2026-05-13 18:00:00,P+R Krowodrza Górka,55.0,55,
2026-05-13 18:30:00,P+R Krowodrza Górka,52.0,52,
2026-05-13 19:00:00,P+R Krowodrza Górka,57.0,57,
2026-05-13 19:30:00,P+R Krowodrza Górka,63.0,63,
2026-05-13 20:00:00,P+R Krowodrza Górka,66.0,66,
2026-05-13 20:30:00,P+R Krowodrza Górka,71.0,71,
2026-05-13 21:00:00,P+R Krowodrza Górka,77.0,77,
2026-05-13 21:30:00,P+R Krowodrza Górka,82.0,82,
2026-05-13 22:00:00,P+R Krowodrza Górka,83.0,83,
2026-05-13 22:30:00,P+R Krowodrza Górka,90.0,90,
2026-05-13 23:00:00,P+R Krowodrza Górka,92.0,92,
2026-05-13 23:30:00,P+R Krowodrza Górka,92.0,92,
2026-05-14 00:00:00,P+R Krowodrza Górka,92.0,92,
2026-05-14 00:30:00,P+R Krowodrza Górka,94.0,94,
2026-05-14 01:00:00,P+R Krowodrza Górka,94.0,94,
2026-05-14 01:30:00,P+R Krowodrza Górka,97.0,97,
2026-05-14 02:00:00,P+R Krowodrza Górka,97.0,97,
2026-05-14 02:30:00,P+R Krowodrza Górka,97.0,97,
2026-05-14 03:00:00,P+R Krowodrza Górka,97.0,97,
2026-05-14 03:30:00,P+R Krowodrza Górka,97.0,97,
2026-05-14 04:00:00,P+R Krowodrza Górka,97.0,97,
2026-05-14 04:30:00,P+R Krowodrza Górka,97.0,97,
2026-05-14 05:00:00,P+R Krowodrza Górka,94.0,94,
2026-05-14 05:30:00,P+R Krowodrza Górka,93.0,93,
2026-05-14 06:00:00,P+R Krowodrza Górka,83.0,83,
2026-05-14 06:30:00,P+R Krowodrza Górka,72.0,72,
2026-05-14 07:00:00,P+R Krowodrza Górka,50.0,50,
2026-05-14 07:30:00,P+R Krowodrza Górka,20.0,20,
2026-05-14 08:00:00,P+R Krowodrza Górka,7.0,7,
2026-05-14 08:30:00,P+R Krowodrza Górka,1.0,1,
2026-05-14 09:00:00,P+R Krowodrza Górka,0.0,0,
2026-05-14 09:30:00,P+R Krowodrza Górka,0.0,0,
2026-05-14 10:00:00,P+R Krowodrza Górka,0.0,0,
2026-05-14 10:30:00,P+R Krowodrza Górka,0.0,0,
2026-05-14 11:00:00,P+R Krowodrza Górka,0.0,0,
2026-05-14 11:30:00,P+R Krowodrza Górka,0.0,0,
2026-05-14 12:00:00,P+R Krowodrza Górka,0.0,0,
2026-05-14 12:30:00,P+R Krowodrza Górka,0.0,0,
2026-05-14 13:00:00,P+R Krowodrza Górka,5.0,5,
2026-05-14 13:30:00,P+R Krowodrza Górka,6.0,6,
2026-05-14 14:00:00,P+R Krowodrza Górka,3.0,3,
2026-05-14 14:30:00,P+R Krowodrza Górka,0.0,0,
2026-05-14 15:00:00,P+R Krowodrza Górka,2.0,2,
2026-05-14 15:30:00,P+R Krowodrza Górka,19.0,19,
2026-05-14 16:00:00,P+R Krowodrza Górka,32.0,32,
2026-05-14 16:30:00,P+R Krowodrza Górka,45.0,45,
2026-05-14 17:00:00,P+R Krowodrza Górka,56.0,56,
2026-05-14 17:30:00,P+R Krowodrza Górka,56.0,56,
2026-05-14 18:00:00,P+R Krowodrza Górka,54.0,54,
2026-05-14 18:30:00,P+R Krowodrza Górka,61.0,61,
2026-05-14 19:00:00,P+R Krowodrza Górka,66.0,66,
2026-05-14 19:30:00,P+R Krowodrza Górka,69.0,69,
2026-05-14 20:00:00,P+R Krowodrza Górka,74.0,74,
2026-05-14 20:30:00,P+R Krowodrza Górka,76.0,76,
2026-05-14 21:00:00,P+R Krowodrza Górka,78.0,78,
2026-05-14 21:30:00,P+R Krowodrza Górka,79.0,79,
2026-05-14 22:00:00,P+R Krowodrza Górka,85.0,85,
2026-05-14 22:30:00,P+R Krowodrza Górka,90.0,90,
2026-05-14 23:00:00,P+R Krowodrza Górka,94.0,94,
2026-05-14 23:30:00,P+R Krowodrza Górka,96.0,96,
2026-05-15 00:00:00,P+R Krowodrza Górka,,96,forward_fill
2026-05-15 00:30:00,P+R Krowodrza Górka,,96,forward_fill
2026-05-15 01:00:00,P+R Krowodrza Górka,96.0,96,
2026-05-15 01:30:00,P+R Krowodrza Górka,96.0,96,
2026-05-15 02:00:00,P+R Krowodrza Górka,97.0,97,
2026-05-15 02:30:00,P+R Krowodrza Górka,97.0,97,
2026-05-15 03:00:00,P+R Krowodrza Górka,97.0,97,
2026-05-15 03:30:00,P+R Krowodrza Górka,97.0,97,
2026-05-15 04:00:00,P+R Krowodrza Górka,97.0,97,
2026-05-15 04:30:00,P+R Krowodrza Górka,97.0,97,
2026-05-15 05:00:00,P+R Krowodrza Górka,93.0,93,
2026-05-15 05:30:00,P+R Krowodrza Górka,89.0,89,
2026-05-15 06:00:00,P+R Krowodrza Górka,83.0,83,
2026-05-15 06:30:00,P+R Krowodrza Górka,76.0,76,
2026-05-15 07:00:00,P+R Krowodrza Górka,39.0,39,
2026-05-15 07:30:00,P+R Krowodrza Górka,5.0,5,
2026-05-15 08:00:00,P+R Krowodrza Górka,0.0,0,
2026-05-15 08:30:00,P+R Krowodrza Górka,1.0,1,
2026-05-15 09:00:00,P+R Krowodrza Górka,0.0,0,
2026-05-15 09:30:00,P+R Krowodrza Górka,0.0,0,
2026-05-15 10:00:00,P+R Krowodrza Górka,0.0,0,
2026-05-15 10:30:00,P+R Krowodrza Górka,0.0,0,
2026-05-15 11:00:00,P+R Krowodrza Górka,0.0,0,
2026-05-15 11:30:00,P+R Krowodrza Górka,1.0,1,
2026-05-15 12:00:00,P+R Krowodrza Górka,1.0,1,
2026-05-15 12:30:00,P+R Krowodrza Górka,4.0,4,
2026-05-15 13:00:00,P+R Krowodrza Górka,8.0,8,
2026-05-15 13:30:00,P+R Krowodrza Górka,7.0,7,
2026-05-15 14:00:00,P+R Krowodrza Górka,10.0,10,
2026-05-15 14:30:00,P+R Krowodrza Górka,14.0,14,
2026-05-15 15:00:00,P+R Krowodrza Górka,21.0,21,
2026-05-15 15:30:00,P+R Krowodrza Górka,26.0,26,
2026-05-15 16:00:00,P+R Krowodrza Górka,42.0,42,
2026-05-15 16:30:00,P+R Krowodrza Górka,56.0,56,
2026-05-15 17:00:00,P+R Krowodrza Górka,63.0,63,
2026-05-15 17:30:00,P+R Krowodrza Górka,59.0,59,
2026-05-15 18:00:00,P+R Krowodrza Górka,69.0,69,
2026-05-15 18:30:00,P+R Krowodrza Górka,68.0,68,
2026-05-15 19:00:00,P+R Krowodrza Górka,62.0,62,
2026-05-15 19:30:00,P+R Krowodrza Górka,63.0,63,
2026-05-15 20:00:00,P+R Krowodrza Górka,59.0,59,
2026-05-15 20:30:00,P+R Krowodrza Górka,64.0,64,
2026-05-15 21:00:00,P+R Krowodrza Górka,68.0,68,
2026-05-15 21:30:00,P+R Krowodrza Górka,71.0,71,
2026-05-15 22:00:00,P+R Krowodrza Górka,73.0,73,
2026-05-15 22:30:00,P+R Krowodrza Górka,84.0,84,
2026-05-15 23:00:00,P+R Krowodrza Górka,88.0,88,
2026-05-15 23:30:00,P+R Krowodrza Górka,90.0,90,
2026-05-16 00:00:00,P+R Krowodrza Górka,95.0,95,
2026-05-16 00:30:00,P+R Krowodrza Górka,96.0,96,
2026-05-16 01:00:00,P+R Krowodrza Górka,97.0,97,
2026-05-16 01:30:00,P+R Krowodrza Górka,97.0,97,
2026-05-16 02:00:00,P+R Krowodrza Górka,97.0,97,
2026-05-16 02:30:00,P+R Krowodrza Górka,97.0,97,
2026-05-16 03:00:00,P+R Krowodrza Górka,97.0,97,
2026-05-16 03:30:00,P+R Krowodrza Górka,97.0,97,
2026-05-16 04:00:00,P+R Krowodrza Górka,97.0,97,
2026-05-16 04:30:00,P+R Krowodrza Górka,97.0,97,
2026-05-16 05:00:00,P+R Krowodrza Górka,97.0,97,
2026-05-16 05:30:00,P+R Krowodrza Górka,96.0,96,
2026-05-16 06:00:00,P+R Krowodrza Górka,94.0,94,
2026-05-16 06:30:00,P+R Krowodrza Górka,92.0,92,
2026-05-16 07:00:00,P+R Krowodrza Górka,90.0,90,
2026-05-16 07:30:00,P+R Krowodrza Górka,86.0,86,
2026-05-16 08:00:00,P+R Krowodrza Górka,84.0,84,
2026-05-16 08:30:00,P+R Krowodrza Górka,77.0,77,
2026-05-16 09:00:00,P+R Krowodrza Górka,63.0,63,
2026-05-16 09:30:00,P+R Krowodrza Górka,55.0,55,
2026-05-16 10:00:00,P+R Krowodrza Górka,52.0,52,
2026-05-16 10:30:00,P+R Krowodrza Górka,49.0,49,
2026-05-16 11:00:00,P+R Krowodrza Górka,44.0,44,
2026-05-16 11:30:00,P+R Krowodrza Górka,38.0,38,
2026-05-16 12:00:00,P+R Krowodrza Górka,40.0,40,
2026-05-16 12:30:00,P+R Krowodrza Górka,37.0,37,
2026-05-16 13:00:00,P+R Krowodrza Górka,36.0,36,
2026-05-16 13:30:00,P+R Krowodrza Górka,34.0,34,
2026-05-16 14:00:00,P+R Krowodrza Górka,38.0,38,
2026-05-16 14:30:00,P+R Krowodrza Górka,40.0,40,
2026-05-16 15:00:00,P+R Krowodrza Górka,42.0,42,
2026-05-16 15:30:00,P+R Krowodrza Górka,36.0,36,
2026-05-16 16:00:00,P+R Krowodrza Górka,37.0,37,
2026-05-16 16:30:00,P+R Krowodrza Górka,38.0,38,
2026-05-16 17:00:00,P+R Krowodrza Górka,43.0,43,
2026-05-16 17:30:00,P+R Krowodrza Górka,42.0,42,
2026-05-16 18:00:00,P+R Krowodrza Górka,47.0,47,
2026-05-16 18:30:00,P+R Krowodrza Górka,43.0,43,
2026-05-16 19:00:00,P+R Krowodrza Górka,47.0,47,
2026-05-16 19:30:00,P+R Krowodrza Górka,51.0,51,
2026-05-16 20:00:00,P+R Krowodrza Górka,,51,forward_fill
2026-05-16 20:30:00,P+R Krowodrza Górka,56.0,56,
2026-05-16 21:00:00,P+R Krowodrza Górka,60.0,60,
2026-05-16 21:30:00,P+R Krowodrza Górka,66.0,66,
2026-05-16 22:00:00,P+R Krowodrza Górka,72.0,72,
2026-05-16 22:30:00,P+R Krowodrza Górka,80.0,80,
2026-05-16 23:00:00,P+R Krowodrza Górka,86.0,86,
2026-05-16 23:30:00,P+R Krowodrza Górka,88.0,88,
2026-05-17 00:00:00,P+R Krowodrza Górka,91.0,91,
2026-05-17 00:30:00,P+R Krowodrza Górka,91.0,91,
2026-05-17 01:00:00,P+R Krowodrza Górka,96.0,96,
2026-05-17 01:30:00,P+R Krowodrza Górka,97.0,97,
2026-05-17 02:00:00,P+R Krowodrza Górka,97.0,97,
2026-05-17 02:30:00,P+R Krowodrza Górka,97.0,97,
2026-05-17 03:00:00,P+R Krowodrza Górka,97.0,97,
2026-05-17 03:30:00,P+R Krowodrza Górka,97.0,97,
2026-05-17 04:00:00,P+R Krowodrza Górka,97.0,97,
2026-05-17 04:30:00,P+R Krowodrza Górka,97.0,97,
2026-05-17 05:00:00,P+R Krowodrza Górka,94.0,94,
2026-05-17 05:30:00,P+R Krowodrza Górka,94.0,94,
2026-05-17 06:00:00,P+R Krowodrza Górka,94.0,94,
2026-05-17 06:30:00,P+R Krowodrza Górka,94.0,94,
2026-05-17 07:00:00,P+R Krowodrza Górka,94.0,94,
2026-05-17 07:30:00,P+R Krowodrza Górka,89.0,89,
2026-05-17 08:00:00,P+R Krowodrza Górka,85.0,85,
2026-05-17 08:30:00,P+R Krowodrza Górka,80.0,80,
2026-05-17 09:00:00,P+R Krowodrza Górka,77.0,77,
2026-05-17 09:30:00,P+R Krowodrza Górka,69.0,69,
2026-05-17 10:00:00,P+R Krowodrza Górka,64.0,64,
2026-05-17 10:30:00,P+R Krowodrza Górka,58.0,58,
2026-05-17 11:00:00,P+R Krowodrza Górka,56.0,56,
2026-05-17 11:30:00,P+R Krowodrza Górka,56.0,56,
2026-05-17 12:00:00,P+R Krowodrza Górka,52.0,52,
2026-05-17 12:30:00,P+R Krowodrza Górka,47.0,47,
2026-05-17 13:00:00,P+R Krowodrza Górka,43.0,43,
2026-05-17 13:30:00,P+R Krowodrza Górka,40.0,40,
2026-05-17 14:00:00,P+R Krowodrza Górka,41.0,41,
2026-05-17 14:30:00,P+R Krowodrza Górka,37.0,37,
2026-05-17 15:00:00,P+R Krowodrza Górka,43.0,43,
2026-05-17 15:30:00,P+R Krowodrza Górka,44.0,44,
2026-05-17 16:00:00,P+R Krowodrza Górka,46.0,46,
2026-05-17 16:30:00,P+R Krowodrza Górka,49.0,49,
2026-05-17 17:00:00,P+R Krowodrza Górka,53.0,53,
2026-05-17 17:30:00,P+R Krowodrza Górka,54.0,54,
2026-05-17 18:00:00,P+R Krowodrza Górka,53.0,53,
2026-05-17 18:30:00,P+R Krowodrza Górka,55.0,55,
2026-05-17 19:00:00,P+R Krowodrza Górka,56.0,56,
2026-05-17 19:30:00,P+R Krowodrza Górka,57.0,57,
2026-05-17 20:00:00,P+R Krowodrza Górka,57.0,57,
2026-05-17 20:30:00,P+R Krowodrza Górka,62.0,62,
2026-05-17 21:00:00,P+R Krowodrza Górka,71.0,71,
2026-05-17 21:30:00,P+R Krowodrza Górka,71.0,71,
2026-05-17 22:00:00,P+R Krowodrza Górka,76.0,76,
2026-05-17 22:30:00,P+R Krowodrza Górka,79.0,79,
2026-05-17 23:00:00,P+R Krowodrza Górka,84.0,84,
2026-05-17 23:30:00,P+R Krowodrza Górka,85.0,85,
2026-05-18 00:00:00,P+R Krowodrza Górka,,85,forward_fill
2026-05-18 00:30:00,P+R Krowodrza Górka,,85,forward_fill
2026-05-18 01:00:00,P+R Krowodrza Górka,97.0,97,
2026-05-18 01:30:00,P+R Krowodrza Górka,97.0,97,
2026-05-18 02:00:00,P+R Krowodrza Górka,97.0,97,
2026-05-18 02:30:00,P+R Krowodrza Górka,97.0,97,
2026-05-18 03:00:00,P+R Krowodrza Górka,97.0,97,
2026-05-18 03:30:00,P+R Krowodrza Górka,97.0,97,
2026-05-18 04:00:00,P+R Krowodrza Górka,97.0,97,
2026-05-18 04:30:00,P+R Krowodrza Górka,97.0,97,
2026-05-18 05:00:00,P+R Krowodrza Górka,93.0,93,
2026-05-18 05:30:00,P+R Krowodrza Górka,87.0,87,
2026-05-18 06:00:00,P+R Krowodrza Górka,81.0,81,
2026-05-18 06:30:00,P+R Krowodrza Górka,65.0,65,
2026-05-18 07:00:00,P+R Krowodrza Górka,33.0,33,
2026-05-18 07:30:00,P+R Krowodrza Górka,11.0,11,
2026-05-18 08:00:00,P+R Krowodrza Górka,0.0,0,
2026-05-18 08:30:00,P+R Krowodrza Górka,0.0,0,
2026-05-18 09:00:00,P+R Krowodrza Górka,0.0,0,
2026-05-18 09:30:00,P+R Krowodrza Górka,0.0,0,
2026-05-18 10:00:00,P+R Krowodrza Górka,0.0,0,
2026-05-18 10:30:00,P+R Krowodrza Górka,1.0,1,
2026-05-18 11:00:00,P+R Krowodrza Górka,0.0,0,
2026-05-18 11:30:00,P+R Krowodrza Górka,0.0,0,
2026-05-18 12:00:00,P+R Krowodrza Górka,0.0,0,
2026-05-18 12:30:00,P+R Krowodrza Górka,0.0,0,
2026-05-18 13:00:00,P+R Krowodrza Górka,1.0,1,
2026-05-18 13:30:00,P+R Krowodrza Górka,5.0,5,
2026-05-18 14:00:00,P+R Krowodrza Górka,8.0,8,
2026-05-18 14:30:00,P+R Krowodrza Górka,8.0,8,
2026-05-18 15:00:00,P+R Krowodrza Górka,10.0,10,
2026-05-18 15:30:00,P+R Krowodrza Górka,17.0,17,
2026-05-18 16:00:00,P+R Krowodrza Górka,35.0,35,
2026-05-18 16:30:00,P+R Krowodrza Górka,47.0,47,
2026-05-18 17:00:00,P+R Krowodrza Górka,53.0,53,
2026-05-18 17:30:00,P+R Krowodrza Górka,58.0,58,
2026-05-18 18:00:00,P+R Krowodrza Górka,,58,forward_fill
2026-05-18 18:30:00,P+R Krowodrza Górka,,58,forward_fill
2026-05-18 19:00:00,P+R Krowodrza Górka,73.0,73,
2026-05-18 19:30:00,P+R Krowodrza Górka,73.0,73,
2026-05-18 20:00:00,P+R Krowodrza Górka,77.0,77,
2026-05-18 20:30:00,P+R Krowodrza Górka,79.0,79,
2026-05-18 21:00:00,P+R Krowodrza Górka,81.0,81,
2026-05-18 21:30:00,P+R Krowodrza Górka,83.0,83,
2026-05-18 22:00:00,P+R Krowodrza Górka,85.0,85,
2026-05-18 22:30:00,P+R Krowodrza Górka,90.0,90,
2026-05-18 23:00:00,P+R Krowodrza Górka,94.0,94,
2026-05-18 23:30:00,P+R Krowodrza Górka,97.0,97,
2026-05-19 00:00:00,P+R Krowodrza Górka,97.0,97,
2026-05-19 00:30:00,P+R Krowodrza Górka,97.0,97,
2026-05-19 01:00:00,P+R Krowodrza Górka,97.0,97,
2026-05-19 01:30:00,P+R Krowodrza Górka,97.0,97,
2026-05-19 02:00:00,P+R Krowodrza Górka,97.0,97,
2026-05-19 02:30:00,P+R Krowodrza Górka,97.0,97,
2026-05-19 03:00:00,P+R Krowodrza Górka,97.0,97,
2026-05-19 03:30:00,P+R Krowodrza Górka,97.0,97,
2026-05-19 04:00:00,P+R Krowodrza Górka,97.0,97,
2026-05-19 04:30:00,P+R Krowodrza Górka,97.0,97,
2026-05-19 05:00:00,P+R Krowodrza Górka,93.0,93,
2026-05-19 05:30:00,P+R Krowodrza Górka,88.0,88,
2026-05-19 06:00:00,P+R Krowodrza Górka,76.0,76,
2026-05-19 06:30:00,P+R Krowodrza Górka,69.0,69,
2026-05-19 07:00:00,P+R Krowodrza Górka,32.0,32,
2026-05-19 07:30:00,P+R Krowodrza Górka,0.0,0,
2026-05-19 08:00:00,P+R Krowodrza Górka,0.0,0,
2026-05-19 08:30:00,P+R Krowodrza Górka,0.0,0,
2026-05-19 09:00:00,P+R Krowodrza Górka,0.0,0,
2026-05-19 09:30:00,P+R Krowodrza Górka,1.0,1,
2026-05-19 10:00:00,P+R Krowodrza Górka,0.0,0,
2026-05-19 10:30:00,P+R Krowodrza Górka,0.0,0,
2026-05-19 11:00:00,P+R Krowodrza Górka,0.0,0,
2026-05-19 11:30:00,P+R Krowodrza Górka,0.0,0,
2026-05-19 12:00:00,P+R Krowodrza Górka,0.0,0,
2026-05-19 12:30:00,P+R Krowodrza Górka,0.0,0,
2026-05-19 13:00:00,P+R Krowodrza Górka,2.0,2,
2026-05-19 13:30:00,P+R Krowodrza Górka,5.0,5,
2026-05-19 14:00:00,P+R Krowodrza Górka,1.0,1,
2026-05-19 14:30:00,P+R Krowodrza Górka,5.0,5,
2026-05-19 15:00:00,P+R Krowodrza Górka,14.0,14,
2026-05-19 15:30:00,P+R Krowodrza Górka,19.0,19,
2026-05-19 16:00:00,P+R Krowodrza Górka,41.0,41,
2026-05-19 16:30:00,P+R Krowodrza Górka,47.0,47,
2026-05-19 17:00:00,P+R Krowodrza Górka,47.0,47,
2026-05-19 17:30:00,P+R Krowodrza Górka,47.0,47,
2026-05-19 18:00:00,P+R Krowodrza Górka,50.0,50,
2026-05-19 18:30:00,P+R Krowodrza Górka,52.0,52,
2026-05-19 19:00:00,P+R Krowodrza Górka,57.0,57,
2026-05-19 19:30:00,P+R Krowodrza Górka,65.0,65,
2026-05-19 20:00:00,P+R Krowodrza Górka,68.0,68,
2026-05-19 20:30:00,P+R Krowodrza Górka,,68,forward_fill
2026-05-19 21:00:00,P+R Krowodrza Górka,65.0,65,
2026-05-19 21:30:00,P+R Krowodrza Górka,65.0,65,
2026-05-19 22:00:00,P+R Krowodrza Górka,67.0,67,
2026-05-19 22:30:00,P+R Krowodrza Górka,70.0,70,
2026-05-19 23:00:00,P+R Krowodrza Górka,75.0,75,
2026-05-19 23:30:00,P+R Krowodrza Górka,76.0,76,
2026-05-20 00:00:00,P+R Krowodrza Górka,77.0,77,
2026-05-20 00:30:00,P+R Krowodrza Górka,77.0,77,
2026-05-20 01:00:00,P+R Krowodrza Górka,77.0,77,
2026-05-20 01:30:00,P+R Krowodrza Górka,78.0,78,
2026-05-20 02:00:00,P+R Krowodrza Górka,97.0,97,
2026-05-20 02:30:00,P+R Krowodrza Górka,97.0,97,
2026-05-20 03:00:00,P+R Krowodrza Górka,97.0,97,
2026-05-20 03:30:00,P+R Krowodrza Górka,97.0,97,
2026-05-20 04:00:00,P+R Krowodrza Górka,97.0,97,
2026-05-20 04:30:00,P+R Krowodrza Górka,,97,forward_fill
2026-05-20 05:00:00,P+R Krowodrza Górka,95.0,95,
2026-05-20 05:30:00,P+R Krowodrza Górka,91.0,91,
2026-05-20 06:00:00,P+R Krowodrza Górka,79.0,79,
2026-05-20 06:30:00,P+R Krowodrza Górka,66.0,66,
2026-05-20 07:00:00,P+R Krowodrza Górka,32.0,32,
2026-05-20 07:30:00,P+R Krowodrza Górka,2.0,2,
2026-05-20 08:00:00,P+R Krowodrza Górka,0.0,0,
2026-05-20 08:30:00,P+R Krowodrza Górka,0.0,0,
2026-05-20 09:00:00,P+R Krowodrza Górka,0.0,0,
2026-05-20 09:30:00,P+R Krowodrza Górka,0.0,0,
2026-05-20 10:00:00,P+R Krowodrza Górka,0.0,0,
2026-05-20 10:30:00,P+R Krowodrza Górka,0.0,0,
2026-05-20 11:00:00,P+R Krowodrza Górka,0.0,0,
2026-05-20 11:30:00,P+R Krowodrza Górka,0.0,0,
2026-05-20 12:00:00,P+R Krowodrza Górka,1.0,1,
2026-05-20 12:30:00,P+R Krowodrza Górka,1.0,1,
2026-05-20 13:00:00,P+R Krowodrza Górka,3.0,3,
2026-05-20 13:30:00,P+R Krowodrza Górka,4.0,4,
2026-05-20 14:00:00,P+R Krowodrza Górka,9.0,9,
2026-05-20 14:30:00,P+R Krowodrza Górka,11.0,11,
2026-05-20 15:00:00,P+R Krowodrza Górka,14.0,14,
2026-05-20 15:30:00,P+R Krowodrza Górka,26.0,26,
2026-05-20 16:00:00,P+R Krowodrza Górka,35.0,35,
2026-05-20 16:30:00,P+R Krowodrza Górka,45.0,45,
2026-05-20 17:00:00,P+R Krowodrza Górka,50.0,50,
2026-05-20 17:30:00,P+R Krowodrza Górka,59.0,59,
2026-05-20 18:00:00,P+R Krowodrza Górka,64.0,64,
2026-05-20 18:30:00,P+R Krowodrza Górka,66.0,66,
2026-05-20 19:00:00,P+R Krowodrza Górka,67.0,67,
2026-05-20 19:30:00,P+R Krowodrza Górka,69.0,69,
2026-05-20 20:00:00,P+R Krowodrza Górka,72.0,72,
2026-05-20 20:30:00,P+R Krowodrza Górka,77.0,77,
2026-05-20 21:00:00,P+R Krowodrza Górka,80.0,80,
2026-05-20 21:30:00,P+R Krowodrza Górka,82.0,82,
2026-05-20 22:00:00,P+R Krowodrza Górka,86.0,86,
2026-05-20 22:30:00,P+R Krowodrza Górka,90.0,90,
2026-05-20 23:00:00,P+R Krowodrza Górka,94.0,94,
2026-05-20 23:30:00,P+R Krowodrza Górka,96.0,96,
2026-05-21 00:00:00,P+R Krowodrza Górka,97.0,97,
2026-05-21 00:30:00,P+R Krowodrza Górka,97.0,97,
2026-05-21 01:00:00,P+R Krowodrza Górka,97.0,97,
2026-05-21 01:30:00,P+R Krowodrza Górka,97.0,97,
2026-05-21 02:00:00,P+R Krowodrza Górka,97.0,97,
2026-05-21 02:30:00,P+R Krowodrza Górka,97.0,97,
2026-05-21 03:00:00,P+R Krowodrza Górka,97.0,97,
2026-05-21 03:30:00,P+R Krowodrza Górka,97.0,97,
2026-05-21 04:00:00,P+R Krowodrza Górka,97.0,97,
2026-05-21 04:30:00,P+R Krowodrza Górka,97.0,97,
2026-05-21 05:00:00,P+R Krowodrza Górka,92.0,92,
2026-05-21 05:30:00,P+R Krowodrza Górka,88.0,88,
2026-05-21 06:00:00,P+R Krowodrza Górka,81.0,81,
2026-05-21 06:30:00,P+R Krowodrza Górka,73.0,73,
2026-05-21 07:00:00,P+R Krowodrza Górka,40.0,40,
2026-05-21 07:30:00,P+R Krowodrza Górka,9.0,9,
2026-05-21 08:00:00,P+R Krowodrza Górka,0.0,0,
2026-05-21 08:30:00,P+R Krowodrza Górka,0.0,0,
2026-05-21 09:00:00,P+R Krowodrza Górka,0.0,0,
2026-05-21 09:30:00,P+R Krowodrza Górka,0.0,0,
2026-05-21 10:00:00,P+R Krowodrza Górka,0.0,0,
2026-05-21 10:30:00,P+R Krowodrza Górka,1.0,1,
2026-05-21 11:00:00,P+R Krowodrza Górka,0.0,0,
2026-05-21 11:30:00,P+R Krowodrza Górka,0.0,0,
2026-05-21 12:00:00,P+R Krowodrza Górka,0.0,0,
2026-05-21 12:30:00,P+R Krowodrza Górka,0.0,0,
2026-05-21 13:00:00,P+R Krowodrza Górka,1.0,1,
2026-05-21 13:30:00,P+R Krowodrza Górka,3.0,3,
2026-05-21 14:00:00,P+R Krowodrza Górka,3.0,3,
2026-05-21 14:30:00,P+R Krowodrza Górka,0.0,0,
2026-05-21 15:00:00,P+R Krowodrza Górka,14.0,14,
2026-05-21 15:30:00,P+R Krowodrza Górka,22.0,22,
2026-05-21 16:00:00,P+R Krowodrza Górka,34.0,34,
2026-05-21 16:30:00,P+R Krowodrza Górka,43.0,43,
2026-05-21 17:00:00,P+R Krowodrza Górka,45.0,45,
2026-05-21 17:30:00,P+R Krowodrza Górka,49.0,49,
2026-05-21 18:00:00,P+R Krowodrza Górka,56.0,56,
2026-05-21 18:30:00,P+R Krowodrza Górka,57.0,57,
2026-05-21 19:00:00,P+R Krowodrza Górka,57.0,57,
2026-05-21 19:30:00,P+R Krowodrza Górka,63.0,63,
2026-05-21 20:00:00,P+R Krowodrza Górka,67.0,67,
2026-05-21 20:30:00,P+R Krowodrza Górka,71.0,71,
2026-05-21 21:00:00,P+R Krowodrza Górka,77.0,77,
2026-05-21 21:30:00,P+R Krowodrza Górka,82.0,82,
2026-05-21 22:00:00,P+R Krowodrza Górka,84.0,84,
2026-05-21 22:30:00,P+R Krowodrza Górka,90.0,90,
2026-05-21 23:00:00,P+R Krowodrza Górka,92.0,92,
2026-05-21 23:30:00,P+R Krowodrza Górka,92.0,92,
2026-05-22 00:00:00,P+R Krowodrza Górka,95.0,95,
2026-05-22 00:30:00,P+R Krowodrza Górka,95.0,95,
2026-05-22 01:00:00,P+R Krowodrza Górka,96.0,96,
2026-05-22 01:30:00,P+R Krowodrza Górka,96.0,96,
2026-05-22 02:00:00,P+R Krowodrza Górka,97.0,97,
2026-05-22 02:30:00,P+R Krowodrza Górka,97.0,97,
2026-05-22 03:00:00,P+R Krowodrza Górka,97.0,97,
2026-05-22 03:30:00,P+R Krowodrza Górka,97.0,97,
2026-05-22 04:00:00,P+R Krowodrza Górka,97.0,97,
2026-05-22 04:30:00,P+R Krowodrza Górka,97.0,97,
2026-05-22 05:00:00,P+R Krowodrza Górka,94.0,94,
2026-05-22 05:30:00,P+R Krowodrza Górka,89.0,89,
2026-05-22 06:00:00,P+R Krowodrza Górka,77.0,77,
2026-05-22 06:30:00,P+R Krowodrza Górka,70.0,70,
2026-05-22 07:00:00,P+R Krowodrza Górka,35.0,35,
2026-05-22 07:30:00,P+R Krowodrza Górka,9.0,9,
2026-05-22 08:00:00,P+R Krowodrza Górka,0.0,0,
2026-05-22 08:30:00,P+R Krowodrza Górka,0.0,0,
2026-05-22 09:00:00,P+R Krowodrza Górka,0.0,0,
2026-05-22 09:30:00,P+R Krowodrza Górka,0.0,0,
2026-05-22 10:00:00,P+R Krowodrza Górka,1.0,1,
2026-05-22 10:30:00,P+R Krowodrza Górka,0.0,0,
2026-05-22 11:00:00,P+R Krowodrza Górka,0.0,0,
2026-05-22 11:30:00,P+R Krowodrza Górka,1.0,1,
2026-05-22 12:00:00,P+R Krowodrza Górka,1.0,1,
2026-05-22 12:30:00,P+R Krowodrza Górka,0.0,0,
2026-05-22 13:00:00,P+R Krowodrza Górka,5.0,5,
2026-05-22 13:30:00,P+R Krowodrza Górka,4.0,4,
2026-05-22 14:00:00,P+R Krowodrza Górka,7.0,7,
2026-05-22 14:30:00,P+R Krowodrza Górka,20.0,20,
2026-05-22 15:00:00,P+R Krowodrza Górka,30.0,30,
2026-05-22 15:30:00,P+R Krowodrza Górka,34.0,34,
2026-05-22 16:00:00,P+R Krowodrza Górka,48.0,48,
2026-05-22 16:30:00,P+R Krowodrza Górka,50.0,50,
2026-05-22 17:00:00,P+R Krowodrza Górka,53.0,53,
2026-05-22 17:30:00,P+R Krowodrza Górka,53.0,53,
2026-05-22 18:00:00,P+R Krowodrza Górka,55.0,55,
2026-05-22 18:30:00,P+R Krowodrza Górka,51.0,51,
2026-05-22 19:00:00,P+R Krowodrza Górka,58.0,58,
2026-05-22 19:30:00,P+R Krowodrza Górka,59.0,59,
2026-05-22 20:00:00,P+R Krowodrza Górka,60.0,60,
2026-05-22 20:30:00,P+R Krowodrza Górka,63.0,63,
2026-05-22 21:00:00,P+R Krowodrza Górka,66.0,66,
2026-05-22 21:30:00,P+R Krowodrza Górka,71.0,71,
2026-05-22 22:00:00,P+R Krowodrza Górka,76.0,76,
2026-05-22 22:30:00,P+R Krowodrza Górka,84.0,84,
2026-05-22 23:00:00,P+R Krowodrza Górka,88.0,88,
2026-05-22 23:30:00,P+R Krowodrza Górka,91.0,91,
2026-05-23 00:00:00,P+R Krowodrza Górka,92.0,92,
2026-05-23 00:30:00,P+R Krowodrza Górka,92.0,92,
2026-05-23 01:00:00,P+R Krowodrza Górka,93.0,93,
2026-05-23 01:30:00,P+R Krowodrza Górka,93.0,93,
2026-05-23 02:00:00,P+R Krowodrza Górka,95.0,95,
2026-05-23 02:30:00,P+R Krowodrza Górka,95.0,95,
2026-05-23 03:00:00,P+R Krowodrza Górka,95.0,95,
2026-05-23 03:30:00,P+R Krowodrza Górka,95.0,95,
2026-05-23 04:00:00,P+R Krowodrza Górka,95.0,95,
2026-05-23 04:30:00,P+R Krowodrza Górka,95.0,95,
2026-05-23 05:00:00,P+R Krowodrza Górka,92.0,92,
2026-05-23 05:30:00,P+R Krowodrza Górka,90.0,90,
2026-05-23 06:00:00,P+R Krowodrza Górka,89.0,89,
2026-05-23 06:30:00,P+R Krowodrza Górka,87.0,87,
2026-05-23 07:00:00,P+R Krowodrza Górka,87.0,87,
2026-05-23 07:30:00,P+R Krowodrza Górka,85.0,85,
2026-05-23 08:00:00,P+R Krowodrza Górka,78.0,78,
2026-05-23 08:30:00,P+R Krowodrza Górka,73.0,73,
2026-05-23 09:00:00,P+R Krowodrza Górka,62.0,62,
2026-05-23 09:30:00,P+R Krowodrza Górka,56.0,56,
2026-05-23 10:00:00,P+R Krowodrza Górka,53.0,53,
2026-05-23 10:30:00,P+R Krowodrza Górka,50.0,50,
2026-05-23 11:00:00,P+R Krowodrza Górka,41.0,41,
2026-05-23 11:30:00,P+R Krowodrza Górka,45.0,45,
2026-05-23 12:00:00,P+R Krowodrza Górka,47.0,47,
2026-05-23 12:30:00,P+R Krowodrza Górka,47.0,47,
2026-05-23 13:00:00,P+R Krowodrza Górka,46.0,46,
2026-05-23 13:30:00,P+R Krowodrza Górka,42.0,42,
2026-05-23 14:00:00,P+R Krowodrza Górka,39.0,39,
2026-05-23 14:30:00,P+R Krowodrza Górka,42.0,42,
2026-05-23 15:00:00,P+R Krowodrza Górka,40.0,40,
2026-05-23 15:30:00,P+R Krowodrza Górka,41.0,41,
2026-05-23 16:00:00,P+R Krowodrza Górka,35.0,35,
2026-05-23 16:30:00,P+R Krowodrza Górka,34.0,34,
2026-05-23 17:00:00,P+R Krowodrza Górka,32.0,32,
2026-05-23 17:30:00,P+R Krowodrza Górka,38.0,38,
2026-05-23 18:00:00,P+R Krowodrza Górka,43.0,43,
2026-05-23 18:30:00,P+R Krowodrza Górka,45.0,45,
2026-05-23 19:00:00,P+R Krowodrza Górka,46.0,46,
2026-05-23 19:30:00,P+R Krowodrza Górka,51.0,51,
2026-05-23 20:00:00,P+R Krowodrza Górka,55.0,55,
2026-05-23 20:30:00,P+R Krowodrza Górka,58.0,58,
2026-05-23 21:00:00,P+R Krowodrza Górka,65.0,65,
2026-05-23 21:30:00,P+R Krowodrza Górka,69.0,69,
2026-05-23 22:00:00,P+R Krowodrza Górka,73.0,73,
2026-05-23 22:30:00,P+R Krowodrza Górka,79.0,79,
2026-05-23 23:00:00,P+R Krowodrza Górka,81.0,81,
2026-05-23 23:30:00,P+R Krowodrza Górka,86.0,86,
2026-05-24 00:00:00,P+R Krowodrza Górka,89.0,89,
2026-05-24 00:30:00,P+R Krowodrza Górka,91.0,91,
2026-05-24 01:00:00,P+R Krowodrza Górka,92.0,92,
2026-05-24 01:30:00,P+R Krowodrza Górka,97.0,97,
2026-05-24 02:00:00,P+R Krowodrza Górka,97.0,97,
2026-05-24 02:30:00,P+R Krowodrza Górka,97.0,97,
2026-05-24 03:00:00,P+R Krowodrza Górka,97.0,97,
2026-05-24 03:30:00,P+R Krowodrza Górka,97.0,97,
2026-05-24 04:00:00,P+R Krowodrza Górka,97.0,97,
2026-05-24 04:30:00,P+R Krowodrza Górka,97.0,97,
2026-05-24 05:00:00,P+R Krowodrza Górka,95.0,95,
2026-05-24 05:30:00,P+R Krowodrza Górka,93.0,93,
2026-05-24 06:00:00,P+R Krowodrza Górka,92.0,92,
2026-05-24 06:30:00,P+R Krowodrza Górka,91.0,91,
2026-05-24 07:00:00,P+R Krowodrza Górka,90.0,90,
2026-05-24 07:30:00,P+R Krowodrza Górka,87.0,87,
2026-05-24 08:00:00,P+R Krowodrza Górka,85.0,85,
2026-05-24 08:30:00,P+R Krowodrza Górka,83.0,83,
2026-05-24 09:00:00,P+R Krowodrza Górka,82.0,82,
2026-05-24 09:30:00,P+R Krowodrza Górka,75.0,75,
2026-05-24 10:00:00,P+R Krowodrza Górka,70.0,70,
2026-05-24 10:30:00,P+R Krowodrza Górka,65.0,65,
2026-05-24 11:00:00,P+R Krowodrza Górka,61.0,61,
2026-05-24 11:30:00,P+R Krowodrza Górka,56.0,56,
2026-05-24 12:00:00,P+R Krowodrza Górka,59.0,59,
2026-05-24 12:30:00,P+R Krowodrza Górka,61.0,61,
2026-05-24 13:00:00,P+R Krowodrza Górka,59.0,59,
2026-05-24 13:30:00,P+R Krowodrza Górka,61.0,61,
2026-05-24 14:00:00,P+R Krowodrza Górka,62.0,62,
2026-05-24 14:30:00,P+R Krowodrza Górka,57.0,57,
2026-05-24 15:00:00,P+R Krowodrza Górka,53.0,53,
2026-05-24 15:30:00,P+R Krowodrza Górka,48.0,48,
2026-05-24 16:00:00,P+R Krowodrza Górka,46.0,46,
2026-05-24 16:30:00,P+R Krowodrza Górka,51.0,51,
2026-05-24 17:00:00,P+R Krowodrza Górka,51.0,51,
2026-05-24 17:30:00,P+R Krowodrza Górka,53.0,53,
2026-05-24 18:00:00,P+R Krowodrza Górka,59.0,59,
2026-05-24 18:30:00,P+R Krowodrza Górka,61.0,61,
2026-05-24 19:00:00,P+R Krowodrza Górka,64.0,64,
2026-05-24 19:30:00,P+R Krowodrza Górka,64.0,64,
2026-05-24 20:00:00,P+R Krowodrza Górka,66.0,66,
2026-05-24 20:30:00,P+R Krowodrza Górka,70.0,70,
2026-05-24 21:00:00,P+R Krowodrza Górka,,70,forward_fill
2026-05-24 21:30:00,P+R Krowodrza Górka,73.0,73,
2026-05-24 22:00:00,P+R Krowodrza Górka,81.0,81,
2026-05-24 22:30:00,P+R Krowodrza Górka,83.0,83,
2026-05-24 23:00:00,P+R Krowodrza Górka,88.0,88,
2026-05-24 23:30:00,P+R Krowodrza Górka,92.0,92,
2026-05-25 00:00:00,P+R Krowodrza Górka,94.0,94,
2026-05-25 00:30:00,P+R Krowodrza Górka,94.0,94,
2026-05-25 01:00:00,P+R Krowodrza Górka,94.0,94,
2026-05-25 01:30:00,P+R Krowodrza Górka,94.0,94,
2026-05-25 02:00:00,P+R Krowodrza Górka,94.0,94,
2026-05-25 02:30:00,P+R Krowodrza Górka,96.0,96,
2026-05-25 03:00:00,P+R Krowodrza Górka,96.0,96,
2026-05-25 03:30:00,P+R Krowodrza Górka,96.0,96,
2026-05-25 04:00:00,P+R Krowodrza Górka,96.0,96,
2026-05-25 04:30:00,P+R Krowodrza Górka,96.0,96,
2026-05-25 05:00:00,P+R Krowodrza Górka,91.0,91,
2026-05-25 05:30:00,P+R Krowodrza Górka,88.0,88,
2026-05-25 06:00:00,P+R Krowodrza Górka,79.0,79,
2026-05-25 06:30:00,P+R Krowodrza Górka,65.0,65,
2026-05-25 07:00:00,P+R Krowodrza Górka,42.0,42,
2026-05-25 07:30:00,P+R Krowodrza Górka,10.0,10,
2026-05-25 08:00:00,P+R Krowodrza Górka,0.0,0,
2026-05-25 08:30:00,P+R Krowodrza Górka,0.0,0,
2026-05-25 09:00:00,P+R Krowodrza Górka,0.0,0,
2026-05-25 09:30:00,P+R Krowodrza Górka,0.0,0,
2026-05-25 10:00:00,P+R Krowodrza Górka,3.0,3,
2026-05-25 10:30:00,P+R Krowodrza Górka,2.0,2,
2026-05-25 11:00:00,P+R Krowodrza Górka,,2,forward_fill
2026-05-25 11:30:00,P+R Krowodrza Górka,1.0,1,
2026-05-25 12:00:00,P+R Krowodrza Górka,0.0,0,
2026-05-25 12:30:00,P+R Krowodrza Górka,0.0,0,
2026-05-25 13:00:00,P+R Krowodrza Górka,0.0,0,
2026-05-25 13:30:00,P+R Krowodrza Górka,0.0,0,
2026-05-25 14:00:00,P+R Krowodrza Górka,3.0,3,
2026-05-25 14:30:00,P+R Krowodrza Górka,4.0,4,
2026-05-25 15:00:00,P+R Krowodrza Górka,13.0,13,
2026-05-25 15:30:00,P+R Krowodrza Górka,21.0,21,
2026-05-25 16:00:00,P+R Krowodrza Górka,47.0,47,
2026-05-25 16:30:00,P+R Krowodrza Górka,57.0,57,
2026-05-25 17:00:00,P+R Krowodrza Górka,63.0,63,
2026-05-25 17:30:00,P+R Krowodrza Górka,65.0,65,
2026-05-25 18:00:00,P+R Krowodrza Górka,61.0,61,
2026-05-25 18:30:00,P+R Krowodrza Górka,60.0,60,
2026-05-25 19:00:00,P+R Krowodrza Górka,69.0,69,
2026-05-25 19:30:00,P+R Krowodrza Górka,73.0,73,
2026-05-25 20:00:00,P+R Krowodrza Górka,78.0,78,
2026-05-25 20:30:00,P+R Krowodrza Górka,84.0,84,
2026-05-25 21:00:00,P+R Krowodrza Górka,86.0,86,
2026-05-25 21:30:00,P+R Krowodrza Górka,86.0,86,
2026-05-25 22:00:00,P+R Krowodrza Górka,89.0,89,
2026-05-25 22:30:00,P+R Krowodrza Górka,90.0,90,
2026-05-25 23:00:00,P+R Krowodrza Górka,92.0,92,
2026-05-25 23:30:00,P+R Krowodrza Górka,94.0,94,
2026-05-26 00:00:00,P+R Krowodrza Górka,96.0,96,
2026-05-26 00:30:00,P+R Krowodrza Górka,96.0,96,
2026-05-26 01:00:00,P+R Krowodrza Górka,96.0,96,
2026-05-26 01:30:00,P+R Krowodrza Górka,96.0,96,
2026-05-26 02:00:00,P+R Krowodrza Górka,96.0,96,
2026-05-26 02:30:00,P+R Krowodrza Górka,96.0,96,
2026-05-26 03:00:00,P+R Krowodrza Górka,96.0,96,
2026-05-26 03:30:00,P+R Krowodrza Górka,96.0,96,
2026-05-26 04:00:00,P+R Krowodrza Górka,96.0,96,
2026-05-26 04:30:00,P+R Krowodrza Górka,96.0,96,
2026-05-26 05:00:00,P+R Krowodrza Górka,91.0,91,
2026-05-26 05:30:00,P+R Krowodrza Górka,85.0,85,
2026-05-26 06:00:00,P+R Krowodrza Górka,75.0,75,
2026-05-26 06:30:00,P+R Krowodrza Górka,70.0,70,
2026-05-26 07:00:00,P+R Krowodrza Górka,28.0,28,
2026-05-26 07:30:00,P+R Krowodrza Górka,6.0,6,
2026-05-26 08:00:00,P+R Krowodrza Górka,4.0,4,
2026-05-26 08:30:00,P+R Krowodrza Górka,0.0,0,
2026-05-26 09:00:00,P+R Krowodrza Górka,0.0,0,
2026-05-26 09:30:00,P+R Krowodrza Górka,1.0,1,
2026-05-26 10:00:00,P+R Krowodrza Górka,0.0,0,
2026-05-26 10:30:00,P+R Krowodrza Górka,0.0,0,
2026-05-26 11:00:00,P+R Krowodrza Górka,0.0,0,
2026-05-26 11:30:00,P+R Krowodrza Górka,0.0,0,
2026-05-26 12:00:00,P+R Krowodrza Górka,0.0,0,
2026-05-26 12:30:00,P+R Krowodrza Górka,1.0,1,
2026-05-26 13:00:00,P+R Krowodrza Górka,,1,linear interpolation
2026-05-26 13:30:00,P+R Krowodrza Górka,,2,linear interpolation
2026-05-26 14:00:00,P+R Krowodrza Górka,,2,linear interpolation
2026-05-26 14:30:00,P+R Krowodrza Górka,,3,linear interpolation
2026-05-26 15:00:00,P+R Krowodrza Górka,3.0,3,
2026-05-26 15:30:00,P+R Krowodrza Górka,13.0,13,
2026-05-26 16:00:00,P+R Krowodrza Górka,23.0,23,
2026-05-26 16:30:00,P+R Krowodrza Górka,32.0,32,
2026-05-26 17:00:00,P+R Krowodrza Górka,38.0,38,
2026-05-26 17:30:00,P+R Krowodrza Górka,37.0,37,
2026-05-26 18:00:00,P+R Krowodrza Górka,40.0,40,
2026-05-26 18:30:00,P+R Krowodrza Górka,45.0,45,
2026-05-26 19:00:00,P+R Krowodrza Górka,49.0,49,
2026-05-26 19:30:00,P+R Krowodrza Górka,,49,forward_fill
2026-05-26 20:00:00,P+R Krowodrza Górka,64.0,64,
2026-04-28 21:30:00,P+R Kurdwanów,145.0,145,
2026-04-28 22:00:00,P+R Kurdwanów,146.0,146,
2026-04-28 22:30:00,P+R Kurdwanów,150.0,150,
2026-04-28 23:00:00,P+R Kurdwanów,152.0,152,
2026-04-28 23:30:00,P+R Kurdwanów,152.0,152,
2026-04-29 00:00:00,P+R Kurdwanów,154.0,154,
2026-04-29 00:30:00,P+R Kurdwanów,154.0,154,
2026-04-29 01:00:00,P+R Kurdwanów,154.0,154,
2026-04-29 01:30:00,P+R Kurdwanów,154.0,154,
2026-04-29 02:00:00,P+R Kurdwanów,154.0,154,
2026-04-29 02:30:00,P+R Kurdwanów,154.0,154,
2026-04-29 03:00:00,P+R Kurdwanów,154.0,154,
2026-04-29 03:30:00,P+R Kurdwanów,154.0,154,
2026-04-29 04:00:00,P+R Kurdwanów,154.0,154,
2026-04-29 04:30:00,P+R Kurdwanów,155.0,155,
2026-04-29 05:00:00,P+R Kurdwanów,153.0,153,
2026-04-29 05:30:00,P+R Kurdwanów,148.0,148,
2026-04-29 06:00:00,P+R Kurdwanów,143.0,143,
2026-04-29 06:30:00,P+R Kurdwanów,131.0,131,
2026-04-29 07:00:00,P+R Kurdwanów,111.0,111,
2026-04-29 07:30:00,P+R Kurdwanów,94.0,94,
2026-04-29 08:00:00,P+R Kurdwanów,81.0,81,
2026-04-29 08:30:00,P+R Kurdwanów,69.0,69,
2026-04-29 09:00:00,P+R Kurdwanów,63.0,63,
2026-04-29 09:30:00,P+R Kurdwanów,53.0,53,
2026-04-29 10:00:00,P+R Kurdwanów,50.0,50,
2026-04-29 10:30:00,P+R Kurdwanów,48.0,48,
2026-04-29 11:00:00,P+R Kurdwanów,44.0,44,
2026-04-29 11:30:00,P+R Kurdwanów,44.0,44,
2026-04-29 12:00:00,P+R Kurdwanów,43.0,43,
2026-04-29 12:30:00,P+R Kurdwanów,43.0,43,
2026-04-29 13:00:00,P+R Kurdwanów,41.0,41,
2026-04-29 13:30:00,P+R Kurdwanów,40.0,40,
2026-04-29 14:00:00,P+R Kurdwanów,42.0,42,
2026-04-29 14:30:00,P+R Kurdwanów,45.0,45,
2026-04-29 15:00:00,P+R Kurdwanów,53.0,53,
2026-04-29 15:30:00,P+R Kurdwanów,59.0,59,
2026-04-29 16:00:00,P+R Kurdwanów,73.0,73,
2026-04-29 16:30:00,P+R Kurdwanów,88.0,88,
2026-04-29 17:00:00,P+R Kurdwanów,101.0,101,
2026-04-29 17:30:00,P+R Kurdwanów,106.0,106,
2026-04-29 18:00:00,P+R Kurdwanów,114.0,114,
2026-04-29 18:30:00,P+R Kurdwanów,,114,forward_fill
2026-04-29 19:00:00,P+R Kurdwanów,128.0,128,
2026-04-29 19:30:00,P+R Kurdwanów,135.0,135,
2026-04-29 20:00:00,P+R Kurdwanów,136.0,136,
2026-04-29 20:30:00,P+R Kurdwanów,137.0,137,
2026-04-29 21:00:00,P+R Kurdwanów,145.0,145,
2026-04-29 21:30:00,P+R Kurdwanów,145.0,145,
2026-04-29 22:00:00,P+R Kurdwanów,147.0,147,
2026-04-29 22:30:00,P+R Kurdwanów,150.0,150,
2026-04-29 23:00:00,P+R Kurdwanów,152.0,152,
2026-04-29 23:30:00,P+R Kurdwanów,153.0,153,
2026-04-30 00:00:00,P+R Kurdwanów,155.0,155,
2026-04-30 00:30:00,P+R Kurdwanów,156.0,156,
2026-04-30 01:00:00,P+R Kurdwanów,156.0,156,
2026-04-30 01:30:00,P+R Kurdwanów,156.0,156,
2026-04-30 02:00:00,P+R Kurdwanów,156.0,156,
2026-04-30 02:30:00,P+R Kurdwanów,156.0,156,
2026-04-30 03:00:00,P+R Kurdwanów,156.0,156,
2026-04-30 03:30:00,P+R Kurdwanów,156.0,156,
2026-04-30 04:00:00,P+R Kurdwanów,156.0,156,
2026-04-30 04:30:00,P+R Kurdwanów,156.0,156,
2026-04-30 05:00:00,P+R Kurdwanów,152.0,152,
2026-04-30 05:30:00,P+R Kurdwanów,147.0,147,
2026-04-30 06:00:00,P+R Kurdwanów,142.0,142,
2026-04-30 06:30:00,P+R Kurdwanów,130.0,130,
2026-04-30 07:00:00,P+R Kurdwanów,113.0,113,
2026-04-30 07:30:00,P+R Kurdwanów,104.0,104,
2026-04-30 08:00:00,P+R Kurdwanów,92.0,92,
2026-04-30 08:30:00,P+R Kurdwanów,75.0,75,
2026-04-30 09:00:00,P+R Kurdwanów,73.0,73,
2026-04-30 09:30:00,P+R Kurdwanów,70.0,70,
2026-04-30 10:00:00,P+R Kurdwanów,61.0,61,
2026-04-30 10:30:00,P+R Kurdwanów,60.0,60,
2026-04-30 11:00:00,P+R Kurdwanów,63.0,63,
2026-04-30 11:30:00,P+R Kurdwanów,63.0,63,
2026-04-30 12:00:00,P+R Kurdwanów,62.0,62,
2026-04-30 12:30:00,P+R Kurdwanów,61.0,61,
2026-04-30 13:00:00,P+R Kurdwanów,60.0,60,
2026-04-30 13:30:00,P+R Kurdwanów,57.0,57,
2026-04-30 14:00:00,P+R Kurdwanów,60.0,60,
2026-04-30 14:30:00,P+R Kurdwanów,62.0,62,
2026-04-30 15:00:00,P+R Kurdwanów,69.0,69,
2026-04-30 15:30:00,P+R Kurdwanów,76.0,76,
2026-04-30 16:00:00,P+R Kurdwanów,86.0,86,
2026-04-30 16:30:00,P+R Kurdwanów,98.0,98,
2026-04-30 17:00:00,P+R Kurdwanów,106.0,106,
2026-04-30 17:30:00,P+R Kurdwanów,113.0,113,
2026-04-30 18:00:00,P+R Kurdwanów,121.0,121,
2026-04-30 18:30:00,P+R Kurdwanów,126.0,126,
2026-04-30 19:00:00,P+R Kurdwanów,127.0,127,
2026-04-30 19:30:00,P+R Kurdwanów,132.0,132,
2026-04-30 20:00:00,P+R Kurdwanów,133.0,133,
2026-04-30 20:30:00,P+R Kurdwanów,139.0,139,
2026-04-30 21:00:00,P+R Kurdwanów,143.0,143,
2026-04-30 21:30:00,P+R Kurdwanów,144.0,144,
2026-04-30 22:00:00,P+R Kurdwanów,,145,linear interpolation
2026-04-30 22:30:00,P+R Kurdwanów,,147,linear interpolation
2026-04-30 23:00:00,P+R Kurdwanów,,148,linear interpolation
2026-04-30 23:30:00,P+R Kurdwanów,,149,linear interpolation
2026-05-01 00:00:00,P+R Kurdwanów,,151,linear interpolation
2026-05-01 00:30:00,P+R Kurdwanów,,152,linear interpolation
2026-05-01 01:00:00,P+R Kurdwanów,,153,linear interpolation
2026-05-01 01:30:00,P+R Kurdwanów,,155,linear interpolation
2026-05-01 02:00:00,P+R Kurdwanów,156.0,156,
2026-05-01 02:30:00,P+R Kurdwanów,156.0,156,
2026-05-01 03:00:00,P+R Kurdwanów,156.0,156,
2026-05-01 03:30:00,P+R Kurdwanów,156.0,156,
2026-05-01 04:00:00,P+R Kurdwanów,156.0,156,
2026-05-01 04:30:00,P+R Kurdwanów,156.0,156,
2026-05-01 05:00:00,P+R Kurdwanów,156.0,156,
2026-05-01 05:30:00,P+R Kurdwanów,156.0,156,
2026-05-01 06:00:00,P+R Kurdwanów,156.0,156,
2026-05-01 06:30:00,P+R Kurdwanów,155.0,155,
2026-05-01 07:00:00,P+R Kurdwanów,155.0,155,
2026-05-01 07:30:00,P+R Kurdwanów,154.0,154,
2026-05-01 08:00:00,P+R Kurdwanów,154.0,154,
2026-05-01 08:30:00,P+R Kurdwanów,154.0,154,
2026-05-01 09:00:00,P+R Kurdwanów,154.0,154,
2026-05-01 09:30:00,P+R Kurdwanów,154.0,154,
2026-05-01 10:00:00,P+R Kurdwanów,153.0,153,
2026-05-01 10:30:00,P+R Kurdwanów,152.0,152,
2026-05-01 11:00:00,P+R Kurdwanów,151.0,151,
2026-05-01 11:30:00,P+R Kurdwanów,150.0,150,
2026-05-01 12:00:00,P+R Kurdwanów,149.0,149,
2026-05-01 12:30:00,P+R Kurdwanów,147.0,147,
2026-05-01 13:00:00,P+R Kurdwanów,147.0,147,
2026-05-01 13:30:00,P+R Kurdwanów,143.0,143,
2026-05-01 14:00:00,P+R Kurdwanów,142.0,142,
2026-05-01 14:30:00,P+R Kurdwanów,142.0,142,
2026-05-01 15:00:00,P+R Kurdwanów,142.0,142,
2026-05-01 15:30:00,P+R Kurdwanów,143.0,143,
2026-05-01 16:00:00,P+R Kurdwanów,,142,linear interpolation
2026-05-01 16:30:00,P+R Kurdwanów,,142,linear interpolation
2026-05-01 17:00:00,P+R Kurdwanów,,142,linear interpolation
2026-05-01 17:30:00,P+R Kurdwanów,141.0,141,
2026-05-01 18:00:00,P+R Kurdwanów,141.0,141,
2026-05-01 18:30:00,P+R Kurdwanów,143.0,143,
2026-05-01 19:00:00,P+R Kurdwanów,145.0,145,
2026-05-01 19:30:00,P+R Kurdwanów,146.0,146,
2026-05-01 20:00:00,P+R Kurdwanów,149.0,149,
2026-05-01 20:30:00,P+R Kurdwanów,149.0,149,
2026-05-01 21:00:00,P+R Kurdwanów,150.0,150,
2026-05-01 21:30:00,P+R Kurdwanów,150.0,150,
2026-05-01 22:00:00,P+R Kurdwanów,150.0,150,
2026-05-01 22:30:00,P+R Kurdwanów,152.0,152,
2026-05-01 23:00:00,P+R Kurdwanów,152.0,152,
2026-05-01 23:30:00,P+R Kurdwanów,156.0,156,
2026-05-02 00:00:00,P+R Kurdwanów,156.0,156,
2026-05-02 00:30:00,P+R Kurdwanów,156.0,156,
2026-05-02 01:00:00,P+R Kurdwanów,156.0,156,
2026-05-02 01:30:00,P+R Kurdwanów,156.0,156,
2026-05-02 02:00:00,P+R Kurdwanów,,156,forward_fill
2026-05-02 02:30:00,P+R Kurdwanów,156.0,156,
2026-05-02 03:00:00,P+R Kurdwanów,156.0,156,
2026-05-02 03:30:00,P+R Kurdwanów,156.0,156,
2026-05-02 04:00:00,P+R Kurdwanów,156.0,156,
2026-05-02 04:30:00,P+R Kurdwanów,156.0,156,
2026-05-02 05:00:00,P+R Kurdwanów,156.0,156,
2026-05-02 05:30:00,P+R Kurdwanów,156.0,156,
2026-05-02 06:00:00,P+R Kurdwanów,155.0,155,
2026-05-02 06:30:00,P+R Kurdwanów,154.0,154,
2026-05-02 07:00:00,P+R Kurdwanów,154.0,154,
2026-05-02 07:30:00,P+R Kurdwanów,154.0,154,
2026-05-02 08:00:00,P+R Kurdwanów,154.0,154,
2026-05-02 08:30:00,P+R Kurdwanów,153.0,153,
2026-05-02 09:00:00,P+R Kurdwanów,152.0,152,
2026-05-02 09:30:00,P+R Kurdwanów,152.0,152,
2026-05-02 10:00:00,P+R Kurdwanów,152.0,152,
2026-05-02 10:30:00,P+R Kurdwanów,152.0,152,
2026-05-02 11:00:00,P+R Kurdwanów,147.0,147,
2026-05-02 11:30:00,P+R Kurdwanów,143.0,143,
2026-05-02 12:00:00,P+R Kurdwanów,142.0,142,
2026-05-02 12:30:00,P+R Kurdwanów,140.0,140,
2026-05-02 13:00:00,P+R Kurdwanów,138.0,138,
2026-05-02 13:30:00,P+R Kurdwanów,137.0,137,
2026-05-02 14:00:00,P+R Kurdwanów,138.0,138,
2026-05-02 14:30:00,P+R Kurdwanów,138.0,138,
2026-05-02 15:00:00,P+R Kurdwanów,138.0,138,
2026-05-02 15:30:00,P+R Kurdwanów,136.0,136,
2026-05-02 16:00:00,P+R Kurdwanów,137.0,137,
2026-05-02 16:30:00,P+R Kurdwanów,141.0,141,
2026-05-02 17:00:00,P+R Kurdwanów,140.0,140,
2026-05-02 17:30:00,P+R Kurdwanów,139.0,139,
2026-05-02 18:00:00,P+R Kurdwanów,137.0,137,
2026-05-02 18:30:00,P+R Kurdwanów,138.0,138,
2026-05-02 19:00:00,P+R Kurdwanów,,138,forward_fill
2026-05-02 19:30:00,P+R Kurdwanów,141.0,141,
2026-05-02 20:00:00,P+R Kurdwanów,143.0,143,
2026-05-02 20:30:00,P+R Kurdwanów,146.0,146,
2026-05-02 21:00:00,P+R Kurdwanów,147.0,147,
2026-05-02 21:30:00,P+R Kurdwanów,148.0,148,
2026-05-02 22:00:00,P+R Kurdwanów,149.0,149,
2026-05-02 22:30:00,P+R Kurdwanów,151.0,151,
2026-05-02 23:00:00,P+R Kurdwanów,152.0,152,
2026-05-02 23:30:00,P+R Kurdwanów,152.0,152,
2026-05-03 00:00:00,P+R Kurdwanów,154.0,154,
2026-05-03 00:30:00,P+R Kurdwanów,154.0,154,
2026-05-03 01:00:00,P+R Kurdwanów,154.0,154,
2026-05-03 01:30:00,P+R Kurdwanów,154.0,154,
2026-05-03 02:00:00,P+R Kurdwanów,154.0,154,
2026-05-03 02:30:00,P+R Kurdwanów,154.0,154,
2026-05-03 03:00:00,P+R Kurdwanów,154.0,154,
2026-05-03 03:30:00,P+R Kurdwanów,,153,Hist. avg + linear interpol.
2026-05-03 04:00:00,P+R Kurdwanów,,152,Hist. avg + linear interpol.
2026-05-03 04:30:00,P+R Kurdwanów,,152,Hist. avg + linear interpol.
2026-05-03 05:00:00,P+R Kurdwanów,,153,Hist. avg + linear interpol.
2026-05-03 05:30:00,P+R Kurdwanów,,153,Hist. avg + linear interpol.
2026-05-03 06:00:00,P+R Kurdwanów,,154,Hist. avg + linear interpol.
2026-05-03 06:30:00,P+R Kurdwanów,,154,Hist. avg + linear interpol.
2026-05-03 07:00:00,P+R Kurdwanów,,154,Hist. avg + linear interpol.
2026-05-03 07:30:00,P+R Kurdwanów,,152,Hist. avg + linear interpol.
2026-05-03 08:00:00,P+R Kurdwanów,,151,Hist. avg + linear interpol.
2026-05-03 08:30:00,P+R Kurdwanów,,150,Hist. avg + linear interpol.
2026-05-03 09:00:00,P+R Kurdwanów,,149,Hist. avg + linear interpol.
2026-05-03 09:30:00,P+R Kurdwanów,,148,Hist. avg + linear interpol.
2026-05-03 10:00:00,P+R Kurdwanów,,148,Hist. avg + linear interpol.
2026-05-03 10:30:00,P+R Kurdwanów,,146,Hist. avg + linear interpol.
2026-05-03 11:00:00,P+R Kurdwanów,,144,Hist. avg + linear interpol.
2026-05-03 11:30:00,P+R Kurdwanów,,143,Hist. avg + linear interpol.
2026-05-03 12:00:00,P+R Kurdwanów,,142,Hist. avg + linear interpol.
2026-05-03 12:30:00,P+R Kurdwanów,,140,Hist. avg + linear interpol.
2026-05-03 13:00:00,P+R Kurdwanów,,140,Hist. avg + linear interpol.
2026-05-03 13:30:00,P+R Kurdwanów,,140,Hist. avg + linear interpol.
2026-05-03 14:00:00,P+R Kurdwanów,,140,Hist. avg + linear interpol.
2026-05-03 14:30:00,P+R Kurdwanów,,140,Hist. avg + linear interpol.
2026-05-03 15:00:00,P+R Kurdwanów,,139,Hist. avg + linear interpol.
2026-05-03 15:30:00,P+R Kurdwanów,,139,Hist. avg + linear interpol.
2026-05-03 16:00:00,P+R Kurdwanów,,140,Hist. avg + linear interpol.
2026-05-03 16:30:00,P+R Kurdwanów,,142,Hist. avg + linear interpol.
2026-05-03 17:00:00,P+R Kurdwanów,,143,Hist. avg + linear interpol.
2026-05-03 17:30:00,P+R Kurdwanów,,143,Hist. avg + linear interpol.
2026-05-03 18:00:00,P+R Kurdwanów,,143,Hist. avg + linear interpol.
2026-05-03 18:30:00,P+R Kurdwanów,,143,Hist. avg + linear interpol.
2026-05-03 19:00:00,P+R Kurdwanów,,146,Hist. avg + linear interpol.
2026-05-03 19:30:00,P+R Kurdwanów,,146,Hist. avg + linear interpol.
2026-05-03 20:00:00,P+R Kurdwanów,,146,Hist. avg + linear interpol.
2026-05-03 20:30:00,P+R Kurdwanów,,148,Hist. avg + linear interpol.
2026-05-03 21:00:00,P+R Kurdwanów,,149,Hist. avg + linear interpol.
2026-05-03 21:30:00,P+R Kurdwanów,,150,Hist. avg + linear interpol.
2026-05-03 22:00:00,P+R Kurdwanów,,151,Hist. avg + linear interpol.
2026-05-03 22:30:00,P+R Kurdwanów,,153,Hist. avg + linear interpol.
2026-05-03 23:00:00,P+R Kurdwanów,,154,Hist. avg + linear interpol.
2026-05-03 23:30:00,P+R Kurdwanów,,154,Hist. avg + linear interpol.
2026-05-04 00:00:00,P+R Kurdwanów,,154,Hist. avg + linear interpol.
2026-05-04 00:30:00,P+R Kurdwanów,,154,Hist. avg + linear interpol.
2026-05-04 01:00:00,P+R Kurdwanów,,154,Hist. avg + linear interpol.
2026-05-04 01:30:00,P+R Kurdwanów,,155,Hist. avg + linear interpol.
2026-05-04 02:00:00,P+R Kurdwanów,,156,Hist. avg + linear interpol.
2026-05-04 02:30:00,P+R Kurdwanów,,156,Hist. avg + linear interpol.
2026-05-04 03:00:00,P+R Kurdwanów,,156,Hist. avg + linear interpol.
2026-05-04 03:30:00,P+R Kurdwanów,,156,Hist. avg + linear interpol.
2026-05-04 04:00:00,P+R Kurdwanów,,156,Hist. avg + linear interpol.
2026-05-04 04:30:00,P+R Kurdwanów,,156,Hist. avg + linear interpol.
2026-05-04 05:00:00,P+R Kurdwanów,,153,Hist. avg + linear interpol.
2026-05-04 05:30:00,P+R Kurdwanów,,148,Hist. avg + linear interpol.
2026-05-04 06:00:00,P+R Kurdwanów,,141,Hist. avg + linear interpol.
2026-05-04 06:30:00,P+R Kurdwanów,,130,Hist. avg + linear interpol.
2026-05-04 07:00:00,P+R Kurdwanów,,111,Hist. avg + linear interpol.
2026-05-04 07:30:00,P+R Kurdwanów,,100,Hist. avg + linear interpol.
2026-05-04 08:00:00,P+R Kurdwanów,,86,Hist. avg + linear interpol.
2026-05-04 08:30:00,P+R Kurdwanów,,75,Hist. avg + linear interpol.
2026-05-04 09:00:00,P+R Kurdwanów,,69,Hist. avg + linear interpol.
2026-05-04 09:30:00,P+R Kurdwanów,,65,Hist. avg + linear interpol.
2026-05-04 10:00:00,P+R Kurdwanów,,61,Hist. avg + linear interpol.
2026-05-04 10:30:00,P+R Kurdwanów,,59,Hist. avg + linear interpol.
2026-05-04 11:00:00,P+R Kurdwanów,,55,Hist. avg + linear interpol.
2026-05-04 11:30:00,P+R Kurdwanów,,54,Hist. avg + linear interpol.
2026-05-04 12:00:00,P+R Kurdwanów,,54,Hist. avg + linear interpol.
2026-05-04 12:30:00,P+R Kurdwanów,,52,Hist. avg + linear interpol.
2026-05-04 13:00:00,P+R Kurdwanów,,53,Hist. avg + linear interpol.
2026-05-04 13:30:00,P+R Kurdwanów,,53,Hist. avg + linear interpol.
2026-05-04 14:00:00,P+R Kurdwanów,,54,Hist. avg + linear interpol.
2026-05-04 14:30:00,P+R Kurdwanów,,56,Hist. avg + linear interpol.
2026-05-04 15:00:00,P+R Kurdwanów,,63,Hist. avg + linear interpol.
2026-05-04 15:30:00,P+R Kurdwanów,,71,Hist. avg + linear interpol.
2026-05-04 16:00:00,P+R Kurdwanów,,82,Hist. avg + linear interpol.
2026-05-04 16:30:00,P+R Kurdwanów,,87,Hist. avg + linear interpol.
2026-05-04 17:00:00,P+R Kurdwanów,,90,Hist. avg + linear interpol.
2026-05-04 17:30:00,P+R Kurdwanów,,88,Hist. avg + linear interpol.
2026-05-04 18:00:00,P+R Kurdwanów,,82,Hist. avg + linear interpol.
2026-05-04 18:30:00,P+R Kurdwanów,,73,Hist. avg + linear interpol.
2026-05-04 19:00:00,P+R Kurdwanów,,62,Hist. avg + linear interpol.
2026-05-04 19:30:00,P+R Kurdwanów,61.0,61,
2026-05-04 20:00:00,P+R Kurdwanów,61.0,61,
2026-05-04 20:30:00,P+R Kurdwanów,61.0,61,
2026-05-04 21:00:00,P+R Kurdwanów,62.0,62,
2026-05-04 21:30:00,P+R Kurdwanów,62.0,62,
2026-05-04 22:00:00,P+R Kurdwanów,63.0,63,
2026-05-04 22:30:00,P+R Kurdwanów,64.0,64,
2026-05-04 23:00:00,P+R Kurdwanów,109.0,109,
2026-05-04 23:30:00,P+R Kurdwanów,155.0,155,
2026-05-05 00:00:00,P+R Kurdwanów,155.0,155,
2026-05-05 00:30:00,P+R Kurdwanów,155.0,155,
2026-05-05 01:00:00,P+R Kurdwanów,155.0,155,
2026-05-05 01:30:00,P+R Kurdwanów,156.0,156,
2026-05-05 02:00:00,P+R Kurdwanów,156.0,156,
2026-05-05 02:30:00,P+R Kurdwanów,156.0,156,
2026-05-05 03:00:00,P+R Kurdwanów,156.0,156,
2026-05-05 03:30:00,P+R Kurdwanów,156.0,156,
2026-05-05 04:00:00,P+R Kurdwanów,156.0,156,
2026-05-05 04:30:00,P+R Kurdwanów,156.0,156,
2026-05-05 05:00:00,P+R Kurdwanów,154.0,154,
2026-05-05 05:30:00,P+R Kurdwanów,147.0,147,
2026-05-05 06:00:00,P+R Kurdwanów,142.0,142,
2026-05-05 06:30:00,P+R Kurdwanów,130.0,130,
2026-05-05 07:00:00,P+R Kurdwanów,110.0,110,
2026-05-05 07:30:00,P+R Kurdwanów,92.0,92,
2026-05-05 08:00:00,P+R Kurdwanów,86.0,86,
2026-05-05 08:30:00,P+R Kurdwanów,70.0,70,
2026-05-05 09:00:00,P+R Kurdwanów,56.0,56,
2026-05-05 09:30:00,P+R Kurdwanów,54.0,54,
2026-05-05 10:00:00,P+R Kurdwanów,50.0,50,
2026-05-05 10:30:00,P+R Kurdwanów,,50,forward_fill
2026-05-05 11:00:00,P+R Kurdwanów,46.0,46,
2026-05-05 11:30:00,P+R Kurdwanów,43.0,43,
2026-05-05 12:00:00,P+R Kurdwanów,45.0,45,
2026-05-05 12:30:00,P+R Kurdwanów,38.0,38,
2026-05-05 13:00:00,P+R Kurdwanów,41.0,41,
2026-05-05 13:30:00,P+R Kurdwanów,43.0,43,
2026-05-05 14:00:00,P+R Kurdwanów,48.0,48,
2026-05-05 14:30:00,P+R Kurdwanów,49.0,49,
2026-05-05 15:00:00,P+R Kurdwanów,57.0,57,
2026-05-05 15:30:00,P+R Kurdwanów,65.0,65,
2026-05-05 16:00:00,P+R Kurdwanów,82.0,82,
2026-05-05 16:30:00,P+R Kurdwanów,92.0,92,
2026-05-05 17:00:00,P+R Kurdwanów,94.0,94,
2026-05-05 17:30:00,P+R Kurdwanów,104.0,104,
2026-05-05 18:00:00,P+R Kurdwanów,109.0,109,
2026-05-05 18:30:00,P+R Kurdwanów,117.0,117,
2026-05-05 19:00:00,P+R Kurdwanów,120.0,120,
2026-05-05 19:30:00,P+R Kurdwanów,125.0,125,
2026-05-05 20:00:00,P+R Kurdwanów,127.0,127,
2026-05-05 20:30:00,P+R Kurdwanów,131.0,131,
2026-05-05 21:00:00,P+R Kurdwanów,135.0,135,
2026-05-05 21:30:00,P+R Kurdwanów,139.0,139,
2026-05-05 22:00:00,P+R Kurdwanów,145.0,145,
2026-05-05 22:30:00,P+R Kurdwanów,146.0,146,
2026-05-05 23:00:00,P+R Kurdwanów,149.0,149,
2026-05-05 23:30:00,P+R Kurdwanów,152.0,152,
2026-05-06 00:00:00,P+R Kurdwanów,152.0,152,
2026-05-06 00:30:00,P+R Kurdwanów,153.0,153,
2026-05-06 01:00:00,P+R Kurdwanów,153.0,153,
2026-05-06 01:30:00,P+R Kurdwanów,153.0,153,
2026-05-06 02:00:00,P+R Kurdwanów,153.0,153,
2026-05-06 02:30:00,P+R Kurdwanów,153.0,153,
2026-05-06 03:00:00,P+R Kurdwanów,153.0,153,
2026-05-06 03:30:00,P+R Kurdwanów,153.0,153,
2026-05-06 04:00:00,P+R Kurdwanów,,153,forward_fill
2026-05-06 04:30:00,P+R Kurdwanów,156.0,156,
2026-05-06 05:00:00,P+R Kurdwanów,152.0,152,
2026-05-06 05:30:00,P+R Kurdwanów,145.0,145,
2026-05-06 06:00:00,P+R Kurdwanów,138.0,138,
2026-05-06 06:30:00,P+R Kurdwanów,125.0,125,
2026-05-06 07:00:00,P+R Kurdwanów,106.0,106,
2026-05-06 07:30:00,P+R Kurdwanów,86.0,86,
2026-05-06 08:00:00,P+R Kurdwanów,68.0,68,
2026-05-06 08:30:00,P+R Kurdwanów,55.0,55,
2026-05-06 09:00:00,P+R Kurdwanów,47.0,47,
2026-05-06 09:30:00,P+R Kurdwanów,42.0,42,
2026-05-06 10:00:00,P+R Kurdwanów,41.0,41,
2026-05-06 10:30:00,P+R Kurdwanów,38.0,38,
2026-05-06 11:00:00,P+R Kurdwanów,33.0,33,
2026-05-06 11:30:00,P+R Kurdwanów,34.0,34,
2026-05-06 12:00:00,P+R Kurdwanów,37.0,37,
2026-05-06 12:30:00,P+R Kurdwanów,38.0,38,
2026-05-06 13:00:00,P+R Kurdwanów,40.0,40,
2026-05-06 13:30:00,P+R Kurdwanów,41.0,41,
2026-05-06 14:00:00,P+R Kurdwanów,45.0,45,
2026-05-06 14:30:00,P+R Kurdwanów,47.0,47,
2026-05-06 15:00:00,P+R Kurdwanów,57.0,57,
2026-05-06 15:30:00,P+R Kurdwanów,62.0,62,
2026-05-06 16:00:00,P+R Kurdwanów,69.0,69,
2026-05-06 16:30:00,P+R Kurdwanów,83.0,83,
2026-05-06 17:00:00,P+R Kurdwanów,89.0,89,
2026-05-06 17:30:00,P+R Kurdwanów,104.0,104,
2026-05-06 18:00:00,P+R Kurdwanów,113.0,113,
2026-05-06 18:30:00,P+R Kurdwanów,116.0,116,
2026-05-06 19:00:00,P+R Kurdwanów,124.0,124,
2026-05-06 19:30:00,P+R Kurdwanów,129.0,129,
2026-05-06 20:00:00,P+R Kurdwanów,132.0,132,
2026-05-06 20:30:00,P+R Kurdwanów,137.0,137,
2026-05-06 21:00:00,P+R Kurdwanów,145.0,145,
2026-05-06 21:30:00,P+R Kurdwanów,146.0,146,
2026-05-06 22:00:00,P+R Kurdwanów,148.0,148,
2026-05-06 22:30:00,P+R Kurdwanów,147.0,147,
2026-05-06 23:00:00,P+R Kurdwanów,147.0,147,
2026-05-06 23:30:00,P+R Kurdwanów,147.0,147,
2026-05-07 00:00:00,P+R Kurdwanów,147.0,147,
2026-05-07 00:30:00,P+R Kurdwanów,147.0,147,
2026-05-07 01:00:00,P+R Kurdwanów,155.0,155,
2026-05-07 01:30:00,P+R Kurdwanów,156.0,156,
2026-05-07 02:00:00,P+R Kurdwanów,156.0,156,
2026-05-07 02:30:00,P+R Kurdwanów,156.0,156,
2026-05-07 03:00:00,P+R Kurdwanów,156.0,156,
2026-05-07 03:30:00,P+R Kurdwanów,156.0,156,
2026-05-07 04:00:00,P+R Kurdwanów,156.0,156,
2026-05-07 04:30:00,P+R Kurdwanów,155.0,155,
2026-05-07 05:00:00,P+R Kurdwanów,153.0,153,
2026-05-07 05:30:00,P+R Kurdwanów,145.0,145,
2026-05-07 06:00:00,P+R Kurdwanów,135.0,135,
2026-05-07 06:30:00,P+R Kurdwanów,124.0,124,
2026-05-07 07:00:00,P+R Kurdwanów,103.0,103,
2026-05-07 07:30:00,P+R Kurdwanów,97.0,97,
2026-05-07 08:00:00,P+R Kurdwanów,84.0,84,
2026-05-07 08:30:00,P+R Kurdwanów,71.0,71,
2026-05-07 09:00:00,P+R Kurdwanów,61.0,61,
2026-05-07 09:30:00,P+R Kurdwanów,56.0,56,
2026-05-07 10:00:00,P+R Kurdwanów,53.0,53,
2026-05-07 10:30:00,P+R Kurdwanów,50.0,50,
2026-05-07 11:00:00,P+R Kurdwanów,46.0,46,
2026-05-07 11:30:00,P+R Kurdwanów,44.0,44,
2026-05-07 12:00:00,P+R Kurdwanów,43.0,43,
2026-05-07 12:30:00,P+R Kurdwanów,40.0,40,
2026-05-07 13:00:00,P+R Kurdwanów,37.0,37,
2026-05-07 13:30:00,P+R Kurdwanów,39.0,39,
2026-05-07 14:00:00,P+R Kurdwanów,43.0,43,
2026-05-07 14:30:00,P+R Kurdwanów,40.0,40,
2026-05-07 15:00:00,P+R Kurdwanów,48.0,48,
2026-05-07 15:30:00,P+R Kurdwanów,57.0,57,
2026-05-07 16:00:00,P+R Kurdwanów,77.0,77,
2026-05-07 16:30:00,P+R Kurdwanów,87.0,87,
2026-05-07 17:00:00,P+R Kurdwanów,96.0,96,
2026-05-07 17:30:00,P+R Kurdwanów,107.0,107,
2026-05-07 18:00:00,P+R Kurdwanów,112.0,112,
2026-05-07 18:30:00,P+R Kurdwanów,119.0,119,
2026-05-07 19:00:00,P+R Kurdwanów,125.0,125,
2026-05-07 19:30:00,P+R Kurdwanów,128.0,128,
2026-05-07 20:00:00,P+R Kurdwanów,135.0,135,
2026-05-07 20:30:00,P+R Kurdwanów,138.0,138,
2026-05-07 21:00:00,P+R Kurdwanów,142.0,142,
2026-05-07 21:30:00,P+R Kurdwanów,144.0,144,
2026-05-07 22:00:00,P+R Kurdwanów,145.0,145,
2026-05-07 22:30:00,P+R Kurdwanów,146.0,146,
2026-05-07 23:00:00,P+R Kurdwanów,148.0,148,
2026-05-07 23:30:00,P+R Kurdwanów,150.0,150,
2026-05-08 00:00:00,P+R Kurdwanów,153.0,153,
2026-05-08 00:30:00,P+R Kurdwanów,156.0,156,
2026-05-08 01:00:00,P+R Kurdwanów,156.0,156,
2026-05-08 01:30:00,P+R Kurdwanów,156.0,156,
2026-05-08 02:00:00,P+R Kurdwanów,156.0,156,
2026-05-08 02:30:00,P+R Kurdwanów,156.0,156,
2026-05-08 03:00:00,P+R Kurdwanów,156.0,156,
2026-05-08 03:30:00,P+R Kurdwanów,156.0,156,
2026-05-08 04:00:00,P+R Kurdwanów,156.0,156,
2026-05-08 04:30:00,P+R Kurdwanów,156.0,156,
2026-05-08 05:00:00,P+R Kurdwanów,153.0,153,
2026-05-08 05:30:00,P+R Kurdwanów,150.0,150,
2026-05-08 06:00:00,P+R Kurdwanów,141.0,141,
2026-05-08 06:30:00,P+R Kurdwanów,131.0,131,
2026-05-08 07:00:00,P+R Kurdwanów,114.0,114,
2026-05-08 07:30:00,P+R Kurdwanów,108.0,108,
2026-05-08 08:00:00,P+R Kurdwanów,94.0,94,
2026-05-08 08:30:00,P+R Kurdwanów,86.0,86,
2026-05-08 09:00:00,P+R Kurdwanów,81.0,81,
2026-05-08 09:30:00,P+R Kurdwanów,79.0,79,
2026-05-08 10:00:00,P+R Kurdwanów,77.0,77,
2026-05-08 10:30:00,P+R Kurdwanów,76.0,76,
2026-05-08 11:00:00,P+R Kurdwanów,69.0,69,
2026-05-08 11:30:00,P+R Kurdwanów,67.0,67,
2026-05-08 12:00:00,P+R Kurdwanów,65.0,65,
2026-05-08 12:30:00,P+R Kurdwanów,64.0,64,
2026-05-08 13:00:00,P+R Kurdwanów,69.0,69,
2026-05-08 13:30:00,P+R Kurdwanów,72.0,72,
2026-05-08 14:00:00,P+R Kurdwanów,78.0,78,
2026-05-08 14:30:00,P+R Kurdwanów,78.0,78,
2026-05-08 15:00:00,P+R Kurdwanów,88.0,88,
2026-05-08 15:30:00,P+R Kurdwanów,96.0,96,
2026-05-08 16:00:00,P+R Kurdwanów,105.0,105,
2026-05-08 16:30:00,P+R Kurdwanów,109.0,109,
2026-05-08 17:00:00,P+R Kurdwanów,118.0,118,
2026-05-08 17:30:00,P+R Kurdwanów,123.0,123,
2026-05-08 18:00:00,P+R Kurdwanów,130.0,130,
2026-05-08 18:30:00,P+R Kurdwanów,134.0,134,
2026-05-08 19:00:00,P+R Kurdwanów,134.0,134,
2026-05-08 19:30:00,P+R Kurdwanów,136.0,136,
2026-05-08 20:00:00,P+R Kurdwanów,139.0,139,
2026-05-08 20:30:00,P+R Kurdwanów,139.0,139,
2026-05-08 21:00:00,P+R Kurdwanów,143.0,143,
2026-05-08 21:30:00,P+R Kurdwanów,142.0,142,
2026-05-08 22:00:00,P+R Kurdwanów,145.0,145,
2026-05-08 22:30:00,P+R Kurdwanów,146.0,146,
2026-05-08 23:00:00,P+R Kurdwanów,149.0,149,
2026-05-08 23:30:00,P+R Kurdwanów,153.0,153,
2026-05-09 00:00:00,P+R Kurdwanów,153.0,153,
2026-05-09 00:30:00,P+R Kurdwanów,154.0,154,
2026-05-09 01:00:00,P+R Kurdwanów,155.0,155,
2026-05-09 01:30:00,P+R Kurdwanów,155.0,155,
2026-05-09 02:00:00,P+R Kurdwanów,155.0,155,
2026-05-09 02:30:00,P+R Kurdwanów,155.0,155,
2026-05-09 03:00:00,P+R Kurdwanów,156.0,156,
2026-05-09 03:30:00,P+R Kurdwanów,156.0,156,
2026-05-09 04:00:00,P+R Kurdwanów,156.0,156,
2026-05-09 04:30:00,P+R Kurdwanów,155.0,155,
2026-05-09 05:00:00,P+R Kurdwanów,155.0,155,
2026-05-09 05:30:00,P+R Kurdwanów,155.0,155,
2026-05-09 06:00:00,P+R Kurdwanów,155.0,155,
2026-05-09 06:30:00,P+R Kurdwanów,152.0,152,
2026-05-09 07:00:00,P+R Kurdwanów,151.0,151,
2026-05-09 07:30:00,P+R Kurdwanów,147.0,147,
2026-05-09 08:00:00,P+R Kurdwanów,143.0,143,
2026-05-09 08:30:00,P+R Kurdwanów,142.0,142,
2026-05-09 09:00:00,P+R Kurdwanów,140.0,140,
2026-05-09 09:30:00,P+R Kurdwanów,138.0,138,
2026-05-09 10:00:00,P+R Kurdwanów,135.0,135,
2026-05-09 10:30:00,P+R Kurdwanów,131.0,131,
2026-05-09 11:00:00,P+R Kurdwanów,129.0,129,
2026-05-09 11:30:00,P+R Kurdwanów,131.0,131,
2026-05-09 12:00:00,P+R Kurdwanów,126.0,126,
2026-05-09 12:30:00,P+R Kurdwanów,124.0,124,
2026-05-09 13:00:00,P+R Kurdwanów,125.0,125,
2026-05-09 13:30:00,P+R Kurdwanów,126.0,126,
2026-05-09 14:00:00,P+R Kurdwanów,127.0,127,
2026-05-09 14:30:00,P+R Kurdwanów,125.0,125,
2026-05-09 15:00:00,P+R Kurdwanów,126.0,126,
2026-05-09 15:30:00,P+R Kurdwanów,130.0,130,
2026-05-09 16:00:00,P+R Kurdwanów,132.0,132,
2026-05-09 16:30:00,P+R Kurdwanów,133.0,133,
2026-05-09 17:00:00,P+R Kurdwanów,137.0,137,
2026-05-09 17:30:00,P+R Kurdwanów,137.0,137,
2026-05-09 18:00:00,P+R Kurdwanów,137.0,137,
2026-05-09 18:30:00,P+R Kurdwanów,135.0,135,
2026-05-09 19:00:00,P+R Kurdwanów,137.0,137,
2026-05-09 19:30:00,P+R Kurdwanów,138.0,138,
2026-05-09 20:00:00,P+R Kurdwanów,138.0,138,
2026-05-09 20:30:00,P+R Kurdwanów,138.0,138,
2026-05-09 21:00:00,P+R Kurdwanów,139.0,139,
2026-05-09 21:30:00,P+R Kurdwanów,140.0,140,
2026-05-09 22:00:00,P+R Kurdwanów,141.0,141,
2026-05-09 22:30:00,P+R Kurdwanów,149.0,149,
2026-05-09 23:00:00,P+R Kurdwanów,150.0,150,
2026-05-09 23:30:00,P+R Kurdwanów,153.0,153,
2026-05-10 00:00:00,P+R Kurdwanów,155.0,155,
2026-05-10 00:30:00,P+R Kurdwanów,156.0,156,
2026-05-10 01:00:00,P+R Kurdwanów,156.0,156,
2026-05-10 01:30:00,P+R Kurdwanów,156.0,156,
2026-05-10 02:00:00,P+R Kurdwanów,156.0,156,
2026-05-10 02:30:00,P+R Kurdwanów,156.0,156,
2026-05-10 03:00:00,P+R Kurdwanów,156.0,156,
2026-05-10 03:30:00,P+R Kurdwanów,156.0,156,
2026-05-10 04:00:00,P+R Kurdwanów,156.0,156,
2026-05-10 04:30:00,P+R Kurdwanów,156.0,156,
2026-05-10 05:00:00,P+R Kurdwanów,156.0,156,
2026-05-10 05:30:00,P+R Kurdwanów,,156,forward_fill
2026-05-10 06:00:00,P+R Kurdwanów,155.0,155,
2026-05-10 06:30:00,P+R Kurdwanów,155.0,155,
2026-05-10 07:00:00,P+R Kurdwanów,155.0,155,
2026-05-10 07:30:00,P+R Kurdwanów,154.0,154,
2026-05-10 08:00:00,P+R Kurdwanów,153.0,153,
2026-05-10 08:30:00,P+R Kurdwanów,153.0,153,
2026-05-10 09:00:00,P+R Kurdwanów,153.0,153,
2026-05-10 09:30:00,P+R Kurdwanów,152.0,152,
2026-05-10 10:00:00,P+R Kurdwanów,151.0,151,
2026-05-10 10:30:00,P+R Kurdwanów,149.0,149,
2026-05-10 11:00:00,P+R Kurdwanów,146.0,146,
2026-05-10 11:30:00,P+R Kurdwanów,146.0,146,
2026-05-10 12:00:00,P+R Kurdwanów,145.0,145,
2026-05-10 12:30:00,P+R Kurdwanów,145.0,145,
2026-05-10 13:00:00,P+R Kurdwanów,145.0,145,
2026-05-10 13:30:00,P+R Kurdwanów,146.0,146,
2026-05-10 14:00:00,P+R Kurdwanów,147.0,147,
2026-05-10 14:30:00,P+R Kurdwanów,148.0,148,
2026-05-10 15:00:00,P+R Kurdwanów,147.0,147,
2026-05-10 15:30:00,P+R Kurdwanów,148.0,148,
2026-05-10 16:00:00,P+R Kurdwanów,149.0,149,
2026-05-10 16:30:00,P+R Kurdwanów,151.0,151,
2026-05-10 17:00:00,P+R Kurdwanów,151.0,151,
2026-05-10 17:30:00,P+R Kurdwanów,150.0,150,
2026-05-10 18:00:00,P+R Kurdwanów,151.0,151,
2026-05-10 18:30:00,P+R Kurdwanów,151.0,151,
2026-05-10 19:00:00,P+R Kurdwanów,152.0,152,
2026-05-10 19:30:00,P+R Kurdwanów,153.0,153,
2026-05-10 20:00:00,P+R Kurdwanów,153.0,153,
2026-05-10 20:30:00,P+R Kurdwanów,154.0,154,
2026-05-10 21:00:00,P+R Kurdwanów,154.0,154,
2026-05-10 21:30:00,P+R Kurdwanów,154.0,154,
2026-05-10 22:00:00,P+R Kurdwanów,155.0,155,
2026-05-10 22:30:00,P+R Kurdwanów,155.0,155,
2026-05-10 23:00:00,P+R Kurdwanów,156.0,156,
2026-05-10 23:30:00,P+R Kurdwanów,156.0,156,
2026-05-11 00:00:00,P+R Kurdwanów,156.0,156,
2026-05-11 00:30:00,P+R Kurdwanów,156.0,156,
2026-05-11 01:00:00,P+R Kurdwanów,156.0,156,
2026-05-11 01:30:00,P+R Kurdwanów,156.0,156,
2026-05-11 02:00:00,P+R Kurdwanów,156.0,156,
2026-05-11 02:30:00,P+R Kurdwanów,156.0,156,
2026-05-11 03:00:00,P+R Kurdwanów,156.0,156,
2026-05-11 03:30:00,P+R Kurdwanów,156.0,156,
2026-05-11 04:00:00,P+R Kurdwanów,156.0,156,
2026-05-11 04:30:00,P+R Kurdwanów,156.0,156,
2026-05-11 05:00:00,P+R Kurdwanów,154.0,154,
2026-05-11 05:30:00,P+R Kurdwanów,149.0,149,
2026-05-11 06:00:00,P+R Kurdwanów,139.0,139,
2026-05-11 06:30:00,P+R Kurdwanów,128.0,128,
2026-05-11 07:00:00,P+R Kurdwanów,109.0,109,
2026-05-11 07:30:00,P+R Kurdwanów,95.0,95,
2026-05-11 08:00:00,P+R Kurdwanów,83.0,83,
2026-05-11 08:30:00,P+R Kurdwanów,72.0,72,
2026-05-11 09:00:00,P+R Kurdwanów,67.0,67,
2026-05-11 09:30:00,P+R Kurdwanów,61.0,61,
2026-05-11 10:00:00,P+R Kurdwanów,51.0,51,
2026-05-11 10:30:00,P+R Kurdwanów,52.0,52,
2026-05-11 11:00:00,P+R Kurdwanów,49.0,49,
2026-05-11 11:30:00,P+R Kurdwanów,53.0,53,
2026-05-11 12:00:00,P+R Kurdwanów,53.0,53,
2026-05-11 12:30:00,P+R Kurdwanów,53.0,53,
2026-05-11 13:00:00,P+R Kurdwanów,53.0,53,
2026-05-11 13:30:00,P+R Kurdwanów,53.0,53,
2026-05-11 14:00:00,P+R Kurdwanów,51.0,51,
2026-05-11 14:30:00,P+R Kurdwanów,50.0,50,
2026-05-11 15:00:00,P+R Kurdwanów,59.0,59,
2026-05-11 15:30:00,P+R Kurdwanów,72.0,72,
2026-05-11 16:00:00,P+R Kurdwanów,85.0,85,
2026-05-11 16:30:00,P+R Kurdwanów,92.0,92,
2026-05-11 17:00:00,P+R Kurdwanów,103.0,103,
2026-05-11 17:30:00,P+R Kurdwanów,107.0,107,
2026-05-11 18:00:00,P+R Kurdwanów,122.0,122,
2026-05-11 18:30:00,P+R Kurdwanów,127.0,127,
2026-05-11 19:00:00,P+R Kurdwanów,131.0,131,
2026-05-11 19:30:00,P+R Kurdwanów,136.0,136,
2026-05-11 20:00:00,P+R Kurdwanów,142.0,142,
2026-05-11 20:30:00,P+R Kurdwanów,142.0,142,
2026-05-11 21:00:00,P+R Kurdwanów,146.0,146,
2026-05-11 21:30:00,P+R Kurdwanów,148.0,148,
2026-05-11 22:00:00,P+R Kurdwanów,151.0,151,
2026-05-11 22:30:00,P+R Kurdwanów,152.0,152,
2026-05-11 23:00:00,P+R Kurdwanów,153.0,153,
2026-05-11 23:30:00,P+R Kurdwanów,154.0,154,
2026-05-12 00:00:00,P+R Kurdwanów,154.0,154,
2026-05-12 00:30:00,P+R Kurdwanów,155.0,155,
2026-05-12 01:00:00,P+R Kurdwanów,156.0,156,
2026-05-12 01:30:00,P+R Kurdwanów,156.0,156,
2026-05-12 02:00:00,P+R Kurdwanów,156.0,156,
2026-05-12 02:30:00,P+R Kurdwanów,156.0,156,
2026-05-12 03:00:00,P+R Kurdwanów,156.0,156,
2026-05-12 03:30:00,P+R Kurdwanów,156.0,156,
2026-05-12 04:00:00,P+R Kurdwanów,156.0,156,
2026-05-12 04:30:00,P+R Kurdwanów,155.0,155,
2026-05-12 05:00:00,P+R Kurdwanów,,155,forward_fill
2026-05-12 05:30:00,P+R Kurdwanów,147.0,147,
2026-05-12 06:00:00,P+R Kurdwanów,141.0,141,
2026-05-12 06:30:00,P+R Kurdwanów,131.0,131,
2026-05-12 07:00:00,P+R Kurdwanów,116.0,116,
2026-05-12 07:30:00,P+R Kurdwanów,98.0,98,
2026-05-12 08:00:00,P+R Kurdwanów,75.0,75,
2026-05-12 08:30:00,P+R Kurdwanów,67.0,67,
2026-05-12 09:00:00,P+R Kurdwanów,63.0,63,
2026-05-12 09:30:00,P+R Kurdwanów,61.0,61,
2026-05-12 10:00:00,P+R Kurdwanów,53.0,53,
2026-05-12 10:30:00,P+R Kurdwanów,51.0,51,
2026-05-12 11:00:00,P+R Kurdwanów,48.0,48,
2026-05-12 11:30:00,P+R Kurdwanów,46.0,46,
2026-05-12 12:00:00,P+R Kurdwanów,52.0,52,
2026-05-12 12:30:00,P+R Kurdwanów,53.0,53,
2026-05-12 13:00:00,P+R Kurdwanów,53.0,53,
2026-05-12 13:30:00,P+R Kurdwanów,50.0,50,
2026-05-12 14:00:00,P+R Kurdwanów,45.0,45,
2026-05-12 14:30:00,P+R Kurdwanów,45.0,45,
2026-05-12 15:00:00,P+R Kurdwanów,47.0,47,
2026-05-12 15:30:00,P+R Kurdwanów,60.0,60,
2026-05-12 16:00:00,P+R Kurdwanów,82.0,82,
2026-05-12 16:30:00,P+R Kurdwanów,88.0,88,
2026-05-12 17:00:00,P+R Kurdwanów,102.0,102,
2026-05-12 17:30:00,P+R Kurdwanów,106.0,106,
2026-05-12 18:00:00,P+R Kurdwanów,112.0,112,
2026-05-12 18:30:00,P+R Kurdwanów,,112,forward_fill
2026-05-12 19:00:00,P+R Kurdwanów,128.0,128,
2026-05-12 19:30:00,P+R Kurdwanów,132.0,132,
2026-05-12 20:00:00,P+R Kurdwanów,135.0,135,
2026-05-12 20:30:00,P+R Kurdwanów,138.0,138,
2026-05-12 21:00:00,P+R Kurdwanów,142.0,142,
2026-05-12 21:30:00,P+R Kurdwanów,146.0,146,
2026-05-12 22:00:00,P+R Kurdwanów,148.0,148,
2026-05-12 22:30:00,P+R Kurdwanów,148.0,148,
2026-05-12 23:00:00,P+R Kurdwanów,153.0,153,
2026-05-12 23:30:00,P+R Kurdwanów,155.0,155,
2026-05-13 00:00:00,P+R Kurdwanów,155.0,155,
2026-05-13 00:30:00,P+R Kurdwanów,155.0,155,
2026-05-13 01:00:00,P+R Kurdwanów,155.0,155,
2026-05-13 01:30:00,P+R Kurdwanów,155.0,155,
2026-05-13 02:00:00,P+R Kurdwanów,156.0,156,
2026-05-13 02:30:00,P+R Kurdwanów,156.0,156,
2026-05-13 03:00:00,P+R Kurdwanów,156.0,156,
2026-05-13 03:30:00,P+R Kurdwanów,156.0,156,
2026-05-13 04:00:00,P+R Kurdwanów,156.0,156,
2026-05-13 04:30:00,P+R Kurdwanów,155.0,155,
2026-05-13 05:00:00,P+R Kurdwanów,152.0,152,
2026-05-13 05:30:00,P+R Kurdwanów,145.0,145,
2026-05-13 06:00:00,P+R Kurdwanów,137.0,137,
2026-05-13 06:30:00,P+R Kurdwanów,122.0,122,
2026-05-13 07:00:00,P+R Kurdwanów,105.0,105,
2026-05-13 07:30:00,P+R Kurdwanów,84.0,84,
2026-05-13 08:00:00,P+R Kurdwanów,67.0,67,
2026-05-13 08:30:00,P+R Kurdwanów,54.0,54,
2026-05-13 09:00:00,P+R Kurdwanów,48.0,48,
2026-05-13 09:30:00,P+R Kurdwanów,50.0,50,
2026-05-13 10:00:00,P+R Kurdwanów,50.0,50,
2026-05-13 10:30:00,P+R Kurdwanów,45.0,45,
2026-05-13 11:00:00,P+R Kurdwanów,40.0,40,
2026-05-13 11:30:00,P+R Kurdwanów,39.0,39,
2026-05-13 12:00:00,P+R Kurdwanów,38.0,38,
2026-05-13 12:30:00,P+R Kurdwanów,32.0,32,
2026-05-13 13:00:00,P+R Kurdwanów,30.0,30,
2026-05-13 13:30:00,P+R Kurdwanów,32.0,32,
2026-05-13 14:00:00,P+R Kurdwanów,33.0,33,
2026-05-13 14:30:00,P+R Kurdwanów,34.0,34,
2026-05-13 15:00:00,P+R Kurdwanów,46.0,46,
2026-05-13 15:30:00,P+R Kurdwanów,55.0,55,
2026-05-13 16:00:00,P+R Kurdwanów,74.0,74,
2026-05-13 16:30:00,P+R Kurdwanów,81.0,81,
2026-05-13 17:00:00,P+R Kurdwanów,96.0,96,
2026-05-13 17:30:00,P+R Kurdwanów,105.0,105,
2026-05-13 18:00:00,P+R Kurdwanów,111.0,111,
2026-05-13 18:30:00,P+R Kurdwanów,115.0,115,
2026-05-13 19:00:00,P+R Kurdwanów,121.0,121,
2026-05-13 19:30:00,P+R Kurdwanów,129.0,129,
2026-05-13 20:00:00,P+R Kurdwanów,133.0,133,
2026-05-13 20:30:00,P+R Kurdwanów,132.0,132,
2026-05-13 21:00:00,P+R Kurdwanów,135.0,135,
2026-05-13 21:30:00,P+R Kurdwanów,136.0,136,
2026-05-13 22:00:00,P+R Kurdwanów,140.0,140,
2026-05-13 22:30:00,P+R Kurdwanów,141.0,141,
2026-05-13 23:00:00,P+R Kurdwanów,148.0,148,
2026-05-13 23:30:00,P+R Kurdwanów,151.0,151,
2026-05-14 00:00:00,P+R Kurdwanów,151.0,151,
2026-05-14 00:30:00,P+R Kurdwanów,151.0,151,
2026-05-14 01:00:00,P+R Kurdwanów,152.0,152,
2026-05-14 01:30:00,P+R Kurdwanów,156.0,156,
2026-05-14 02:00:00,P+R Kurdwanów,156.0,156,
2026-05-14 02:30:00,P+R Kurdwanów,156.0,156,
2026-05-14 03:00:00,P+R Kurdwanów,156.0,156,
2026-05-14 03:30:00,P+R Kurdwanów,156.0,156,
2026-05-14 04:00:00,P+R Kurdwanów,156.0,156,
2026-05-14 04:30:00,P+R Kurdwanów,156.0,156,
2026-05-14 05:00:00,P+R Kurdwanów,152.0,152,
2026-05-14 05:30:00,P+R Kurdwanów,149.0,149,
2026-05-14 06:00:00,P+R Kurdwanów,141.0,141,
2026-05-14 06:30:00,P+R Kurdwanów,126.0,126,
2026-05-14 07:00:00,P+R Kurdwanów,106.0,106,
2026-05-14 07:30:00,P+R Kurdwanów,90.0,90,
2026-05-14 08:00:00,P+R Kurdwanów,74.0,74,
2026-05-14 08:30:00,P+R Kurdwanów,58.0,58,
2026-05-14 09:00:00,P+R Kurdwanów,51.0,51,
2026-05-14 09:30:00,P+R Kurdwanów,44.0,44,
2026-05-14 10:00:00,P+R Kurdwanów,35.0,35,
2026-05-14 10:30:00,P+R Kurdwanów,32.0,32,
2026-05-14 11:00:00,P+R Kurdwanów,27.0,27,
2026-05-14 11:30:00,P+R Kurdwanów,27.0,27,
2026-05-14 12:00:00,P+R Kurdwanów,26.0,26,
2026-05-14 12:30:00,P+R Kurdwanów,27.0,27,
2026-05-14 13:00:00,P+R Kurdwanów,30.0,30,
2026-05-14 13:30:00,P+R Kurdwanów,36.0,36,
2026-05-14 14:00:00,P+R Kurdwanów,37.0,37,
2026-05-14 14:30:00,P+R Kurdwanów,43.0,43,
2026-05-14 15:00:00,P+R Kurdwanów,48.0,48,
2026-05-14 15:30:00,P+R Kurdwanów,59.0,59,
2026-05-14 16:00:00,P+R Kurdwanów,74.0,74,
2026-05-14 16:30:00,P+R Kurdwanów,83.0,83,
2026-05-14 17:00:00,P+R Kurdwanów,97.0,97,
2026-05-14 17:30:00,P+R Kurdwanów,103.0,103,
2026-05-14 18:00:00,P+R Kurdwanów,112.0,112,
2026-05-14 18:30:00,P+R Kurdwanów,116.0,116,
2026-05-14 19:00:00,P+R Kurdwanów,125.0,125,
2026-05-14 19:30:00,P+R Kurdwanów,128.0,128,
2026-05-14 20:00:00,P+R Kurdwanów,131.0,131,
2026-05-14 20:30:00,P+R Kurdwanów,134.0,134,
2026-05-14 21:00:00,P+R Kurdwanów,137.0,137,
2026-05-14 21:30:00,P+R Kurdwanów,139.0,139,
2026-05-14 22:00:00,P+R Kurdwanów,142.0,142,
2026-05-14 22:30:00,P+R Kurdwanów,144.0,144,
2026-05-14 23:00:00,P+R Kurdwanów,146.0,146,
2026-05-14 23:30:00,P+R Kurdwanów,148.0,148,
2026-05-15 00:00:00,P+R Kurdwanów,,148,forward_fill
2026-05-15 00:30:00,P+R Kurdwanów,,148,forward_fill
2026-05-15 01:00:00,P+R Kurdwanów,149.0,149,
2026-05-15 01:30:00,P+R Kurdwanów,150.0,150,
2026-05-15 02:00:00,P+R Kurdwanów,156.0,156,
2026-05-15 02:30:00,P+R Kurdwanów,156.0,156,
2026-05-15 03:00:00,P+R Kurdwanów,156.0,156,
2026-05-15 03:30:00,P+R Kurdwanów,156.0,156,
2026-05-15 04:00:00,P+R Kurdwanów,156.0,156,
2026-05-15 04:30:00,P+R Kurdwanów,155.0,155,
2026-05-15 05:00:00,P+R Kurdwanów,153.0,153,
2026-05-15 05:30:00,P+R Kurdwanów,145.0,145,
2026-05-15 06:00:00,P+R Kurdwanów,140.0,140,
2026-05-15 06:30:00,P+R Kurdwanów,134.0,134,
2026-05-15 07:00:00,P+R Kurdwanów,117.0,117,
2026-05-15 07:30:00,P+R Kurdwanów,112.0,112,
2026-05-15 08:00:00,P+R Kurdwanów,95.0,95,
2026-05-15 08:30:00,P+R Kurdwanów,87.0,87,
2026-05-15 09:00:00,P+R Kurdwanów,79.0,79,
2026-05-15 09:30:00,P+R Kurdwanów,77.0,77,
2026-05-15 10:00:00,P+R Kurdwanów,76.0,76,
2026-05-15 10:30:00,P+R Kurdwanów,75.0,75,
2026-05-15 11:00:00,P+R Kurdwanów,71.0,71,
2026-05-15 11:30:00,P+R Kurdwanów,68.0,68,
2026-05-15 12:00:00,P+R Kurdwanów,66.0,66,
2026-05-15 12:30:00,P+R Kurdwanów,62.0,62,
2026-05-15 13:00:00,P+R Kurdwanów,64.0,64,
2026-05-15 13:30:00,P+R Kurdwanów,65.0,65,
2026-05-15 14:00:00,P+R Kurdwanów,70.0,70,
2026-05-15 14:30:00,P+R Kurdwanów,74.0,74,
2026-05-15 15:00:00,P+R Kurdwanów,86.0,86,
2026-05-15 15:30:00,P+R Kurdwanów,94.0,94,
2026-05-15 16:00:00,P+R Kurdwanów,104.0,104,
2026-05-15 16:30:00,P+R Kurdwanów,111.0,111,
2026-05-15 17:00:00,P+R Kurdwanów,117.0,117,
2026-05-15 17:30:00,P+R Kurdwanów,123.0,123,
2026-05-15 18:00:00,P+R Kurdwanów,130.0,130,
2026-05-15 18:30:00,P+R Kurdwanów,132.0,132,
2026-05-15 19:00:00,P+R Kurdwanów,133.0,133,
2026-05-15 19:30:00,P+R Kurdwanów,132.0,132,
2026-05-15 20:00:00,P+R Kurdwanów,138.0,138,
2026-05-15 20:30:00,P+R Kurdwanów,139.0,139,
2026-05-15 21:00:00,P+R Kurdwanów,143.0,143,
2026-05-15 21:30:00,P+R Kurdwanów,145.0,145,
2026-05-15 22:00:00,P+R Kurdwanów,146.0,146,
2026-05-15 22:30:00,P+R Kurdwanów,146.0,146,
2026-05-15 23:00:00,P+R Kurdwanów,148.0,148,
2026-05-15 23:30:00,P+R Kurdwanów,152.0,152,
2026-05-16 00:00:00,P+R Kurdwanów,155.0,155,
2026-05-16 00:30:00,P+R Kurdwanów,156.0,156,
2026-05-16 01:00:00,P+R Kurdwanów,156.0,156,
2026-05-16 01:30:00,P+R Kurdwanów,156.0,156,
2026-05-16 02:00:00,P+R Kurdwanów,156.0,156,
2026-05-16 02:30:00,P+R Kurdwanów,156.0,156,
2026-05-16 03:00:00,P+R Kurdwanów,156.0,156,
2026-05-16 03:30:00,P+R Kurdwanów,156.0,156,
2026-05-16 04:00:00,P+R Kurdwanów,156.0,156,
2026-05-16 04:30:00,P+R Kurdwanów,156.0,156,
2026-05-16 05:00:00,P+R Kurdwanów,156.0,156,
2026-05-16 05:30:00,P+R Kurdwanów,155.0,155,
2026-05-16 06:00:00,P+R Kurdwanów,155.0,155,
2026-05-16 06:30:00,P+R Kurdwanów,154.0,154,
2026-05-16 07:00:00,P+R Kurdwanów,153.0,153,
2026-05-16 07:30:00,P+R Kurdwanów,153.0,153,
2026-05-16 08:00:00,P+R Kurdwanów,151.0,151,
2026-05-16 08:30:00,P+R Kurdwanów,147.0,147,
2026-05-16 09:00:00,P+R Kurdwanów,145.0,145,
2026-05-16 09:30:00,P+R Kurdwanów,145.0,145,
2026-05-16 10:00:00,P+R Kurdwanów,145.0,145,
2026-05-16 10:30:00,P+R Kurdwanów,145.0,145,
2026-05-16 11:00:00,P+R Kurdwanów,141.0,141,
2026-05-16 11:30:00,P+R Kurdwanów,140.0,140,
2026-05-16 12:00:00,P+R Kurdwanów,141.0,141,
2026-05-16 12:30:00,P+R Kurdwanów,138.0,138,
2026-05-16 13:00:00,P+R Kurdwanów,139.0,139,
2026-05-16 13:30:00,P+R Kurdwanów,139.0,139,
2026-05-16 14:00:00,P+R Kurdwanów,138.0,138,
2026-05-16 14:30:00,P+R Kurdwanów,137.0,137,
2026-05-16 15:00:00,P+R Kurdwanów,134.0,134,
2026-05-16 15:30:00,P+R Kurdwanów,135.0,135,
2026-05-16 16:00:00,P+R Kurdwanów,138.0,138,
2026-05-16 16:30:00,P+R Kurdwanów,138.0,138,
2026-05-16 17:00:00,P+R Kurdwanów,141.0,141,
2026-05-16 17:30:00,P+R Kurdwanów,141.0,141,
2026-05-16 18:00:00,P+R Kurdwanów,143.0,143,
2026-05-16 18:30:00,P+R Kurdwanów,145.0,145,
2026-05-16 19:00:00,P+R Kurdwanów,149.0,149,
2026-05-16 19:30:00,P+R Kurdwanów,149.0,149,
2026-05-16 20:00:00,P+R Kurdwanów,,149,forward_fill
2026-05-16 20:30:00,P+R Kurdwanów,150.0,150,
2026-05-16 21:00:00,P+R Kurdwanów,152.0,152,
2026-05-16 21:30:00,P+R Kurdwanów,152.0,152,
2026-05-16 22:00:00,P+R Kurdwanów,152.0,152,
2026-05-16 22:30:00,P+R Kurdwanów,153.0,153,
2026-05-16 23:00:00,P+R Kurdwanów,154.0,154,
2026-05-16 23:30:00,P+R Kurdwanów,155.0,155,
2026-05-17 00:00:00,P+R Kurdwanów,156.0,156,
2026-05-17 00:30:00,P+R Kurdwanów,156.0,156,
2026-05-17 01:00:00,P+R Kurdwanów,156.0,156,
2026-05-17 01:30:00,P+R Kurdwanów,156.0,156,
2026-05-17 02:00:00,P+R Kurdwanów,156.0,156,
2026-05-17 02:30:00,P+R Kurdwanów,156.0,156,
2026-05-17 03:00:00,P+R Kurdwanów,156.0,156,
2026-05-17 03:30:00,P+R Kurdwanów,156.0,156,
2026-05-17 04:00:00,P+R Kurdwanów,156.0,156,
2026-05-17 04:30:00,P+R Kurdwanów,156.0,156,
2026-05-17 05:00:00,P+R Kurdwanów,156.0,156,
2026-05-17 05:30:00,P+R Kurdwanów,156.0,156,
2026-05-17 06:00:00,P+R Kurdwanów,156.0,156,
2026-05-17 06:30:00,P+R Kurdwanów,156.0,156,
2026-05-17 07:00:00,P+R Kurdwanów,156.0,156,
2026-05-17 07:30:00,P+R Kurdwanów,155.0,155,
2026-05-17 08:00:00,P+R Kurdwanów,155.0,155,
2026-05-17 08:30:00,P+R Kurdwanów,155.0,155,
2026-05-17 09:00:00,P+R Kurdwanów,155.0,155,
2026-05-17 09:30:00,P+R Kurdwanów,153.0,153,
2026-05-17 10:00:00,P+R Kurdwanów,152.0,152,
2026-05-17 10:30:00,P+R Kurdwanów,151.0,151,
2026-05-17 11:00:00,P+R Kurdwanów,151.0,151,
2026-05-17 11:30:00,P+R Kurdwanów,149.0,149,
2026-05-17 12:00:00,P+R Kurdwanów,148.0,148,
2026-05-17 12:30:00,P+R Kurdwanów,145.0,145,
2026-05-17 13:00:00,P+R Kurdwanów,143.0,143,
2026-05-17 13:30:00,P+R Kurdwanów,145.0,145,
2026-05-17 14:00:00,P+R Kurdwanów,146.0,146,
2026-05-17 14:30:00,P+R Kurdwanów,147.0,147,
2026-05-17 15:00:00,P+R Kurdwanów,146.0,146,
2026-05-17 15:30:00,P+R Kurdwanów,146.0,146,
2026-05-17 16:00:00,P+R Kurdwanów,146.0,146,
2026-05-17 16:30:00,P+R Kurdwanów,146.0,146,
2026-05-17 17:00:00,P+R Kurdwanów,148.0,148,
2026-05-17 17:30:00,P+R Kurdwanów,148.0,148,
2026-05-17 18:00:00,P+R Kurdwanów,148.0,148,
2026-05-17 18:30:00,P+R Kurdwanów,149.0,149,
2026-05-17 19:00:00,P+R Kurdwanów,150.0,150,
2026-05-17 19:30:00,P+R Kurdwanów,150.0,150,
2026-05-17 20:00:00,P+R Kurdwanów,152.0,152,
2026-05-17 20:30:00,P+R Kurdwanów,153.0,153,
2026-05-17 21:00:00,P+R Kurdwanów,153.0,153,
2026-05-17 21:30:00,P+R Kurdwanów,154.0,154,
2026-05-17 22:00:00,P+R Kurdwanów,155.0,155,
2026-05-17 22:30:00,P+R Kurdwanów,155.0,155,
2026-05-17 23:00:00,P+R Kurdwanów,155.0,155,
2026-05-17 23:30:00,P+R Kurdwanów,155.0,155,
2026-05-18 00:00:00,P+R Kurdwanów,,155,forward_fill
2026-05-18 00:30:00,P+R Kurdwanów,,155,forward_fill
2026-05-18 01:00:00,P+R Kurdwanów,156.0,156,
2026-05-18 01:30:00,P+R Kurdwanów,156.0,156,
2026-05-18 02:00:00,P+R Kurdwanów,156.0,156,
2026-05-18 02:30:00,P+R Kurdwanów,156.0,156,
2026-05-18 03:00:00,P+R Kurdwanów,156.0,156,
2026-05-18 03:30:00,P+R Kurdwanów,156.0,156,
2026-05-18 04:00:00,P+R Kurdwanów,156.0,156,
2026-05-18 04:30:00,P+R Kurdwanów,156.0,156,
2026-05-18 05:00:00,P+R Kurdwanów,153.0,153,
2026-05-18 05:30:00,P+R Kurdwanów,150.0,150,
2026-05-18 06:00:00,P+R Kurdwanów,140.0,140,
2026-05-18 06:30:00,P+R Kurdwanów,132.0,132,
2026-05-18 07:00:00,P+R Kurdwanów,113.0,113,
2026-05-18 07:30:00,P+R Kurdwanów,104.0,104,
2026-05-18 08:00:00,P+R Kurdwanów,96.0,96,
2026-05-18 08:30:00,P+R Kurdwanów,80.0,80,
2026-05-18 09:00:00,P+R Kurdwanów,78.0,78,
2026-05-18 09:30:00,P+R Kurdwanów,72.0,72,
2026-05-18 10:00:00,P+R Kurdwanów,66.0,66,
2026-05-18 10:30:00,P+R Kurdwanów,64.0,64,
2026-05-18 11:00:00,P+R Kurdwanów,57.0,57,
2026-05-18 11:30:00,P+R Kurdwanów,56.0,56,
2026-05-18 12:00:00,P+R Kurdwanów,53.0,53,
2026-05-18 12:30:00,P+R Kurdwanów,50.0,50,
2026-05-18 13:00:00,P+R Kurdwanów,53.0,53,
2026-05-18 13:30:00,P+R Kurdwanów,54.0,54,
2026-05-18 14:00:00,P+R Kurdwanów,52.0,52,
2026-05-18 14:30:00,P+R Kurdwanów,57.0,57,
2026-05-18 15:00:00,P+R Kurdwanów,61.0,61,
2026-05-18 15:30:00,P+R Kurdwanów,70.0,70,
2026-05-18 16:00:00,P+R Kurdwanów,81.0,81,
2026-05-18 16:30:00,P+R Kurdwanów,88.0,88,
2026-05-18 17:00:00,P+R Kurdwanów,98.0,98,
2026-05-18 17:30:00,P+R Kurdwanów,107.0,107,
2026-05-18 18:00:00,P+R Kurdwanów,,107,forward_fill
2026-05-18 18:30:00,P+R Kurdwanów,,107,forward_fill
2026-05-18 19:00:00,P+R Kurdwanów,125.0,125,
2026-05-18 19:30:00,P+R Kurdwanów,128.0,128,
2026-05-18 20:00:00,P+R Kurdwanów,133.0,133,
2026-05-18 20:30:00,P+R Kurdwanów,136.0,136,
2026-05-18 21:00:00,P+R Kurdwanów,138.0,138,
2026-05-18 21:30:00,P+R Kurdwanów,144.0,144,
2026-05-18 22:00:00,P+R Kurdwanów,147.0,147,
2026-05-18 22:30:00,P+R Kurdwanów,151.0,151,
2026-05-18 23:00:00,P+R Kurdwanów,153.0,153,
2026-05-18 23:30:00,P+R Kurdwanów,155.0,155,
2026-05-19 00:00:00,P+R Kurdwanów,155.0,155,
2026-05-19 00:30:00,P+R Kurdwanów,156.0,156,
2026-05-19 01:00:00,P+R Kurdwanów,156.0,156,
2026-05-19 01:30:00,P+R Kurdwanów,156.0,156,
2026-05-19 02:00:00,P+R Kurdwanów,156.0,156,
2026-05-19 02:30:00,P+R Kurdwanów,156.0,156,
2026-05-19 03:00:00,P+R Kurdwanów,156.0,156,
2026-05-19 03:30:00,P+R Kurdwanów,156.0,156,
2026-05-19 04:00:00,P+R Kurdwanów,156.0,156,
2026-05-19 04:30:00,P+R Kurdwanów,156.0,156,
2026-05-19 05:00:00,P+R Kurdwanów,154.0,154,
2026-05-19 05:30:00,P+R Kurdwanów,146.0,146,
2026-05-19 06:00:00,P+R Kurdwanów,138.0,138,
2026-05-19 06:30:00,P+R Kurdwanów,124.0,124,
2026-05-19 07:00:00,P+R Kurdwanów,104.0,104,
2026-05-19 07:30:00,P+R Kurdwanów,96.0,96,
2026-05-19 08:00:00,P+R Kurdwanów,86.0,86,
2026-05-19 08:30:00,P+R Kurdwanów,71.0,71,
2026-05-19 09:00:00,P+R Kurdwanów,65.0,65,
2026-05-19 09:30:00,P+R Kurdwanów,63.0,63,
2026-05-19 10:00:00,P+R Kurdwanów,58.0,58,
2026-05-19 10:30:00,P+R Kurdwanów,55.0,55,
2026-05-19 11:00:00,P+R Kurdwanów,53.0,53,
2026-05-19 11:30:00,P+R Kurdwanów,52.0,52,
2026-05-19 12:00:00,P+R Kurdwanów,47.0,47,
2026-05-19 12:30:00,P+R Kurdwanów,43.0,43,
2026-05-19 13:00:00,P+R Kurdwanów,42.0,42,
2026-05-19 13:30:00,P+R Kurdwanów,40.0,40,
2026-05-19 14:00:00,P+R Kurdwanów,43.0,43,
2026-05-19 14:30:00,P+R Kurdwanów,44.0,44,
2026-05-19 15:00:00,P+R Kurdwanów,52.0,52,
2026-05-19 15:30:00,P+R Kurdwanów,66.0,66,
2026-05-19 16:00:00,P+R Kurdwanów,81.0,81,
2026-05-19 16:30:00,P+R Kurdwanów,86.0,86,
2026-05-19 17:00:00,P+R Kurdwanów,100.0,100,
2026-05-19 17:30:00,P+R Kurdwanów,106.0,106,
2026-05-19 18:00:00,P+R Kurdwanów,107.0,107,
2026-05-19 18:30:00,P+R Kurdwanów,105.0,105,
2026-05-19 19:00:00,P+R Kurdwanów,106.0,106,
2026-05-19 19:30:00,P+R Kurdwanów,106.0,106,
2026-05-19 20:00:00,P+R Kurdwanów,109.0,109,
2026-05-19 20:30:00,P+R Kurdwanów,,109,forward_fill
2026-05-19 21:00:00,P+R Kurdwanów,116.0,116,
2026-05-19 21:30:00,P+R Kurdwanów,119.0,119,
2026-05-19 22:00:00,P+R Kurdwanów,120.0,120,
2026-05-19 22:30:00,P+R Kurdwanów,123.0,123,
2026-05-19 23:00:00,P+R Kurdwanów,124.0,124,
2026-05-19 23:30:00,P+R Kurdwanów,126.0,126,
2026-05-20 00:00:00,P+R Kurdwanów,156.0,156,
2026-05-20 00:30:00,P+R Kurdwanów,156.0,156,
2026-05-20 01:00:00,P+R Kurdwanów,156.0,156,
2026-05-20 01:30:00,P+R Kurdwanów,156.0,156,
2026-05-20 02:00:00,P+R Kurdwanów,156.0,156,
2026-05-20 02:30:00,P+R Kurdwanów,156.0,156,
2026-05-20 03:00:00,P+R Kurdwanów,156.0,156,
2026-05-20 03:30:00,P+R Kurdwanów,156.0,156,
2026-05-20 04:00:00,P+R Kurdwanów,156.0,156,
2026-05-20 04:30:00,P+R Kurdwanów,,156,forward_fill
2026-05-20 05:00:00,P+R Kurdwanów,153.0,153,
2026-05-20 05:30:00,P+R Kurdwanów,148.0,148,
2026-05-20 06:00:00,P+R Kurdwanów,140.0,140,
2026-05-20 06:30:00,P+R Kurdwanów,125.0,125,
2026-05-20 07:00:00,P+R Kurdwanów,98.0,98,
2026-05-20 07:30:00,P+R Kurdwanów,86.0,86,
2026-05-20 08:00:00,P+R Kurdwanów,75.0,75,
2026-05-20 08:30:00,P+R Kurdwanów,62.0,62,
2026-05-20 09:00:00,P+R Kurdwanów,51.0,51,
2026-05-20 09:30:00,P+R Kurdwanów,46.0,46,
2026-05-20 10:00:00,P+R Kurdwanów,42.0,42,
2026-05-20 10:30:00,P+R Kurdwanów,38.0,38,
2026-05-20 11:00:00,P+R Kurdwanów,35.0,35,
2026-05-20 11:30:00,P+R Kurdwanów,35.0,35,
2026-05-20 12:00:00,P+R Kurdwanów,40.0,40,
2026-05-20 12:30:00,P+R Kurdwanów,36.0,36,
2026-05-20 13:00:00,P+R Kurdwanów,35.0,35,
2026-05-20 13:30:00,P+R Kurdwanów,36.0,36,
2026-05-20 14:00:00,P+R Kurdwanów,33.0,33,
2026-05-20 14:30:00,P+R Kurdwanów,34.0,34,
2026-05-20 15:00:00,P+R Kurdwanów,43.0,43,
2026-05-20 15:30:00,P+R Kurdwanów,55.0,55,
2026-05-20 16:00:00,P+R Kurdwanów,74.0,74,
2026-05-20 16:30:00,P+R Kurdwanów,93.0,93,
2026-05-20 17:00:00,P+R Kurdwanów,107.0,107,
2026-05-20 17:30:00,P+R Kurdwanów,115.0,115,
2026-05-20 18:00:00,P+R Kurdwanów,123.0,123,
2026-05-20 18:30:00,P+R Kurdwanów,129.0,129,
2026-05-20 19:00:00,P+R Kurdwanów,136.0,136,
2026-05-20 19:30:00,P+R Kurdwanów,136.0,136,
2026-05-20 20:00:00,P+R Kurdwanów,140.0,140,
2026-05-20 20:30:00,P+R Kurdwanów,143.0,143,
2026-05-20 21:00:00,P+R Kurdwanów,145.0,145,
2026-05-20 21:30:00,P+R Kurdwanów,146.0,146,
2026-05-20 22:00:00,P+R Kurdwanów,147.0,147,
2026-05-20 22:30:00,P+R Kurdwanów,151.0,151,
2026-05-20 23:00:00,P+R Kurdwanów,152.0,152,
2026-05-20 23:30:00,P+R Kurdwanów,155.0,155,
2026-05-21 00:00:00,P+R Kurdwanów,155.0,155,
2026-05-21 00:30:00,P+R Kurdwanów,155.0,155,
2026-05-21 01:00:00,P+R Kurdwanów,155.0,155,
2026-05-21 01:30:00,P+R Kurdwanów,156.0,156,
2026-05-21 02:00:00,P+R Kurdwanów,156.0,156,
2026-05-21 02:30:00,P+R Kurdwanów,156.0,156,
2026-05-21 03:00:00,P+R Kurdwanów,156.0,156,
2026-05-21 03:30:00,P+R Kurdwanów,156.0,156,
2026-05-21 04:00:00,P+R Kurdwanów,156.0,156,
2026-05-21 04:30:00,P+R Kurdwanów,156.0,156,
2026-05-21 05:00:00,P+R Kurdwanów,153.0,153,
2026-05-21 05:30:00,P+R Kurdwanów,150.0,150,
2026-05-21 06:00:00,P+R Kurdwanów,141.0,141,
2026-05-21 06:30:00,P+R Kurdwanów,128.0,128,
2026-05-21 07:00:00,P+R Kurdwanów,106.0,106,
2026-05-21 07:30:00,P+R Kurdwanów,98.0,98,
2026-05-21 08:00:00,P+R Kurdwanów,84.0,84,
2026-05-21 08:30:00,P+R Kurdwanów,75.0,75,
2026-05-21 09:00:00,P+R Kurdwanów,65.0,65,
2026-05-21 09:30:00,P+R Kurdwanów,62.0,62,
2026-05-21 10:00:00,P+R Kurdwanów,56.0,56,
2026-05-21 10:30:00,P+R Kurdwanów,52.0,52,
2026-05-21 11:00:00,P+R Kurdwanów,45.0,45,
2026-05-21 11:30:00,P+R Kurdwanów,44.0,44,
2026-05-21 12:00:00,P+R Kurdwanów,40.0,40,
2026-05-21 12:30:00,P+R Kurdwanów,38.0,38,
2026-05-21 13:00:00,P+R Kurdwanów,35.0,35,
2026-05-21 13:30:00,P+R Kurdwanów,37.0,37,
2026-05-21 14:00:00,P+R Kurdwanów,40.0,40,
2026-05-21 14:30:00,P+R Kurdwanów,42.0,42,
2026-05-21 15:00:00,P+R Kurdwanów,47.0,47,
2026-05-21 15:30:00,P+R Kurdwanów,58.0,58,
2026-05-21 16:00:00,P+R Kurdwanów,75.0,75,
2026-05-21 16:30:00,P+R Kurdwanów,80.0,80,
2026-05-21 17:00:00,P+R Kurdwanów,92.0,92,
2026-05-21 17:30:00,P+R Kurdwanów,97.0,97,
2026-05-21 18:00:00,P+R Kurdwanów,106.0,106,
2026-05-21 18:30:00,P+R Kurdwanów,112.0,112,
2026-05-21 19:00:00,P+R Kurdwanów,118.0,118,
2026-05-21 19:30:00,P+R Kurdwanów,123.0,123,
2026-05-21 20:00:00,P+R Kurdwanów,129.0,129,
2026-05-21 20:30:00,P+R Kurdwanów,134.0,134,
2026-05-21 21:00:00,P+R Kurdwanów,138.0,138,
2026-05-21 21:30:00,P+R Kurdwanów,140.0,140,
2026-05-21 22:00:00,P+R Kurdwanów,146.0,146,
2026-05-21 22:30:00,P+R Kurdwanów,147.0,147,
2026-05-21 23:00:00,P+R Kurdwanów,150.0,150,
2026-05-21 23:30:00,P+R Kurdwanów,153.0,153,
2026-05-22 00:00:00,P+R Kurdwanów,154.0,154,
2026-05-22 00:30:00,P+R Kurdwanów,155.0,155,
2026-05-22 01:00:00,P+R Kurdwanów,155.0,155,
2026-05-22 01:30:00,P+R Kurdwanów,155.0,155,
2026-05-22 02:00:00,P+R Kurdwanów,155.0,155,
2026-05-22 02:30:00,P+R Kurdwanów,155.0,155,
2026-05-22 03:00:00,P+R Kurdwanów,155.0,155,
2026-05-22 03:30:00,P+R Kurdwanów,155.0,155,
2026-05-22 04:00:00,P+R Kurdwanów,155.0,155,
2026-05-22 04:30:00,P+R Kurdwanów,155.0,155,
2026-05-22 05:00:00,P+R Kurdwanów,151.0,151,
2026-05-22 05:30:00,P+R Kurdwanów,147.0,147,
2026-05-22 06:00:00,P+R Kurdwanów,143.0,143,
2026-05-22 06:30:00,P+R Kurdwanów,134.0,134,
2026-05-22 07:00:00,P+R Kurdwanów,112.0,112,
2026-05-22 07:30:00,P+R Kurdwanów,100.0,100,
2026-05-22 08:00:00,P+R Kurdwanów,90.0,90,
2026-05-22 08:30:00,P+R Kurdwanów,86.0,86,
2026-05-22 09:00:00,P+R Kurdwanów,80.0,80,
2026-05-22 09:30:00,P+R Kurdwanów,77.0,77,
2026-05-22 10:00:00,P+R Kurdwanów,75.0,75,
2026-05-22 10:30:00,P+R Kurdwanów,74.0,74,
2026-05-22 11:00:00,P+R Kurdwanów,68.0,68,
2026-05-22 11:30:00,P+R Kurdwanów,68.0,68,
2026-05-22 12:00:00,P+R Kurdwanów,69.0,69,
2026-05-22 12:30:00,P+R Kurdwanów,65.0,65,
2026-05-22 13:00:00,P+R Kurdwanów,67.0,67,
2026-05-22 13:30:00,P+R Kurdwanów,65.0,65,
2026-05-22 14:00:00,P+R Kurdwanów,70.0,70,
2026-05-22 14:30:00,P+R Kurdwanów,72.0,72,
2026-05-22 15:00:00,P+R Kurdwanów,80.0,80,
2026-05-22 15:30:00,P+R Kurdwanów,90.0,90,
2026-05-22 16:00:00,P+R Kurdwanów,102.0,102,
2026-05-22 16:30:00,P+R Kurdwanów,107.0,107,
2026-05-22 17:00:00,P+R Kurdwanów,118.0,118,
2026-05-22 17:30:00,P+R Kurdwanów,122.0,122,
2026-05-22 18:00:00,P+R Kurdwanów,124.0,124,
2026-05-22 18:30:00,P+R Kurdwanów,124.0,124,
2026-05-22 19:00:00,P+R Kurdwanów,127.0,127,
2026-05-22 19:30:00,P+R Kurdwanów,131.0,131,
2026-05-22 20:00:00,P+R Kurdwanów,137.0,137,
2026-05-22 20:30:00,P+R Kurdwanów,139.0,139,
2026-05-22 21:00:00,P+R Kurdwanów,143.0,143,
2026-05-22 21:30:00,P+R Kurdwanów,145.0,145,
2026-05-22 22:00:00,P+R Kurdwanów,148.0,148,
2026-05-22 22:30:00,P+R Kurdwanów,149.0,149,
2026-05-22 23:00:00,P+R Kurdwanów,151.0,151,
2026-05-22 23:30:00,P+R Kurdwanów,154.0,154,
2026-05-23 00:00:00,P+R Kurdwanów,155.0,155,
2026-05-23 00:30:00,P+R Kurdwanów,156.0,156,
2026-05-23 01:00:00,P+R Kurdwanów,156.0,156,
2026-05-23 01:30:00,P+R Kurdwanów,156.0,156,
2026-05-23 02:00:00,P+R Kurdwanów,156.0,156,
2026-05-23 02:30:00,P+R Kurdwanów,156.0,156,
2026-05-23 03:00:00,P+R Kurdwanów,156.0,156,
2026-05-23 03:30:00,P+R Kurdwanów,156.0,156,
2026-05-23 04:00:00,P+R Kurdwanów,156.0,156,
2026-05-23 04:30:00,P+R Kurdwanów,156.0,156,
2026-05-23 05:00:00,P+R Kurdwanów,156.0,156,
2026-05-23 05:30:00,P+R Kurdwanów,156.0,156,
2026-05-23 06:00:00,P+R Kurdwanów,155.0,155,
2026-05-23 06:30:00,P+R Kurdwanów,154.0,154,
2026-05-23 07:00:00,P+R Kurdwanów,151.0,151,
2026-05-23 07:30:00,P+R Kurdwanów,149.0,149,
2026-05-23 08:00:00,P+R Kurdwanów,149.0,149,
2026-05-23 08:30:00,P+R Kurdwanów,148.0,148,
2026-05-23 09:00:00,P+R Kurdwanów,147.0,147,
2026-05-23 09:30:00,P+R Kurdwanów,146.0,146,
2026-05-23 10:00:00,P+R Kurdwanów,146.0,146,
2026-05-23 10:30:00,P+R Kurdwanów,143.0,143,
2026-05-23 11:00:00,P+R Kurdwanów,142.0,142,
2026-05-23 11:30:00,P+R Kurdwanów,144.0,144,
2026-05-23 12:00:00,P+R Kurdwanów,142.0,142,
2026-05-23 12:30:00,P+R Kurdwanów,140.0,140,
2026-05-23 13:00:00,P+R Kurdwanów,141.0,141,
2026-05-23 13:30:00,P+R Kurdwanów,141.0,141,
2026-05-23 14:00:00,P+R Kurdwanów,138.0,138,
2026-05-23 14:30:00,P+R Kurdwanów,140.0,140,
2026-05-23 15:00:00,P+R Kurdwanów,139.0,139,
2026-05-23 15:30:00,P+R Kurdwanów,139.0,139,
2026-05-23 16:00:00,P+R Kurdwanów,140.0,140,
2026-05-23 16:30:00,P+R Kurdwanów,141.0,141,
2026-05-23 17:00:00,P+R Kurdwanów,143.0,143,
2026-05-23 17:30:00,P+R Kurdwanów,144.0,144,
2026-05-23 18:00:00,P+R Kurdwanów,141.0,141,
2026-05-23 18:30:00,P+R Kurdwanów,142.0,142,
2026-05-23 19:00:00,P+R Kurdwanów,142.0,142,
2026-05-23 19:30:00,P+R Kurdwanów,142.0,142,
2026-05-23 20:00:00,P+R Kurdwanów,144.0,144,
2026-05-23 20:30:00,P+R Kurdwanów,147.0,147,
2026-05-23 21:00:00,P+R Kurdwanów,149.0,149,
2026-05-23 21:30:00,P+R Kurdwanów,150.0,150,
2026-05-23 22:00:00,P+R Kurdwanów,152.0,152,
2026-05-23 22:30:00,P+R Kurdwanów,153.0,153,
2026-05-23 23:00:00,P+R Kurdwanów,154.0,154,
2026-05-23 23:30:00,P+R Kurdwanów,155.0,155,
2026-05-24 00:00:00,P+R Kurdwanów,155.0,155,
2026-05-24 00:30:00,P+R Kurdwanów,156.0,156,
2026-05-24 01:00:00,P+R Kurdwanów,156.0,156,
2026-05-24 01:30:00,P+R Kurdwanów,156.0,156,
2026-05-24 02:00:00,P+R Kurdwanów,156.0,156,
2026-05-24 02:30:00,P+R Kurdwanów,156.0,156,
2026-05-24 03:00:00,P+R Kurdwanów,156.0,156,
2026-05-24 03:30:00,P+R Kurdwanów,156.0,156,
2026-05-24 04:00:00,P+R Kurdwanów,156.0,156,
2026-05-24 04:30:00,P+R Kurdwanów,156.0,156,
2026-05-24 05:00:00,P+R Kurdwanów,156.0,156,
2026-05-24 05:30:00,P+R Kurdwanów,155.0,155,
2026-05-24 06:00:00,P+R Kurdwanów,155.0,155,
2026-05-24 06:30:00,P+R Kurdwanów,155.0,155,
2026-05-24 07:00:00,P+R Kurdwanów,155.0,155,
2026-05-24 07:30:00,P+R Kurdwanów,154.0,154,
2026-05-24 08:00:00,P+R Kurdwanów,154.0,154,
2026-05-24 08:30:00,P+R Kurdwanów,154.0,154,
2026-05-24 09:00:00,P+R Kurdwanów,154.0,154,
2026-05-24 09:30:00,P+R Kurdwanów,153.0,153,
2026-05-24 10:00:00,P+R Kurdwanów,152.0,152,
2026-05-24 10:30:00,P+R Kurdwanów,150.0,150,
2026-05-24 11:00:00,P+R Kurdwanów,149.0,149,
2026-05-24 11:30:00,P+R Kurdwanów,148.0,148,
2026-05-24 12:00:00,P+R Kurdwanów,148.0,148,
2026-05-24 12:30:00,P+R Kurdwanów,148.0,148,
2026-05-24 13:00:00,P+R Kurdwanów,147.0,147,
2026-05-24 13:30:00,P+R Kurdwanów,146.0,146,
2026-05-24 14:00:00,P+R Kurdwanów,144.0,144,
2026-05-24 14:30:00,P+R Kurdwanów,142.0,142,
2026-05-24 15:00:00,P+R Kurdwanów,142.0,142,
2026-05-24 15:30:00,P+R Kurdwanów,141.0,141,
2026-05-24 16:00:00,P+R Kurdwanów,141.0,141,
2026-05-24 16:30:00,P+R Kurdwanów,141.0,141,
2026-05-24 17:00:00,P+R Kurdwanów,140.0,140,
2026-05-24 17:30:00,P+R Kurdwanów,142.0,142,
2026-05-24 18:00:00,P+R Kurdwanów,143.0,143,
2026-05-24 18:30:00,P+R Kurdwanów,144.0,144,
2026-05-24 19:00:00,P+R Kurdwanów,145.0,145,
2026-05-24 19:30:00,P+R Kurdwanów,146.0,146,
2026-05-24 20:00:00,P+R Kurdwanów,146.0,146,
2026-05-24 20:30:00,P+R Kurdwanów,146.0,146,
2026-05-24 21:00:00,P+R Kurdwanów,,146,forward_fill
2026-05-24 21:30:00,P+R Kurdwanów,151.0,151,
2026-05-24 22:00:00,P+R Kurdwanów,151.0,151,
2026-05-24 22:30:00,P+R Kurdwanów,153.0,153,
2026-05-24 23:00:00,P+R Kurdwanów,154.0,154,
2026-05-24 23:30:00,P+R Kurdwanów,155.0,155,
2026-05-25 00:00:00,P+R Kurdwanów,155.0,155,
2026-05-25 00:30:00,P+R Kurdwanów,155.0,155,
2026-05-25 01:00:00,P+R Kurdwanów,155.0,155,
2026-05-25 01:30:00,P+R Kurdwanów,155.0,155,
2026-05-25 02:00:00,P+R Kurdwanów,155.0,155,
2026-05-25 02:30:00,P+R Kurdwanów,155.0,155,
2026-05-25 03:00:00,P+R Kurdwanów,155.0,155,
2026-05-25 03:30:00,P+R Kurdwanów,155.0,155,
2026-05-25 04:00:00,P+R Kurdwanów,155.0,155,
2026-05-25 04:30:00,P+R Kurdwanów,155.0,155,
2026-05-25 05:00:00,P+R Kurdwanów,152.0,152,
2026-05-25 05:30:00,P+R Kurdwanów,144.0,144,
2026-05-25 06:00:00,P+R Kurdwanów,138.0,138,
2026-05-25 06:30:00,P+R Kurdwanów,130.0,130,
2026-05-25 07:00:00,P+R Kurdwanów,106.0,106,
2026-05-25 07:30:00,P+R Kurdwanów,99.0,99,
2026-05-25 08:00:00,P+R Kurdwanów,83.0,83,
2026-05-25 08:30:00,P+R Kurdwanów,72.0,72,
2026-05-25 09:00:00,P+R Kurdwanów,63.0,63,
2026-05-25 09:30:00,P+R Kurdwanów,56.0,56,
2026-05-25 10:00:00,P+R Kurdwanów,56.0,56,
2026-05-25 10:30:00,P+R Kurdwanów,55.0,55,
2026-05-25 11:00:00,P+R Kurdwanów,,55,forward_fill
2026-05-25 11:30:00,P+R Kurdwanów,55.0,55,
2026-05-25 12:00:00,P+R Kurdwanów,52.0,52,
2026-05-25 12:30:00,P+R Kurdwanów,52.0,52,
2026-05-25 13:00:00,P+R Kurdwanów,49.0,49,
2026-05-25 13:30:00,P+R Kurdwanów,48.0,48,
2026-05-25 14:00:00,P+R Kurdwanów,46.0,46,
2026-05-25 14:30:00,P+R Kurdwanów,50.0,50,
2026-05-25 15:00:00,P+R Kurdwanów,57.0,57,
2026-05-25 15:30:00,P+R Kurdwanów,61.0,61,
2026-05-25 16:00:00,P+R Kurdwanów,77.0,77,
2026-05-25 16:30:00,P+R Kurdwanów,87.0,87,
2026-05-25 17:00:00,P+R Kurdwanów,99.0,99,
2026-05-25 17:30:00,P+R Kurdwanów,106.0,106,
2026-05-25 18:00:00,P+R Kurdwanów,113.0,113,
2026-05-25 18:30:00,P+R Kurdwanów,116.0,116,
2026-05-25 19:00:00,P+R Kurdwanów,125.0,125,
2026-05-25 19:30:00,P+R Kurdwanów,127.0,127,
2026-05-25 20:00:00,P+R Kurdwanów,134.0,134,
2026-05-25 20:30:00,P+R Kurdwanów,135.0,135,
2026-05-25 21:00:00,P+R Kurdwanów,141.0,141,
2026-05-25 21:30:00,P+R Kurdwanów,142.0,142,
2026-05-25 22:00:00,P+R Kurdwanów,144.0,144,
2026-05-25 22:30:00,P+R Kurdwanów,145.0,145,
2026-05-25 23:00:00,P+R Kurdwanów,147.0,147,
2026-05-25 23:30:00,P+R Kurdwanów,149.0,149,
2026-05-26 00:00:00,P+R Kurdwanów,149.0,149,
2026-05-26 00:30:00,P+R Kurdwanów,149.0,149,
2026-05-26 01:00:00,P+R Kurdwanów,149.0,149,
2026-05-26 01:30:00,P+R Kurdwanów,149.0,149,
2026-05-26 02:00:00,P+R Kurdwanów,156.0,156,
2026-05-26 02:30:00,P+R Kurdwanów,156.0,156,
2026-05-26 03:00:00,P+R Kurdwanów,156.0,156,
2026-05-26 03:30:00,P+R Kurdwanów,156.0,156,
2026-05-26 04:00:00,P+R Kurdwanów,156.0,156,
2026-05-26 04:30:00,P+R Kurdwanów,156.0,156,
2026-05-26 05:00:00,P+R Kurdwanów,152.0,152,
2026-05-26 05:30:00,P+R Kurdwanów,148.0,148,
2026-05-26 06:00:00,P+R Kurdwanów,139.0,139,
2026-05-26 06:30:00,P+R Kurdwanów,122.0,122,
2026-05-26 07:00:00,P+R Kurdwanów,106.0,106,
2026-05-26 07:30:00,P+R Kurdwanów,94.0,94,
2026-05-26 08:00:00,P+R Kurdwanów,76.0,76,
2026-05-26 08:30:00,P+R Kurdwanów,68.0,68,
2026-05-26 09:00:00,P+R Kurdwanów,63.0,63,
2026-05-26 09:30:00,P+R Kurdwanów,57.0,57,
2026-05-26 10:00:00,P+R Kurdwanów,51.0,51,
2026-05-26 10:30:00,P+R Kurdwanów,50.0,50,
2026-05-26 11:00:00,P+R Kurdwanów,48.0,48,
2026-05-26 11:30:00,P+R Kurdwanów,46.0,46,
2026-05-26 12:00:00,P+R Kurdwanów,43.0,43,
2026-05-26 12:30:00,P+R Kurdwanów,39.0,39,
2026-05-26 13:00:00,P+R Kurdwanów,,41,linear interpolation
2026-05-26 13:30:00,P+R Kurdwanów,,43,linear interpolation
2026-05-26 14:00:00,P+R Kurdwanów,,44,linear interpolation
2026-05-26 14:30:00,P+R Kurdwanów,,46,linear interpolation
2026-05-26 15:00:00,P+R Kurdwanów,48.0,48,
2026-05-26 15:30:00,P+R Kurdwanów,59.0,59,
2026-05-26 16:00:00,P+R Kurdwanów,73.0,73,
2026-05-26 16:30:00,P+R Kurdwanów,79.0,79,
2026-05-26 17:00:00,P+R Kurdwanów,90.0,90,
2026-05-26 17:30:00,P+R Kurdwanów,101.0,101,
2026-05-26 18:00:00,P+R Kurdwanów,108.0,108,
2026-05-26 18:30:00,P+R Kurdwanów,112.0,112,
2026-05-26 19:00:00,P+R Kurdwanów,122.0,122,
2026-05-26 19:30:00,P+R Kurdwanów,,122,forward_fill
2026-05-26 20:00:00,P+R Kurdwanów,132.0,132,
2026-04-28 21:30:00,P+R Mały Płaszów,146.0,146,
2026-04-28 22:00:00,P+R Mały Płaszów,147.0,147,
2026-04-28 22:30:00,P+R Mały Płaszów,148.0,148,
2026-04-28 23:00:00,P+R Mały Płaszów,149.0,149,
2026-04-28 23:30:00,P+R Mały Płaszów,151.0,151,
2026-04-29 00:00:00,P+R Mały Płaszów,152.0,152,
2026-04-29 00:30:00,P+R Mały Płaszów,152.0,152,
2026-04-29 01:00:00,P+R Mały Płaszów,152.0,152,
2026-04-29 01:30:00,P+R Mały Płaszów,152.0,152,
2026-04-29 02:00:00,P+R Mały Płaszów,152.0,152,
2026-04-29 02:30:00,P+R Mały Płaszów,152.0,152,
2026-04-29 03:00:00,P+R Mały Płaszów,152.0,152,
2026-04-29 03:30:00,P+R Mały Płaszów,152.0,152,
2026-04-29 04:00:00,P+R Mały Płaszów,152.0,152,
2026-04-29 04:30:00,P+R Mały Płaszów,155.0,155,
2026-04-29 05:00:00,P+R Mały Płaszów,153.0,153,
2026-04-29 05:30:00,P+R Mały Płaszów,153.0,153,
2026-04-29 06:00:00,P+R Mały Płaszów,152.0,152,
2026-04-29 06:30:00,P+R Mały Płaszów,143.0,143,
2026-04-29 07:00:00,P+R Mały Płaszów,134.0,134,
2026-04-29 07:30:00,P+R Mały Płaszów,124.0,124,
2026-04-29 08:00:00,P+R Mały Płaszów,109.0,109,
2026-04-29 08:30:00,P+R Mały Płaszów,106.0,106,
2026-04-29 09:00:00,P+R Mały Płaszów,97.0,97,
2026-04-29 09:30:00,P+R Mały Płaszów,93.0,93,
2026-04-29 10:00:00,P+R Mały Płaszów,91.0,91,
2026-04-29 10:30:00,P+R Mały Płaszów,89.0,89,
2026-04-29 11:00:00,P+R Mały Płaszów,84.0,84,
2026-04-29 11:30:00,P+R Mały Płaszów,82.0,82,
2026-04-29 12:00:00,P+R Mały Płaszów,80.0,80,
2026-04-29 12:30:00,P+R Mały Płaszów,83.0,83,
2026-04-29 13:00:00,P+R Mały Płaszów,82.0,82,
2026-04-29 13:30:00,P+R Mały Płaszów,80.0,80,
2026-04-29 14:00:00,P+R Mały Płaszów,82.0,82,
2026-04-29 14:30:00,P+R Mały Płaszów,83.0,83,
2026-04-29 15:00:00,P+R Mały Płaszów,87.0,87,
2026-04-29 15:30:00,P+R Mały Płaszów,94.0,94,
2026-04-29 16:00:00,P+R Mały Płaszów,102.0,102,
2026-04-29 16:30:00,P+R Mały Płaszów,107.0,107,
2026-04-29 17:00:00,P+R Mały Płaszów,113.0,113,
2026-04-29 17:30:00,P+R Mały Płaszów,115.0,115,
2026-04-29 18:00:00,P+R Mały Płaszów,123.0,123,
2026-04-29 18:30:00,P+R Mały Płaszów,,123,forward_fill
2026-04-29 19:00:00,P+R Mały Płaszów,128.0,128,
2026-04-29 19:30:00,P+R Mały Płaszów,129.0,129,
2026-04-29 20:00:00,P+R Mały Płaszów,131.0,131,
2026-04-29 20:30:00,P+R Mały Płaszów,135.0,135,
2026-04-29 21:00:00,P+R Mały Płaszów,139.0,139,
2026-04-29 21:30:00,P+R Mały Płaszów,142.0,142,
2026-04-29 22:00:00,P+R Mały Płaszów,142.0,142,
2026-04-29 22:30:00,P+R Mały Płaszów,144.0,144,
2026-04-29 23:00:00,P+R Mały Płaszów,149.0,149,
2026-04-29 23:30:00,P+R Mały Płaszów,152.0,152,
2026-04-30 00:00:00,P+R Mały Płaszów,154.0,154,
2026-04-30 00:30:00,P+R Mały Płaszów,154.0,154,
2026-04-30 01:00:00,P+R Mały Płaszów,154.0,154,
2026-04-30 01:30:00,P+R Mały Płaszów,155.0,155,
2026-04-30 02:00:00,P+R Mały Płaszów,155.0,155,
2026-04-30 02:30:00,P+R Mały Płaszów,155.0,155,
2026-04-30 03:00:00,P+R Mały Płaszów,155.0,155,
2026-04-30 03:30:00,P+R Mały Płaszów,155.0,155,
2026-04-30 04:00:00,P+R Mały Płaszów,155.0,155,
2026-04-30 04:30:00,P+R Mały Płaszów,155.0,155,
2026-04-30 05:00:00,P+R Mały Płaszów,153.0,153,
2026-04-30 05:30:00,P+R Mały Płaszów,153.0,153,
2026-04-30 06:00:00,P+R Mały Płaszów,151.0,151,
2026-04-30 06:30:00,P+R Mały Płaszów,141.0,141,
2026-04-30 07:00:00,P+R Mały Płaszów,135.0,135,
2026-04-30 07:30:00,P+R Mały Płaszów,125.0,125,
2026-04-30 08:00:00,P+R Mały Płaszów,117.0,117,
2026-04-30 08:30:00,P+R Mały Płaszów,111.0,111,
2026-04-30 09:00:00,P+R Mały Płaszów,110.0,110,
2026-04-30 09:30:00,P+R Mały Płaszów,103.0,103,
2026-04-30 10:00:00,P+R Mały Płaszów,103.0,103,
2026-04-30 10:30:00,P+R Mały Płaszów,102.0,102,
2026-04-30 11:00:00,P+R Mały Płaszów,101.0,101,
2026-04-30 11:30:00,P+R Mały Płaszów,102.0,102,
2026-04-30 12:00:00,P+R Mały Płaszów,104.0,104,
2026-04-30 12:30:00,P+R Mały Płaszów,101.0,101,
2026-04-30 13:00:00,P+R Mały Płaszów,101.0,101,
2026-04-30 13:30:00,P+R Mały Płaszów,102.0,102,
2026-04-30 14:00:00,P+R Mały Płaszów,104.0,104,
2026-04-30 14:30:00,P+R Mały Płaszów,107.0,107,
2026-04-30 15:00:00,P+R Mały Płaszów,106.0,106,
2026-04-30 15:30:00,P+R Mały Płaszów,107.0,107,
2026-04-30 16:00:00,P+R Mały Płaszów,116.0,116,
2026-04-30 16:30:00,P+R Mały Płaszów,118.0,118,
2026-04-30 17:00:00,P+R Mały Płaszów,125.0,125,
2026-04-30 17:30:00,P+R Mały Płaszów,129.0,129,
2026-04-30 18:00:00,P+R Mały Płaszów,132.0,132,
2026-04-30 18:30:00,P+R Mały Płaszów,136.0,136,
2026-04-30 19:00:00,P+R Mały Płaszów,141.0,141,
2026-04-30 19:30:00,P+R Mały Płaszów,143.0,143,
2026-04-30 20:00:00,P+R Mały Płaszów,146.0,146,
2026-04-30 20:30:00,P+R Mały Płaszów,147.0,147,
2026-04-30 21:00:00,P+R Mały Płaszów,150.0,150,
2026-04-30 21:30:00,P+R Mały Płaszów,151.0,151,
2026-04-30 22:00:00,P+R Mały Płaszów,,151,linear interpolation
2026-04-30 22:30:00,P+R Mały Płaszów,,152,linear interpolation
2026-04-30 23:00:00,P+R Mały Płaszów,,152,linear interpolation
2026-04-30 23:30:00,P+R Mały Płaszów,,153,linear interpolation
2026-05-01 00:00:00,P+R Mały Płaszów,,153,linear interpolation
2026-05-01 00:30:00,P+R Mały Płaszów,,154,linear interpolation
2026-05-01 01:00:00,P+R Mały Płaszów,,154,linear interpolation
2026-05-01 01:30:00,P+R Mały Płaszów,,155,linear interpolation
2026-05-01 02:00:00,P+R Mały Płaszów,155.0,155,
2026-05-01 02:30:00,P+R Mały Płaszów,155.0,155,
2026-05-01 03:00:00,P+R Mały Płaszów,155.0,155,
2026-05-01 03:30:00,P+R Mały Płaszów,155.0,155,
2026-05-01 04:00:00,P+R Mały Płaszów,155.0,155,
2026-05-01 04:30:00,P+R Mały Płaszów,155.0,155,
2026-05-01 05:00:00,P+R Mały Płaszów,155.0,155,
2026-05-01 05:30:00,P+R Mały Płaszów,155.0,155,
2026-05-01 06:00:00,P+R Mały Płaszów,154.0,154,
2026-05-01 06:30:00,P+R Mały Płaszów,154.0,154,
2026-05-01 07:00:00,P+R Mały Płaszów,154.0,154,
2026-05-01 07:30:00,P+R Mały Płaszów,154.0,154,
2026-05-01 08:00:00,P+R Mały Płaszów,154.0,154,
2026-05-01 08:30:00,P+R Mały Płaszów,154.0,154,
2026-05-01 09:00:00,P+R Mały Płaszów,153.0,153,
2026-05-01 09:30:00,P+R Mały Płaszów,152.0,152,
2026-05-01 10:00:00,P+R Mały Płaszów,151.0,151,
2026-05-01 10:30:00,P+R Mały Płaszów,151.0,151,
2026-05-01 11:00:00,P+R Mały Płaszów,152.0,152,
2026-05-01 11:30:00,P+R Mały Płaszów,149.0,149,
2026-05-01 12:00:00,P+R Mały Płaszów,149.0,149,
2026-05-01 12:30:00,P+R Mały Płaszów,148.0,148,
2026-05-01 13:00:00,P+R Mały Płaszów,147.0,147,
2026-05-01 13:30:00,P+R Mały Płaszów,143.0,143,
2026-05-01 14:00:00,P+R Mały Płaszów,145.0,145,
2026-05-01 14:30:00,P+R Mały Płaszów,144.0,144,
2026-05-01 15:00:00,P+R Mały Płaszów,143.0,143,
2026-05-01 15:30:00,P+R Mały Płaszów,140.0,140,
2026-05-01 16:00:00,P+R Mały Płaszów,,141,linear interpolation
2026-05-01 16:30:00,P+R Mały Płaszów,,142,linear interpolation
2026-05-01 17:00:00,P+R Mały Płaszów,,144,linear interpolation
2026-05-01 17:30:00,P+R Mały Płaszów,145.0,145,
2026-05-01 18:00:00,P+R Mały Płaszów,145.0,145,
2026-05-01 18:30:00,P+R Mały Płaszów,146.0,146,
2026-05-01 19:00:00,P+R Mały Płaszów,149.0,149,
2026-05-01 19:30:00,P+R Mały Płaszów,149.0,149,
2026-05-01 20:00:00,P+R Mały Płaszów,149.0,149,
2026-05-01 20:30:00,P+R Mały Płaszów,149.0,149,
2026-05-01 21:00:00,P+R Mały Płaszów,151.0,151,
2026-05-01 21:30:00,P+R Mały Płaszów,151.0,151,
2026-05-01 22:00:00,P+R Mały Płaszów,152.0,152,
2026-05-01 22:30:00,P+R Mały Płaszów,153.0,153,
2026-05-01 23:00:00,P+R Mały Płaszów,153.0,153,
2026-05-01 23:30:00,P+R Mały Płaszów,154.0,154,
2026-05-02 00:00:00,P+R Mały Płaszów,155.0,155,
2026-05-02 00:30:00,P+R Mały Płaszów,155.0,155,
2026-05-02 01:00:00,P+R Mały Płaszów,155.0,155,
2026-05-02 01:30:00,P+R Mały Płaszów,155.0,155,
2026-05-02 02:00:00,P+R Mały Płaszów,,155,forward_fill
2026-05-02 02:30:00,P+R Mały Płaszów,155.0,155,
2026-05-02 03:00:00,P+R Mały Płaszów,155.0,155,
2026-05-02 03:30:00,P+R Mały Płaszów,155.0,155,
2026-05-02 04:00:00,P+R Mały Płaszów,155.0,155,
2026-05-02 04:30:00,P+R Mały Płaszów,155.0,155,
2026-05-02 05:00:00,P+R Mały Płaszów,155.0,155,
2026-05-02 05:30:00,P+R Mały Płaszów,155.0,155,
2026-05-02 06:00:00,P+R Mały Płaszów,155.0,155,
2026-05-02 06:30:00,P+R Mały Płaszów,154.0,154,
2026-05-02 07:00:00,P+R Mały Płaszów,153.0,153,
2026-05-02 07:30:00,P+R Mały Płaszów,153.0,153,
2026-05-02 08:00:00,P+R Mały Płaszów,152.0,152,
2026-05-02 08:30:00,P+R Mały Płaszów,152.0,152,
2026-05-02 09:00:00,P+R Mały Płaszów,149.0,149,
2026-05-02 09:30:00,P+R Mały Płaszów,149.0,149,
2026-05-02 10:00:00,P+R Mały Płaszów,148.0,148,
2026-05-02 10:30:00,P+R Mały Płaszów,146.0,146,
2026-05-02 11:00:00,P+R Mały Płaszów,146.0,146,
2026-05-02 11:30:00,P+R Mały Płaszów,145.0,145,
2026-05-02 12:00:00,P+R Mały Płaszów,136.0,136,
2026-05-02 12:30:00,P+R Mały Płaszów,133.0,133,
2026-05-02 13:00:00,P+R Mały Płaszów,133.0,133,
2026-05-02 13:30:00,P+R Mały Płaszów,133.0,133,
2026-05-02 14:00:00,P+R Mały Płaszów,133.0,133,
2026-05-02 14:30:00,P+R Mały Płaszów,131.0,131,
2026-05-02 15:00:00,P+R Mały Płaszów,128.0,128,
2026-05-02 15:30:00,P+R Mały Płaszów,126.0,126,
2026-05-02 16:00:00,P+R Mały Płaszów,129.0,129,
2026-05-02 16:30:00,P+R Mały Płaszów,127.0,127,
2026-05-02 17:00:00,P+R Mały Płaszów,129.0,129,
2026-05-02 17:30:00,P+R Mały Płaszów,128.0,128,
2026-05-02 18:00:00,P+R Mały Płaszów,127.0,127,
2026-05-02 18:30:00,P+R Mały Płaszów,129.0,129,
2026-05-02 19:00:00,P+R Mały Płaszów,,129,forward_fill
2026-05-02 19:30:00,P+R Mały Płaszów,134.0,134,
2026-05-02 20:00:00,P+R Mały Płaszów,138.0,138,
2026-05-02 20:30:00,P+R Mały Płaszów,142.0,142,
2026-05-02 21:00:00,P+R Mały Płaszów,143.0,143,
2026-05-02 21:30:00,P+R Mały Płaszów,145.0,145,
2026-05-02 22:00:00,P+R Mały Płaszów,146.0,146,
2026-05-02 22:30:00,P+R Mały Płaszów,146.0,146,
2026-05-02 23:00:00,P+R Mały Płaszów,147.0,147,
2026-05-02 23:30:00,P+R Mały Płaszów,149.0,149,
2026-05-03 00:00:00,P+R Mały Płaszów,151.0,151,
2026-05-03 00:30:00,P+R Mały Płaszów,153.0,153,
2026-05-03 01:00:00,P+R Mały Płaszów,155.0,155,
2026-05-03 01:30:00,P+R Mały Płaszów,155.0,155,
2026-05-03 02:00:00,P+R Mały Płaszów,155.0,155,
2026-05-03 02:30:00,P+R Mały Płaszów,155.0,155,
2026-05-03 03:00:00,P+R Mały Płaszów,155.0,155,
2026-05-03 03:30:00,P+R Mały Płaszów,,155,Hist. avg + linear interpol.
2026-05-03 04:00:00,P+R Mały Płaszów,,155,Hist. avg + linear interpol.
2026-05-03 04:30:00,P+R Mały Płaszów,,154,Hist. avg + linear interpol.
2026-05-03 05:00:00,P+R Mały Płaszów,,154,Hist. avg + linear interpol.
2026-05-03 05:30:00,P+R Mały Płaszów,,155,Hist. avg + linear interpol.
2026-05-03 06:00:00,P+R Mały Płaszów,,154,Hist. avg + linear interpol.
2026-05-03 06:30:00,P+R Mały Płaszów,,154,Hist. avg + linear interpol.
2026-05-03 07:00:00,P+R Mały Płaszów,,153,Hist. avg + linear interpol.
2026-05-03 07:30:00,P+R Mały Płaszów,,152,Hist. avg + linear interpol.
2026-05-03 08:00:00,P+R Mały Płaszów,,151,Hist. avg + linear interpol.
2026-05-03 08:30:00,P+R Mały Płaszów,,150,Hist. avg + linear interpol.
2026-05-03 09:00:00,P+R Mały Płaszów,,148,Hist. avg + linear interpol.
2026-05-03 09:30:00,P+R Mały Płaszów,,147,Hist. avg + linear interpol.
2026-05-03 10:00:00,P+R Mały Płaszów,,146,Hist. avg + linear interpol.
2026-05-03 10:30:00,P+R Mały Płaszów,,144,Hist. avg + linear interpol.
2026-05-03 11:00:00,P+R Mały Płaszów,,142,Hist. avg + linear interpol.
2026-05-03 11:30:00,P+R Mały Płaszów,,141,Hist. avg + linear interpol.
2026-05-03 12:00:00,P+R Mały Płaszów,,138,Hist. avg + linear interpol.
2026-05-03 12:30:00,P+R Mały Płaszów,,137,Hist. avg + linear interpol.
2026-05-03 13:00:00,P+R Mały Płaszów,,137,Hist. avg + linear interpol.
2026-05-03 13:30:00,P+R Mały Płaszów,,136,Hist. avg + linear interpol.
2026-05-03 14:00:00,P+R Mały Płaszów,,136,Hist. avg + linear interpol.
2026-05-03 14:30:00,P+R Mały Płaszów,,135,Hist. avg + linear interpol.
2026-05-03 15:00:00,P+R Mały Płaszów,,134,Hist. avg + linear interpol.
2026-05-03 15:30:00,P+R Mały Płaszów,,133,Hist. avg + linear interpol.
2026-05-03 16:00:00,P+R Mały Płaszów,,133,Hist. avg + linear interpol.
2026-05-03 16:30:00,P+R Mały Płaszów,,133,Hist. avg + linear interpol.
2026-05-03 17:00:00,P+R Mały Płaszów,,134,Hist. avg + linear interpol.
2026-05-03 17:30:00,P+R Mały Płaszów,,134,Hist. avg + linear interpol.
2026-05-03 18:00:00,P+R Mały Płaszów,,134,Hist. avg + linear interpol.
2026-05-03 18:30:00,P+R Mały Płaszów,,135,Hist. avg + linear interpol.
2026-05-03 19:00:00,P+R Mały Płaszów,,139,Hist. avg + linear interpol.
2026-05-03 19:30:00,P+R Mały Płaszów,,140,Hist. avg + linear interpol.
2026-05-03 20:00:00,P+R Mały Płaszów,,141,Hist. avg + linear interpol.
2026-05-03 20:30:00,P+R Mały Płaszów,,144,Hist. avg + linear interpol.
2026-05-03 21:00:00,P+R Mały Płaszów,,147,Hist. avg + linear interpol.
2026-05-03 21:30:00,P+R Mały Płaszów,,148,Hist. avg + linear interpol.
2026-05-03 22:00:00,P+R Mały Płaszów,,149,Hist. avg + linear interpol.
2026-05-03 22:30:00,P+R Mały Płaszów,,150,Hist. avg + linear interpol.
2026-05-03 23:00:00,P+R Mały Płaszów,,151,Hist. avg + linear interpol.
2026-05-03 23:30:00,P+R Mały Płaszów,,152,Hist. avg + linear interpol.
2026-05-04 00:00:00,P+R Mały Płaszów,,153,Hist. avg + linear interpol.
2026-05-04 00:30:00,P+R Mały Płaszów,,153,Hist. avg + linear interpol.
2026-05-04 01:00:00,P+R Mały Płaszów,,153,Hist. avg + linear interpol.
2026-05-04 01:30:00,P+R Mały Płaszów,,154,Hist. avg + linear interpol.
2026-05-04 02:00:00,P+R Mały Płaszów,,154,Hist. avg + linear interpol.
2026-05-04 02:30:00,P+R Mały Płaszów,,154,Hist. avg + linear interpol.
2026-05-04 03:00:00,P+R Mały Płaszów,,154,Hist. avg + linear interpol.
2026-05-04 03:30:00,P+R Mały Płaszów,,154,Hist. avg + linear interpol.
2026-05-04 04:00:00,P+R Mały Płaszów,,154,Hist. avg + linear interpol.
2026-05-04 04:30:00,P+R Mały Płaszów,,155,Hist. avg + linear interpol.
2026-05-04 05:00:00,P+R Mały Płaszów,,154,Hist. avg + linear interpol.
2026-05-04 05:30:00,P+R Mały Płaszów,,154,Hist. avg + linear interpol.
2026-05-04 06:00:00,P+R Mały Płaszów,,151,Hist. avg + linear interpol.
2026-05-04 06:30:00,P+R Mały Płaszów,,145,Hist. avg + linear interpol.
2026-05-04 07:00:00,P+R Mały Płaszów,,135,Hist. avg + linear interpol.
2026-05-04 07:30:00,P+R Mały Płaszów,,128,Hist. avg + linear interpol.
2026-05-04 08:00:00,P+R Mały Płaszów,,121,Hist. avg + linear interpol.
2026-05-04 08:30:00,P+R Mały Płaszów,,115,Hist. avg + linear interpol.
2026-05-04 09:00:00,P+R Mały Płaszów,,110,Hist. avg + linear interpol.
2026-05-04 09:30:00,P+R Mały Płaszów,,107,Hist. avg + linear interpol.
2026-05-04 10:00:00,P+R Mały Płaszów,,104,Hist. avg + linear interpol.
2026-05-04 10:30:00,P+R Mały Płaszów,,100,Hist. avg + linear interpol.
2026-05-04 11:00:00,P+R Mały Płaszów,,101,Hist. avg + linear interpol.
2026-05-04 11:30:00,P+R Mały Płaszów,,100,Hist. avg + linear interpol.
2026-05-04 12:00:00,P+R Mały Płaszów,,100,Hist. avg + linear interpol.
2026-05-04 12:30:00,P+R Mały Płaszów,,99,Hist. avg + linear interpol.
2026-05-04 13:00:00,P+R Mały Płaszów,,100,Hist. avg + linear interpol.
2026-05-04 13:30:00,P+R Mały Płaszów,,99,Hist. avg + linear interpol.
2026-05-04 14:00:00,P+R Mały Płaszów,,101,Hist. avg + linear interpol.
2026-05-04 14:30:00,P+R Mały Płaszów,,101,Hist. avg + linear interpol.
2026-05-04 15:00:00,P+R Mały Płaszów,,102,Hist. avg + linear interpol.
2026-05-04 15:30:00,P+R Mały Płaszów,,106,Hist. avg + linear interpol.
2026-05-04 16:00:00,P+R Mały Płaszów,,112,Hist. avg + linear interpol.
2026-05-04 16:30:00,P+R Mały Płaszów,,120,Hist. avg + linear interpol.
2026-05-04 17:00:00,P+R Mały Płaszów,,129,Hist. avg + linear interpol.
2026-05-04 17:30:00,P+R Mały Płaszów,,135,Hist. avg + linear interpol.
2026-05-04 18:00:00,P+R Mały Płaszów,,138,Hist. avg + linear interpol.
2026-05-04 18:30:00,P+R Mały Płaszów,,141,Hist. avg + linear interpol.
2026-05-04 19:00:00,P+R Mały Płaszów,,142,Hist. avg + linear interpol.
2026-05-04 19:30:00,P+R Mały Płaszów,142.0,142,
2026-05-04 20:00:00,P+R Mały Płaszów,143.0,143,
2026-05-04 20:30:00,P+R Mały Płaszów,143.0,143,
2026-05-04 21:00:00,P+R Mały Płaszów,149.0,149,
2026-05-04 21:30:00,P+R Mały Płaszów,150.0,150,
2026-05-04 22:00:00,P+R Mały Płaszów,151.0,151,
2026-05-04 22:30:00,P+R Mały Płaszów,152.0,152,
2026-05-04 23:00:00,P+R Mały Płaszów,153.0,153,
2026-05-04 23:30:00,P+R Mały Płaszów,153.0,153,
2026-05-05 00:00:00,P+R Mały Płaszów,153.0,153,
2026-05-05 00:30:00,P+R Mały Płaszów,153.0,153,
2026-05-05 01:00:00,P+R Mały Płaszów,153.0,153,
2026-05-05 01:30:00,P+R Mały Płaszów,153.0,153,
2026-05-05 02:00:00,P+R Mały Płaszów,153.0,153,
2026-05-05 02:30:00,P+R Mały Płaszów,153.0,153,
2026-05-05 03:00:00,P+R Mały Płaszów,155.0,155,
2026-05-05 03:30:00,P+R Mały Płaszów,155.0,155,
2026-05-05 04:00:00,P+R Mały Płaszów,155.0,155,
2026-05-05 04:30:00,P+R Mały Płaszów,155.0,155,
2026-05-05 05:00:00,P+R Mały Płaszów,155.0,155,
2026-05-05 05:30:00,P+R Mały Płaszów,155.0,155,
2026-05-05 06:00:00,P+R Mały Płaszów,155.0,155,
2026-05-05 06:30:00,P+R Mały Płaszów,155.0,155,
2026-05-05 07:00:00,P+R Mały Płaszów,155.0,155,
2026-05-05 07:30:00,P+R Mały Płaszów,155.0,155,
2026-05-05 08:00:00,P+R Mały Płaszów,155.0,155,
2026-05-05 08:30:00,P+R Mały Płaszów,155.0,155,
2026-05-05 09:00:00,P+R Mały Płaszów,155.0,155,
2026-05-05 09:30:00,P+R Mały Płaszów,153.0,153,
2026-05-05 10:00:00,P+R Mały Płaszów,151.0,151,
2026-05-05 10:30:00,P+R Mały Płaszów,,151,forward_fill
2026-05-05 11:00:00,P+R Mały Płaszów,147.0,147,
2026-05-05 11:30:00,P+R Mały Płaszów,145.0,145,
2026-05-05 12:00:00,P+R Mały Płaszów,142.0,142,
2026-05-05 12:30:00,P+R Mały Płaszów,141.0,141,
2026-05-05 13:00:00,P+R Mały Płaszów,140.0,140,
2026-05-05 13:30:00,P+R Mały Płaszów,139.0,139,
2026-05-05 14:00:00,P+R Mały Płaszów,135.0,135,
2026-05-05 14:30:00,P+R Mały Płaszów,134.0,134,
2026-05-05 15:00:00,P+R Mały Płaszów,135.0,135,
2026-05-05 15:30:00,P+R Mały Płaszów,135.0,135,
2026-05-05 16:00:00,P+R Mały Płaszów,135.0,135,
2026-05-05 16:30:00,P+R Mały Płaszów,133.0,133,
2026-05-05 17:00:00,P+R Mały Płaszów,132.0,132,
2026-05-05 17:30:00,P+R Mały Płaszów,132.0,132,
2026-05-05 18:00:00,P+R Mały Płaszów,130.0,130,
2026-05-05 18:30:00,P+R Mały Płaszów,131.0,131,
2026-05-05 19:00:00,P+R Mały Płaszów,135.0,135,
2026-05-05 19:30:00,P+R Mały Płaszów,137.0,137,
2026-05-05 20:00:00,P+R Mały Płaszów,139.0,139,
2026-05-05 20:30:00,P+R Mały Płaszów,139.0,139,
2026-05-05 21:00:00,P+R Mały Płaszów,141.0,141,
2026-05-05 21:30:00,P+R Mały Płaszów,144.0,144,
2026-05-05 22:00:00,P+R Mały Płaszów,145.0,145,
2026-05-05 22:30:00,P+R Mały Płaszów,151.0,151,
2026-05-05 23:00:00,P+R Mały Płaszów,151.0,151,
2026-05-05 23:30:00,P+R Mały Płaszów,152.0,152,
2026-05-06 00:00:00,P+R Mały Płaszów,152.0,152,
2026-05-06 00:30:00,P+R Mały Płaszów,152.0,152,
2026-05-06 01:00:00,P+R Mały Płaszów,152.0,152,
2026-05-06 01:30:00,P+R Mały Płaszów,153.0,153,
2026-05-06 02:00:00,P+R Mały Płaszów,153.0,153,
2026-05-06 02:30:00,P+R Mały Płaszów,153.0,153,
2026-05-06 03:00:00,P+R Mały Płaszów,153.0,153,
2026-05-06 03:30:00,P+R Mały Płaszów,153.0,153,
2026-05-06 04:00:00,P+R Mały Płaszów,,153,forward_fill
2026-05-06 04:30:00,P+R Mały Płaszów,155.0,155,
2026-05-06 05:00:00,P+R Mały Płaszów,153.0,153,
2026-05-06 05:30:00,P+R Mały Płaszów,153.0,153,
2026-05-06 06:00:00,P+R Mały Płaszów,151.0,151,
2026-05-06 06:30:00,P+R Mały Płaszów,142.0,142,
2026-05-06 07:00:00,P+R Mały Płaszów,128.0,128,
2026-05-06 07:30:00,P+R Mały Płaszów,115.0,115,
2026-05-06 08:00:00,P+R Mały Płaszów,99.0,99,
2026-05-06 08:30:00,P+R Mały Płaszów,95.0,95,
2026-05-06 09:00:00,P+R Mały Płaszów,92.0,92,
2026-05-06 09:30:00,P+R Mały Płaszów,91.0,91,
2026-05-06 10:00:00,P+R Mały Płaszów,89.0,89,
2026-05-06 10:30:00,P+R Mały Płaszów,87.0,87,
2026-05-06 11:00:00,P+R Mały Płaszów,83.0,83,
2026-05-06 11:30:00,P+R Mały Płaszów,84.0,84,
2026-05-06 12:00:00,P+R Mały Płaszów,86.0,86,
2026-05-06 12:30:00,P+R Mały Płaszów,87.0,87,
2026-05-06 13:00:00,P+R Mały Płaszów,84.0,84,
2026-05-06 13:30:00,P+R Mały Płaszów,84.0,84,
2026-05-06 14:00:00,P+R Mały Płaszów,85.0,85,
2026-05-06 14:30:00,P+R Mały Płaszów,88.0,88,
2026-05-06 15:00:00,P+R Mały Płaszów,90.0,90,
2026-05-06 15:30:00,P+R Mały Płaszów,90.0,90,
2026-05-06 16:00:00,P+R Mały Płaszów,103.0,103,
2026-05-06 16:30:00,P+R Mały Płaszów,111.0,111,
2026-05-06 17:00:00,P+R Mały Płaszów,122.0,122,
2026-05-06 17:30:00,P+R Mały Płaszów,127.0,127,
2026-05-06 18:00:00,P+R Mały Płaszów,130.0,130,
2026-05-06 18:30:00,P+R Mały Płaszów,132.0,132,
2026-05-06 19:00:00,P+R Mały Płaszów,135.0,135,
2026-05-06 19:30:00,P+R Mały Płaszów,137.0,137,
2026-05-06 20:00:00,P+R Mały Płaszów,141.0,141,
2026-05-06 20:30:00,P+R Mały Płaszów,144.0,144,
2026-05-06 21:00:00,P+R Mały Płaszów,149.0,149,
2026-05-06 21:30:00,P+R Mały Płaszów,151.0,151,
2026-05-06 22:00:00,P+R Mały Płaszów,153.0,153,
2026-05-06 22:30:00,P+R Mały Płaszów,154.0,154,
2026-05-06 23:00:00,P+R Mały Płaszów,154.0,154,
2026-05-06 23:30:00,P+R Mały Płaszów,154.0,154,
2026-05-07 00:00:00,P+R Mały Płaszów,154.0,154,
2026-05-07 00:30:00,P+R Mały Płaszów,154.0,154,
2026-05-07 01:00:00,P+R Mały Płaszów,154.0,154,
2026-05-07 01:30:00,P+R Mały Płaszów,155.0,155,
2026-05-07 02:00:00,P+R Mały Płaszów,155.0,155,
2026-05-07 02:30:00,P+R Mały Płaszów,155.0,155,
2026-05-07 03:00:00,P+R Mały Płaszów,155.0,155,
2026-05-07 03:30:00,P+R Mały Płaszów,155.0,155,
2026-05-07 04:00:00,P+R Mały Płaszów,155.0,155,
2026-05-07 04:30:00,P+R Mały Płaszów,154.0,154,
2026-05-07 05:00:00,P+R Mały Płaszów,153.0,153,
2026-05-07 05:30:00,P+R Mały Płaszów,153.0,153,
2026-05-07 06:00:00,P+R Mały Płaszów,148.0,148,
2026-05-07 06:30:00,P+R Mały Płaszów,138.0,138,
2026-05-07 07:00:00,P+R Mały Płaszów,127.0,127,
2026-05-07 07:30:00,P+R Mały Płaszów,120.0,120,
2026-05-07 08:00:00,P+R Mały Płaszów,112.0,112,
2026-05-07 08:30:00,P+R Mały Płaszów,108.0,108,
2026-05-07 09:00:00,P+R Mały Płaszów,102.0,102,
2026-05-07 09:30:00,P+R Mały Płaszów,103.0,103,
2026-05-07 10:00:00,P+R Mały Płaszów,101.0,101,
2026-05-07 10:30:00,P+R Mały Płaszów,99.0,99,
2026-05-07 11:00:00,P+R Mały Płaszów,97.0,97,
2026-05-07 11:30:00,P+R Mały Płaszów,96.0,96,
2026-05-07 12:00:00,P+R Mały Płaszów,98.0,98,
2026-05-07 12:30:00,P+R Mały Płaszów,96.0,96,
2026-05-07 13:00:00,P+R Mały Płaszów,95.0,95,
2026-05-07 13:30:00,P+R Mały Płaszów,95.0,95,
2026-05-07 14:00:00,P+R Mały Płaszów,97.0,97,
2026-05-07 14:30:00,P+R Mały Płaszów,99.0,99,
2026-05-07 15:00:00,P+R Mały Płaszów,98.0,98,
2026-05-07 15:30:00,P+R Mały Płaszów,104.0,104,
2026-05-07 16:00:00,P+R Mały Płaszów,113.0,113,
2026-05-07 16:30:00,P+R Mały Płaszów,117.0,117,
2026-05-07 17:00:00,P+R Mały Płaszów,125.0,125,
2026-05-07 17:30:00,P+R Mały Płaszów,127.0,127,
2026-05-07 18:00:00,P+R Mały Płaszów,134.0,134,
2026-05-07 18:30:00,P+R Mały Płaszów,135.0,135,
2026-05-07 19:00:00,P+R Mały Płaszów,138.0,138,
2026-05-07 19:30:00,P+R Mały Płaszów,139.0,139,
2026-05-07 20:00:00,P+R Mały Płaszów,141.0,141,
2026-05-07 20:30:00,P+R Mały Płaszów,143.0,143,
2026-05-07 21:00:00,P+R Mały Płaszów,145.0,145,
2026-05-07 21:30:00,P+R Mały Płaszów,149.0,149,
2026-05-07 22:00:00,P+R Mały Płaszów,152.0,152,
2026-05-07 22:30:00,P+R Mały Płaszów,152.0,152,
2026-05-07 23:00:00,P+R Mały Płaszów,153.0,153,
2026-05-07 23:30:00,P+R Mały Płaszów,153.0,153,
2026-05-08 00:00:00,P+R Mały Płaszów,154.0,154,
2026-05-08 00:30:00,P+R Mały Płaszów,154.0,154,
2026-05-08 01:00:00,P+R Mały Płaszów,154.0,154,
2026-05-08 01:30:00,P+R Mały Płaszów,154.0,154,
2026-05-08 02:00:00,P+R Mały Płaszów,155.0,155,
2026-05-08 02:30:00,P+R Mały Płaszów,155.0,155,
2026-05-08 03:00:00,P+R Mały Płaszów,155.0,155,
2026-05-08 03:30:00,P+R Mały Płaszów,155.0,155,
2026-05-08 04:00:00,P+R Mały Płaszów,155.0,155,
2026-05-08 04:30:00,P+R Mały Płaszów,154.0,154,
2026-05-08 05:00:00,P+R Mały Płaszów,152.0,152,
2026-05-08 05:30:00,P+R Mały Płaszów,152.0,152,
2026-05-08 06:00:00,P+R Mały Płaszów,148.0,148,
2026-05-08 06:30:00,P+R Mały Płaszów,139.0,139,
2026-05-08 07:00:00,P+R Mały Płaszów,129.0,129,
2026-05-08 07:30:00,P+R Mały Płaszów,120.0,120,
2026-05-08 08:00:00,P+R Mały Płaszów,112.0,112,
2026-05-08 08:30:00,P+R Mały Płaszów,105.0,105,
2026-05-08 09:00:00,P+R Mały Płaszów,98.0,98,
2026-05-08 09:30:00,P+R Mały Płaszów,96.0,96,
2026-05-08 10:00:00,P+R Mały Płaszów,94.0,94,
2026-05-08 10:30:00,P+R Mały Płaszów,92.0,92,
2026-05-08 11:00:00,P+R Mały Płaszów,93.0,93,
2026-05-08 11:30:00,P+R Mały Płaszów,97.0,97,
2026-05-08 12:00:00,P+R Mały Płaszów,94.0,94,
2026-05-08 12:30:00,P+R Mały Płaszów,95.0,95,
2026-05-08 13:00:00,P+R Mały Płaszów,94.0,94,
2026-05-08 13:30:00,P+R Mały Płaszów,94.0,94,
2026-05-08 14:00:00,P+R Mały Płaszów,100.0,100,
2026-05-08 14:30:00,P+R Mały Płaszów,101.0,101,
2026-05-08 15:00:00,P+R Mały Płaszów,106.0,106,
2026-05-08 15:30:00,P+R Mały Płaszów,111.0,111,
2026-05-08 16:00:00,P+R Mały Płaszów,123.0,123,
2026-05-08 16:30:00,P+R Mały Płaszów,123.0,123,
2026-05-08 17:00:00,P+R Mały Płaszów,127.0,127,
2026-05-08 17:30:00,P+R Mały Płaszów,131.0,131,
2026-05-08 18:00:00,P+R Mały Płaszów,133.0,133,
2026-05-08 18:30:00,P+R Mały Płaszów,137.0,137,
2026-05-08 19:00:00,P+R Mały Płaszów,136.0,136,
2026-05-08 19:30:00,P+R Mały Płaszów,135.0,135,
2026-05-08 20:00:00,P+R Mały Płaszów,138.0,138,
2026-05-08 20:30:00,P+R Mały Płaszów,140.0,140,
2026-05-08 21:00:00,P+R Mały Płaszów,141.0,141,
2026-05-08 21:30:00,P+R Mały Płaszów,141.0,141,
2026-05-08 22:00:00,P+R Mały Płaszów,142.0,142,
2026-05-08 22:30:00,P+R Mały Płaszów,143.0,143,
2026-05-08 23:00:00,P+R Mały Płaszów,146.0,146,
2026-05-08 23:30:00,P+R Mały Płaszów,146.0,146,
2026-05-09 00:00:00,P+R Mały Płaszów,147.0,147,
2026-05-09 00:30:00,P+R Mały Płaszów,152.0,152,
2026-05-09 01:00:00,P+R Mały Płaszów,152.0,152,
2026-05-09 01:30:00,P+R Mały Płaszów,153.0,153,
2026-05-09 02:00:00,P+R Mały Płaszów,153.0,153,
2026-05-09 02:30:00,P+R Mały Płaszów,153.0,153,
2026-05-09 03:00:00,P+R Mały Płaszów,154.0,154,
2026-05-09 03:30:00,P+R Mały Płaszów,154.0,154,
2026-05-09 04:00:00,P+R Mały Płaszów,154.0,154,
2026-05-09 04:30:00,P+R Mały Płaszów,154.0,154,
2026-05-09 05:00:00,P+R Mały Płaszów,154.0,154,
2026-05-09 05:30:00,P+R Mały Płaszów,154.0,154,
2026-05-09 06:00:00,P+R Mały Płaszów,154.0,154,
2026-05-09 06:30:00,P+R Mały Płaszów,153.0,153,
2026-05-09 07:00:00,P+R Mały Płaszów,152.0,152,
2026-05-09 07:30:00,P+R Mały Płaszów,150.0,150,
2026-05-09 08:00:00,P+R Mały Płaszów,146.0,146,
2026-05-09 08:30:00,P+R Mały Płaszów,146.0,146,
2026-05-09 09:00:00,P+R Mały Płaszów,146.0,146,
2026-05-09 09:30:00,P+R Mały Płaszów,146.0,146,
2026-05-09 10:00:00,P+R Mały Płaszów,144.0,144,
2026-05-09 10:30:00,P+R Mały Płaszów,141.0,141,
2026-05-09 11:00:00,P+R Mały Płaszów,140.0,140,
2026-05-09 11:30:00,P+R Mały Płaszów,139.0,139,
2026-05-09 12:00:00,P+R Mały Płaszów,138.0,138,
2026-05-09 12:30:00,P+R Mały Płaszów,139.0,139,
2026-05-09 13:00:00,P+R Mały Płaszów,139.0,139,
2026-05-09 13:30:00,P+R Mały Płaszów,139.0,139,
2026-05-09 14:00:00,P+R Mały Płaszów,137.0,137,
2026-05-09 14:30:00,P+R Mały Płaszów,134.0,134,
2026-05-09 15:00:00,P+R Mały Płaszów,132.0,132,
2026-05-09 15:30:00,P+R Mały Płaszów,131.0,131,
2026-05-09 16:00:00,P+R Mały Płaszów,130.0,130,
2026-05-09 16:30:00,P+R Mały Płaszów,133.0,133,
2026-05-09 17:00:00,P+R Mały Płaszów,134.0,134,
2026-05-09 17:30:00,P+R Mały Płaszów,134.0,134,
2026-05-09 18:00:00,P+R Mały Płaszów,135.0,135,
2026-05-09 18:30:00,P+R Mały Płaszów,133.0,133,
2026-05-09 19:00:00,P+R Mały Płaszów,135.0,135,
2026-05-09 19:30:00,P+R Mały Płaszów,135.0,135,
2026-05-09 20:00:00,P+R Mały Płaszów,137.0,137,
2026-05-09 20:30:00,P+R Mały Płaszów,139.0,139,
2026-05-09 21:00:00,P+R Mały Płaszów,141.0,141,
2026-05-09 21:30:00,P+R Mały Płaszów,143.0,143,
2026-05-09 22:00:00,P+R Mały Płaszów,144.0,144,
2026-05-09 22:30:00,P+R Mały Płaszów,145.0,145,
2026-05-09 23:00:00,P+R Mały Płaszów,147.0,147,
2026-05-09 23:30:00,P+R Mały Płaszów,150.0,150,
2026-05-10 00:00:00,P+R Mały Płaszów,152.0,152,
2026-05-10 00:30:00,P+R Mały Płaszów,153.0,153,
2026-05-10 01:00:00,P+R Mały Płaszów,153.0,153,
2026-05-10 01:30:00,P+R Mały Płaszów,153.0,153,
2026-05-10 02:00:00,P+R Mały Płaszów,153.0,153,
2026-05-10 02:30:00,P+R Mały Płaszów,153.0,153,
2026-05-10 03:00:00,P+R Mały Płaszów,153.0,153,
2026-05-10 03:30:00,P+R Mały Płaszów,153.0,153,
2026-05-10 04:00:00,P+R Mały Płaszów,153.0,153,
2026-05-10 04:30:00,P+R Mały Płaszów,153.0,153,
2026-05-10 05:00:00,P+R Mały Płaszów,153.0,153,
2026-05-10 05:30:00,P+R Mały Płaszów,,153,forward_fill
2026-05-10 06:00:00,P+R Mały Płaszów,153.0,153,
2026-05-10 06:30:00,P+R Mały Płaszów,153.0,153,
2026-05-10 07:00:00,P+R Mały Płaszów,151.0,151,
2026-05-10 07:30:00,P+R Mały Płaszów,151.0,151,
2026-05-10 08:00:00,P+R Mały Płaszów,149.0,149,
2026-05-10 08:30:00,P+R Mały Płaszów,148.0,148,
2026-05-10 09:00:00,P+R Mały Płaszów,147.0,147,
2026-05-10 09:30:00,P+R Mały Płaszów,147.0,147,
2026-05-10 10:00:00,P+R Mały Płaszów,146.0,146,
2026-05-10 10:30:00,P+R Mały Płaszów,144.0,144,
2026-05-10 11:00:00,P+R Mały Płaszów,143.0,143,
2026-05-10 11:30:00,P+R Mały Płaszów,141.0,141,
2026-05-10 12:00:00,P+R Mały Płaszów,139.0,139,
2026-05-10 12:30:00,P+R Mały Płaszów,139.0,139,
2026-05-10 13:00:00,P+R Mały Płaszów,141.0,141,
2026-05-10 13:30:00,P+R Mały Płaszów,141.0,141,
2026-05-10 14:00:00,P+R Mały Płaszów,140.0,140,
2026-05-10 14:30:00,P+R Mały Płaszów,142.0,142,
2026-05-10 15:00:00,P+R Mały Płaszów,144.0,144,
2026-05-10 15:30:00,P+R Mały Płaszów,144.0,144,
2026-05-10 16:00:00,P+R Mały Płaszów,143.0,143,
2026-05-10 16:30:00,P+R Mały Płaszów,140.0,140,
2026-05-10 17:00:00,P+R Mały Płaszów,139.0,139,
2026-05-10 17:30:00,P+R Mały Płaszów,140.0,140,
2026-05-10 18:00:00,P+R Mały Płaszów,138.0,138,
2026-05-10 18:30:00,P+R Mały Płaszów,139.0,139,
2026-05-10 19:00:00,P+R Mały Płaszów,141.0,141,
2026-05-10 19:30:00,P+R Mały Płaszów,144.0,144,
2026-05-10 20:00:00,P+R Mały Płaszów,146.0,146,
2026-05-10 20:30:00,P+R Mały Płaszów,147.0,147,
2026-05-10 21:00:00,P+R Mały Płaszów,148.0,148,
2026-05-10 21:30:00,P+R Mały Płaszów,150.0,150,
2026-05-10 22:00:00,P+R Mały Płaszów,151.0,151,
2026-05-10 22:30:00,P+R Mały Płaszów,152.0,152,
2026-05-10 23:00:00,P+R Mały Płaszów,154.0,154,
2026-05-10 23:30:00,P+R Mały Płaszów,154.0,154,
2026-05-11 00:00:00,P+R Mały Płaszów,154.0,154,
2026-05-11 00:30:00,P+R Mały Płaszów,154.0,154,
2026-05-11 01:00:00,P+R Mały Płaszów,154.0,154,
2026-05-11 01:30:00,P+R Mały Płaszów,154.0,154,
2026-05-11 02:00:00,P+R Mały Płaszów,154.0,154,
2026-05-11 02:30:00,P+R Mały Płaszów,154.0,154,
2026-05-11 03:00:00,P+R Mały Płaszów,154.0,154,
2026-05-11 03:30:00,P+R Mały Płaszów,154.0,154,
2026-05-11 04:00:00,P+R Mały Płaszów,154.0,154,
2026-05-11 04:30:00,P+R Mały Płaszów,155.0,155,
2026-05-11 05:00:00,P+R Mały Płaszów,155.0,155,
2026-05-11 05:30:00,P+R Mały Płaszów,155.0,155,
2026-05-11 06:00:00,P+R Mały Płaszów,152.0,152,
2026-05-11 06:30:00,P+R Mały Płaszów,148.0,148,
2026-05-11 07:00:00,P+R Mały Płaszów,134.0,134,
2026-05-11 07:30:00,P+R Mały Płaszów,125.0,125,
2026-05-11 08:00:00,P+R Mały Płaszów,119.0,119,
2026-05-11 08:30:00,P+R Mały Płaszów,112.0,112,
2026-05-11 09:00:00,P+R Mały Płaszów,108.0,108,
2026-05-11 09:30:00,P+R Mały Płaszów,105.0,105,
2026-05-11 10:00:00,P+R Mały Płaszów,102.0,102,
2026-05-11 10:30:00,P+R Mały Płaszów,101.0,101,
2026-05-11 11:00:00,P+R Mały Płaszów,98.0,98,
2026-05-11 11:30:00,P+R Mały Płaszów,97.0,97,
2026-05-11 12:00:00,P+R Mały Płaszów,98.0,98,
2026-05-11 12:30:00,P+R Mały Płaszów,97.0,97,
2026-05-11 13:00:00,P+R Mały Płaszów,99.0,99,
2026-05-11 13:30:00,P+R Mały Płaszów,102.0,102,
2026-05-11 14:00:00,P+R Mały Płaszów,103.0,103,
2026-05-11 14:30:00,P+R Mały Płaszów,102.0,102,
2026-05-11 15:00:00,P+R Mały Płaszów,102.0,102,
2026-05-11 15:30:00,P+R Mały Płaszów,107.0,107,
2026-05-11 16:00:00,P+R Mały Płaszów,120.0,120,
2026-05-11 16:30:00,P+R Mały Płaszów,124.0,124,
2026-05-11 17:00:00,P+R Mały Płaszów,130.0,130,
2026-05-11 17:30:00,P+R Mały Płaszów,132.0,132,
2026-05-11 18:00:00,P+R Mały Płaszów,134.0,134,
2026-05-11 18:30:00,P+R Mały Płaszów,138.0,138,
2026-05-11 19:00:00,P+R Mały Płaszów,143.0,143,
2026-05-11 19:30:00,P+R Mały Płaszów,145.0,145,
2026-05-11 20:00:00,P+R Mały Płaszów,145.0,145,
2026-05-11 20:30:00,P+R Mały Płaszów,145.0,145,
2026-05-11 21:00:00,P+R Mały Płaszów,151.0,151,
2026-05-11 21:30:00,P+R Mały Płaszów,151.0,151,
2026-05-11 22:00:00,P+R Mały Płaszów,151.0,151,
2026-05-11 22:30:00,P+R Mały Płaszów,153.0,153,
2026-05-11 23:00:00,P+R Mały Płaszów,153.0,153,
2026-05-11 23:30:00,P+R Mały Płaszów,155.0,155,
2026-05-12 00:00:00,P+R Mały Płaszów,155.0,155,
2026-05-12 00:30:00,P+R Mały Płaszów,155.0,155,
2026-05-12 01:00:00,P+R Mały Płaszów,155.0,155,
2026-05-12 01:30:00,P+R Mały Płaszów,155.0,155,
2026-05-12 02:00:00,P+R Mały Płaszów,155.0,155,
2026-05-12 02:30:00,P+R Mały Płaszów,155.0,155,
2026-05-12 03:00:00,P+R Mały Płaszów,155.0,155,
2026-05-12 03:30:00,P+R Mały Płaszów,155.0,155,
2026-05-12 04:00:00,P+R Mały Płaszów,155.0,155,
2026-05-12 04:30:00,P+R Mały Płaszów,155.0,155,
2026-05-12 05:00:00,P+R Mały Płaszów,,155,forward_fill
2026-05-12 05:30:00,P+R Mały Płaszów,155.0,155,
2026-05-12 06:00:00,P+R Mały Płaszów,152.0,152,
2026-05-12 06:30:00,P+R Mały Płaszów,144.0,144,
2026-05-12 07:00:00,P+R Mały Płaszów,130.0,130,
2026-05-12 07:30:00,P+R Mały Płaszów,123.0,123,
2026-05-12 08:00:00,P+R Mały Płaszów,117.0,117,
2026-05-12 08:30:00,P+R Mały Płaszów,106.0,106,
2026-05-12 09:00:00,P+R Mały Płaszów,97.0,97,
2026-05-12 09:30:00,P+R Mały Płaszów,93.0,93,
2026-05-12 10:00:00,P+R Mały Płaszów,89.0,89,
2026-05-12 10:30:00,P+R Mały Płaszów,87.0,87,
2026-05-12 11:00:00,P+R Mały Płaszów,86.0,86,
2026-05-12 11:30:00,P+R Mały Płaszów,88.0,88,
2026-05-12 12:00:00,P+R Mały Płaszów,87.0,87,
2026-05-12 12:30:00,P+R Mały Płaszów,86.0,86,
2026-05-12 13:00:00,P+R Mały Płaszów,84.0,84,
2026-05-12 13:30:00,P+R Mały Płaszów,84.0,84,
2026-05-12 14:00:00,P+R Mały Płaszów,81.0,81,
2026-05-12 14:30:00,P+R Mały Płaszów,79.0,79,
2026-05-12 15:00:00,P+R Mały Płaszów,81.0,81,
2026-05-12 15:30:00,P+R Mały Płaszów,83.0,83,
2026-05-12 16:00:00,P+R Mały Płaszów,92.0,92,
2026-05-12 16:30:00,P+R Mały Płaszów,97.0,97,
2026-05-12 17:00:00,P+R Mały Płaszów,107.0,107,
2026-05-12 17:30:00,P+R Mały Płaszów,118.0,118,
2026-05-12 18:00:00,P+R Mały Płaszów,120.0,120,
2026-05-12 18:30:00,P+R Mały Płaszów,,120,forward_fill
2026-05-12 19:00:00,P+R Mały Płaszów,129.0,129,
2026-05-12 19:30:00,P+R Mały Płaszów,136.0,136,
2026-05-12 20:00:00,P+R Mały Płaszów,139.0,139,
2026-05-12 20:30:00,P+R Mały Płaszów,142.0,142,
2026-05-12 21:00:00,P+R Mały Płaszów,151.0,151,
2026-05-12 21:30:00,P+R Mały Płaszów,151.0,151,
2026-05-12 22:00:00,P+R Mały Płaszów,152.0,152,
2026-05-12 22:30:00,P+R Mały Płaszów,153.0,153,
2026-05-12 23:00:00,P+R Mały Płaszów,154.0,154,
2026-05-12 23:30:00,P+R Mały Płaszów,155.0,155,
2026-05-13 00:00:00,P+R Mały Płaszów,155.0,155,
2026-05-13 00:30:00,P+R Mały Płaszów,155.0,155,
2026-05-13 01:00:00,P+R Mały Płaszów,155.0,155,
2026-05-13 01:30:00,P+R Mały Płaszów,155.0,155,
2026-05-13 02:00:00,P+R Mały Płaszów,155.0,155,
2026-05-13 02:30:00,P+R Mały Płaszów,155.0,155,
2026-05-13 03:00:00,P+R Mały Płaszów,155.0,155,
2026-05-13 03:30:00,P+R Mały Płaszów,155.0,155,
2026-05-13 04:00:00,P+R Mały Płaszów,155.0,155,
2026-05-13 04:30:00,P+R Mały Płaszów,155.0,155,
2026-05-13 05:00:00,P+R Mały Płaszów,155.0,155,
2026-05-13 05:30:00,P+R Mały Płaszów,155.0,155,
2026-05-13 06:00:00,P+R Mały Płaszów,152.0,152,
2026-05-13 06:30:00,P+R Mały Płaszów,146.0,146,
2026-05-13 07:00:00,P+R Mały Płaszów,136.0,136,
2026-05-13 07:30:00,P+R Mały Płaszów,126.0,126,
2026-05-13 08:00:00,P+R Mały Płaszów,116.0,116,
2026-05-13 08:30:00,P+R Mały Płaszów,111.0,111,
2026-05-13 09:00:00,P+R Mały Płaszów,104.0,104,
2026-05-13 09:30:00,P+R Mały Płaszów,99.0,99,
2026-05-13 10:00:00,P+R Mały Płaszów,98.0,98,
2026-05-13 10:30:00,P+R Mały Płaszów,97.0,97,
2026-05-13 11:00:00,P+R Mały Płaszów,96.0,96,
2026-05-13 11:30:00,P+R Mały Płaszów,98.0,98,
2026-05-13 12:00:00,P+R Mały Płaszów,99.0,99,
2026-05-13 12:30:00,P+R Mały Płaszów,98.0,98,
2026-05-13 13:00:00,P+R Mały Płaszów,94.0,94,
2026-05-13 13:30:00,P+R Mały Płaszów,92.0,92,
2026-05-13 14:00:00,P+R Mały Płaszów,93.0,93,
2026-05-13 14:30:00,P+R Mały Płaszów,92.0,92,
2026-05-13 15:00:00,P+R Mały Płaszów,95.0,95,
2026-05-13 15:30:00,P+R Mały Płaszów,96.0,96,
2026-05-13 16:00:00,P+R Mały Płaszów,109.0,109,
2026-05-13 16:30:00,P+R Mały Płaszów,115.0,115,
2026-05-13 17:00:00,P+R Mały Płaszów,121.0,121,
2026-05-13 17:30:00,P+R Mały Płaszów,124.0,124,
2026-05-13 18:00:00,P+R Mały Płaszów,129.0,129,
2026-05-13 18:30:00,P+R Mały Płaszów,131.0,131,
2026-05-13 19:00:00,P+R Mały Płaszów,136.0,136,
2026-05-13 19:30:00,P+R Mały Płaszów,139.0,139,
2026-05-13 20:00:00,P+R Mały Płaszów,140.0,140,
2026-05-13 20:30:00,P+R Mały Płaszów,141.0,141,
2026-05-13 21:00:00,P+R Mały Płaszów,146.0,146,
2026-05-13 21:30:00,P+R Mały Płaszów,147.0,147,
2026-05-13 22:00:00,P+R Mały Płaszów,148.0,148,
2026-05-13 22:30:00,P+R Mały Płaszów,150.0,150,
2026-05-13 23:00:00,P+R Mały Płaszów,150.0,150,
2026-05-13 23:30:00,P+R Mały Płaszów,151.0,151,
2026-05-14 00:00:00,P+R Mały Płaszów,151.0,151,
2026-05-14 00:30:00,P+R Mały Płaszów,152.0,152,
2026-05-14 01:00:00,P+R Mały Płaszów,153.0,153,
2026-05-14 01:30:00,P+R Mały Płaszów,154.0,154,
2026-05-14 02:00:00,P+R Mały Płaszów,154.0,154,
2026-05-14 02:30:00,P+R Mały Płaszów,154.0,154,
2026-05-14 03:00:00,P+R Mały Płaszów,154.0,154,
2026-05-14 03:30:00,P+R Mały Płaszów,154.0,154,
2026-05-14 04:00:00,P+R Mały Płaszów,154.0,154,
2026-05-14 04:30:00,P+R Mały Płaszów,154.0,154,
2026-05-14 05:00:00,P+R Mały Płaszów,153.0,153,
2026-05-14 05:30:00,P+R Mały Płaszów,152.0,152,
2026-05-14 06:00:00,P+R Mały Płaszów,148.0,148,
2026-05-14 06:30:00,P+R Mały Płaszów,141.0,141,
2026-05-14 07:00:00,P+R Mały Płaszów,127.0,127,
2026-05-14 07:30:00,P+R Mały Płaszów,118.0,118,
2026-05-14 08:00:00,P+R Mały Płaszów,108.0,108,
2026-05-14 08:30:00,P+R Mały Płaszów,102.0,102,
2026-05-14 09:00:00,P+R Mały Płaszów,93.0,93,
2026-05-14 09:30:00,P+R Mały Płaszów,89.0,89,
2026-05-14 10:00:00,P+R Mały Płaszów,85.0,85,
2026-05-14 10:30:00,P+R Mały Płaszów,83.0,83,
2026-05-14 11:00:00,P+R Mały Płaszów,81.0,81,
2026-05-14 11:30:00,P+R Mały Płaszów,81.0,81,
2026-05-14 12:00:00,P+R Mały Płaszów,81.0,81,
2026-05-14 12:30:00,P+R Mały Płaszów,80.0,80,
2026-05-14 13:00:00,P+R Mały Płaszów,81.0,81,
2026-05-14 13:30:00,P+R Mały Płaszów,80.0,80,
2026-05-14 14:00:00,P+R Mały Płaszów,80.0,80,
2026-05-14 14:30:00,P+R Mały Płaszów,82.0,82,
2026-05-14 15:00:00,P+R Mały Płaszów,89.0,89,
2026-05-14 15:30:00,P+R Mały Płaszów,92.0,92,
2026-05-14 16:00:00,P+R Mały Płaszów,99.0,99,
2026-05-14 16:30:00,P+R Mały Płaszów,105.0,105,
2026-05-14 17:00:00,P+R Mały Płaszów,116.0,116,
2026-05-14 17:30:00,P+R Mały Płaszów,121.0,121,
2026-05-14 18:00:00,P+R Mały Płaszów,125.0,125,
2026-05-14 18:30:00,P+R Mały Płaszów,128.0,128,
2026-05-14 19:00:00,P+R Mały Płaszów,132.0,132,
2026-05-14 19:30:00,P+R Mały Płaszów,135.0,135,
2026-05-14 20:00:00,P+R Mały Płaszów,138.0,138,
2026-05-14 20:30:00,P+R Mały Płaszów,141.0,141,
2026-05-14 21:00:00,P+R Mały Płaszów,146.0,146,
2026-05-14 21:30:00,P+R Mały Płaszów,149.0,149,
2026-05-14 22:00:00,P+R Mały Płaszów,150.0,150,
2026-05-14 22:30:00,P+R Mały Płaszów,153.0,153,
2026-05-14 23:00:00,P+R Mały Płaszów,153.0,153,
2026-05-14 23:30:00,P+R Mały Płaszów,154.0,154,
2026-05-15 00:00:00,P+R Mały Płaszów,,154,forward_fill
2026-05-15 00:30:00,P+R Mały Płaszów,,154,forward_fill
2026-05-15 01:00:00,P+R Mały Płaszów,155.0,155,
2026-05-15 01:30:00,P+R Mały Płaszów,155.0,155,
2026-05-15 02:00:00,P+R Mały Płaszów,155.0,155,
2026-05-15 02:30:00,P+R Mały Płaszów,155.0,155,
2026-05-15 03:00:00,P+R Mały Płaszów,155.0,155,
2026-05-15 03:30:00,P+R Mały Płaszów,155.0,155,
2026-05-15 04:00:00,P+R Mały Płaszów,155.0,155,
2026-05-15 04:30:00,P+R Mały Płaszów,155.0,155,
2026-05-15 05:00:00,P+R Mały Płaszów,154.0,154,
2026-05-15 05:30:00,P+R Mały Płaszów,154.0,154,
2026-05-15 06:00:00,P+R Mały Płaszów,151.0,151,
2026-05-15 06:30:00,P+R Mały Płaszów,147.0,147,
2026-05-15 07:00:00,P+R Mały Płaszów,141.0,141,
2026-05-15 07:30:00,P+R Mały Płaszów,133.0,133,
2026-05-15 08:00:00,P+R Mały Płaszów,126.0,126,
2026-05-15 08:30:00,P+R Mały Płaszów,122.0,122,
2026-05-15 09:00:00,P+R Mały Płaszów,120.0,120,
2026-05-15 09:30:00,P+R Mały Płaszów,118.0,118,
2026-05-15 10:00:00,P+R Mały Płaszów,115.0,115,
2026-05-15 10:30:00,P+R Mały Płaszów,115.0,115,
2026-05-15 11:00:00,P+R Mały Płaszów,114.0,114,
2026-05-15 11:30:00,P+R Mały Płaszów,113.0,113,
2026-05-15 12:00:00,P+R Mały Płaszów,113.0,113,
2026-05-15 12:30:00,P+R Mały Płaszów,113.0,113,
2026-05-15 13:00:00,P+R Mały Płaszów,110.0,110,
2026-05-15 13:30:00,P+R Mały Płaszów,106.0,106,
2026-05-15 14:00:00,P+R Mały Płaszów,106.0,106,
2026-05-15 14:30:00,P+R Mały Płaszów,107.0,107,
2026-05-15 15:00:00,P+R Mały Płaszów,108.0,108,
2026-05-15 15:30:00,P+R Mały Płaszów,113.0,113,
2026-05-15 16:00:00,P+R Mały Płaszów,118.0,118,
2026-05-15 16:30:00,P+R Mały Płaszów,119.0,119,
2026-05-15 17:00:00,P+R Mały Płaszów,123.0,123,
2026-05-15 17:30:00,P+R Mały Płaszów,126.0,126,
2026-05-15 18:00:00,P+R Mały Płaszów,130.0,130,
2026-05-15 18:30:00,P+R Mały Płaszów,131.0,131,
2026-05-15 19:00:00,P+R Mały Płaszów,133.0,133,
2026-05-15 19:30:00,P+R Mały Płaszów,135.0,135,
2026-05-15 20:00:00,P+R Mały Płaszów,137.0,137,
2026-05-15 20:30:00,P+R Mały Płaszów,138.0,138,
2026-05-15 21:00:00,P+R Mały Płaszów,140.0,140,
2026-05-15 21:30:00,P+R Mały Płaszów,142.0,142,
2026-05-15 22:00:00,P+R Mały Płaszów,143.0,143,
2026-05-15 22:30:00,P+R Mały Płaszów,145.0,145,
2026-05-15 23:00:00,P+R Mały Płaszów,150.0,150,
2026-05-15 23:30:00,P+R Mały Płaszów,150.0,150,
2026-05-16 00:00:00,P+R Mały Płaszów,150.0,150,
2026-05-16 00:30:00,P+R Mały Płaszów,151.0,151,
2026-05-16 01:00:00,P+R Mały Płaszów,153.0,153,
2026-05-16 01:30:00,P+R Mały Płaszów,155.0,155,
2026-05-16 02:00:00,P+R Mały Płaszów,155.0,155,
2026-05-16 02:30:00,P+R Mały Płaszów,155.0,155,
2026-05-16 03:00:00,P+R Mały Płaszów,155.0,155,
2026-05-16 03:30:00,P+R Mały Płaszów,155.0,155,
2026-05-16 04:00:00,P+R Mały Płaszów,155.0,155,
2026-05-16 04:30:00,P+R Mały Płaszów,155.0,155,
2026-05-16 05:00:00,P+R Mały Płaszów,155.0,155,
2026-05-16 05:30:00,P+R Mały Płaszów,155.0,155,
2026-05-16 06:00:00,P+R Mały Płaszów,155.0,155,
2026-05-16 06:30:00,P+R Mały Płaszów,153.0,153,
2026-05-16 07:00:00,P+R Mały Płaszów,151.0,151,
2026-05-16 07:30:00,P+R Mały Płaszów,150.0,150,
2026-05-16 08:00:00,P+R Mały Płaszów,149.0,149,
2026-05-16 08:30:00,P+R Mały Płaszów,147.0,147,
2026-05-16 09:00:00,P+R Mały Płaszów,146.0,146,
2026-05-16 09:30:00,P+R Mały Płaszów,145.0,145,
2026-05-16 10:00:00,P+R Mały Płaszów,144.0,144,
2026-05-16 10:30:00,P+R Mały Płaszów,141.0,141,
2026-05-16 11:00:00,P+R Mały Płaszów,139.0,139,
2026-05-16 11:30:00,P+R Mały Płaszów,138.0,138,
2026-05-16 12:00:00,P+R Mały Płaszów,138.0,138,
2026-05-16 12:30:00,P+R Mały Płaszów,138.0,138,
2026-05-16 13:00:00,P+R Mały Płaszów,139.0,139,
2026-05-16 13:30:00,P+R Mały Płaszów,137.0,137,
2026-05-16 14:00:00,P+R Mały Płaszów,138.0,138,
2026-05-16 14:30:00,P+R Mały Płaszów,137.0,137,
2026-05-16 15:00:00,P+R Mały Płaszów,136.0,136,
2026-05-16 15:30:00,P+R Mały Płaszów,137.0,137,
2026-05-16 16:00:00,P+R Mały Płaszów,137.0,137,
2026-05-16 16:30:00,P+R Mały Płaszów,137.0,137,
2026-05-16 17:00:00,P+R Mały Płaszów,139.0,139,
2026-05-16 17:30:00,P+R Mały Płaszów,140.0,140,
2026-05-16 18:00:00,P+R Mały Płaszów,140.0,140,
2026-05-16 18:30:00,P+R Mały Płaszów,141.0,141,
2026-05-16 19:00:00,P+R Mały Płaszów,144.0,144,
2026-05-16 19:30:00,P+R Mały Płaszów,145.0,145,
2026-05-16 20:00:00,P+R Mały Płaszów,,145,forward_fill
2026-05-16 20:30:00,P+R Mały Płaszów,148.0,148,
2026-05-16 21:00:00,P+R Mały Płaszów,150.0,150,
2026-05-16 21:30:00,P+R Mały Płaszów,150.0,150,
2026-05-16 22:00:00,P+R Mały Płaszów,151.0,151,
2026-05-16 22:30:00,P+R Mały Płaszów,151.0,151,
2026-05-16 23:00:00,P+R Mały Płaszów,153.0,153,
2026-05-16 23:30:00,P+R Mały Płaszów,155.0,155,
2026-05-17 00:00:00,P+R Mały Płaszów,155.0,155,
2026-05-17 00:30:00,P+R Mały Płaszów,155.0,155,
2026-05-17 01:00:00,P+R Mały Płaszów,155.0,155,
2026-05-17 01:30:00,P+R Mały Płaszów,155.0,155,
2026-05-17 02:00:00,P+R Mały Płaszów,155.0,155,
2026-05-17 02:30:00,P+R Mały Płaszów,155.0,155,
2026-05-17 03:00:00,P+R Mały Płaszów,155.0,155,
2026-05-17 03:30:00,P+R Mały Płaszów,155.0,155,
2026-05-17 04:00:00,P+R Mały Płaszów,155.0,155,
2026-05-17 04:30:00,P+R Mały Płaszów,155.0,155,
2026-05-17 05:00:00,P+R Mały Płaszów,155.0,155,
2026-05-17 05:30:00,P+R Mały Płaszów,155.0,155,
2026-05-17 06:00:00,P+R Mały Płaszów,155.0,155,
2026-05-17 06:30:00,P+R Mały Płaszów,155.0,155,
2026-05-17 07:00:00,P+R Mały Płaszów,155.0,155,
2026-05-17 07:30:00,P+R Mały Płaszów,153.0,153,
2026-05-17 08:00:00,P+R Mały Płaszów,153.0,153,
2026-05-17 08:30:00,P+R Mały Płaszów,153.0,153,
2026-05-17 09:00:00,P+R Mały Płaszów,150.0,150,
2026-05-17 09:30:00,P+R Mały Płaszów,147.0,147,
2026-05-17 10:00:00,P+R Mały Płaszów,141.0,141,
2026-05-17 10:30:00,P+R Mały Płaszów,138.0,138,
2026-05-17 11:00:00,P+R Mały Płaszów,135.0,135,
2026-05-17 11:30:00,P+R Mały Płaszów,134.0,134,
2026-05-17 12:00:00,P+R Mały Płaszów,131.0,131,
2026-05-17 12:30:00,P+R Mały Płaszów,130.0,130,
2026-05-17 13:00:00,P+R Mały Płaszów,129.0,129,
2026-05-17 13:30:00,P+R Mały Płaszów,133.0,133,
2026-05-17 14:00:00,P+R Mały Płaszów,136.0,136,
2026-05-17 14:30:00,P+R Mały Płaszów,136.0,136,
2026-05-17 15:00:00,P+R Mały Płaszów,136.0,136,
2026-05-17 15:30:00,P+R Mały Płaszów,135.0,135,
2026-05-17 16:00:00,P+R Mały Płaszów,135.0,135,
2026-05-17 16:30:00,P+R Mały Płaszów,136.0,136,
2026-05-17 17:00:00,P+R Mały Płaszów,137.0,137,
2026-05-17 17:30:00,P+R Mały Płaszów,137.0,137,
2026-05-17 18:00:00,P+R Mały Płaszów,138.0,138,
2026-05-17 18:30:00,P+R Mały Płaszów,144.0,144,
2026-05-17 19:00:00,P+R Mały Płaszów,145.0,145,
2026-05-17 19:30:00,P+R Mały Płaszów,146.0,146,
2026-05-17 20:00:00,P+R Mały Płaszów,147.0,147,
2026-05-17 20:30:00,P+R Mały Płaszów,148.0,148,
2026-05-17 21:00:00,P+R Mały Płaszów,152.0,152,
2026-05-17 21:30:00,P+R Mały Płaszów,153.0,153,
2026-05-17 22:00:00,P+R Mały Płaszów,153.0,153,
2026-05-17 22:30:00,P+R Mały Płaszów,153.0,153,
2026-05-17 23:00:00,P+R Mały Płaszów,153.0,153,
2026-05-17 23:30:00,P+R Mały Płaszów,153.0,153,
2026-05-18 00:00:00,P+R Mały Płaszów,,153,forward_fill
2026-05-18 00:30:00,P+R Mały Płaszów,,153,forward_fill
2026-05-18 01:00:00,P+R Mały Płaszów,153.0,153,
2026-05-18 01:30:00,P+R Mały Płaszów,153.0,153,
2026-05-18 02:00:00,P+R Mały Płaszów,153.0,153,
2026-05-18 02:30:00,P+R Mały Płaszów,154.0,154,
2026-05-18 03:00:00,P+R Mały Płaszów,154.0,154,
2026-05-18 03:30:00,P+R Mały Płaszów,154.0,154,
2026-05-18 04:00:00,P+R Mały Płaszów,154.0,154,
2026-05-18 04:30:00,P+R Mały Płaszów,154.0,154,
2026-05-18 05:00:00,P+R Mały Płaszów,153.0,153,
2026-05-18 05:30:00,P+R Mały Płaszów,153.0,153,
2026-05-18 06:00:00,P+R Mały Płaszów,150.0,150,
2026-05-18 06:30:00,P+R Mały Płaszów,145.0,145,
2026-05-18 07:00:00,P+R Mały Płaszów,132.0,132,
2026-05-18 07:30:00,P+R Mały Płaszów,126.0,126,
2026-05-18 08:00:00,P+R Mały Płaszów,119.0,119,
2026-05-18 08:30:00,P+R Mały Płaszów,114.0,114,
2026-05-18 09:00:00,P+R Mały Płaszów,109.0,109,
2026-05-18 09:30:00,P+R Mały Płaszów,107.0,107,
2026-05-18 10:00:00,P+R Mały Płaszów,105.0,105,
2026-05-18 10:30:00,P+R Mały Płaszów,101.0,101,
2026-05-18 11:00:00,P+R Mały Płaszów,99.0,99,
2026-05-18 11:30:00,P+R Mały Płaszów,98.0,98,
2026-05-18 12:00:00,P+R Mały Płaszów,98.0,98,
2026-05-18 12:30:00,P+R Mały Płaszów,95.0,95,
2026-05-18 13:00:00,P+R Mały Płaszów,95.0,95,
2026-05-18 13:30:00,P+R Mały Płaszów,95.0,95,
2026-05-18 14:00:00,P+R Mały Płaszów,96.0,96,
2026-05-18 14:30:00,P+R Mały Płaszów,94.0,94,
2026-05-18 15:00:00,P+R Mały Płaszów,100.0,100,
2026-05-18 15:30:00,P+R Mały Płaszów,105.0,105,
2026-05-18 16:00:00,P+R Mały Płaszów,111.0,111,
2026-05-18 16:30:00,P+R Mały Płaszów,116.0,116,
2026-05-18 17:00:00,P+R Mały Płaszów,124.0,124,
2026-05-18 17:30:00,P+R Mały Płaszów,128.0,128,
2026-05-18 18:00:00,P+R Mały Płaszów,,128,forward_fill
2026-05-18 18:30:00,P+R Mały Płaszów,,128,forward_fill
2026-05-18 19:00:00,P+R Mały Płaszów,133.0,133,
2026-05-18 19:30:00,P+R Mały Płaszów,136.0,136,
2026-05-18 20:00:00,P+R Mały Płaszów,139.0,139,
2026-05-18 20:30:00,P+R Mały Płaszów,143.0,143,
2026-05-18 21:00:00,P+R Mały Płaszów,145.0,145,
2026-05-18 21:30:00,P+R Mały Płaszów,147.0,147,
2026-05-18 22:00:00,P+R Mały Płaszów,150.0,150,
2026-05-18 22:30:00,P+R Mały Płaszów,151.0,151,
2026-05-18 23:00:00,P+R Mały Płaszów,154.0,154,
2026-05-18 23:30:00,P+R Mały Płaszów,154.0,154,
2026-05-19 00:00:00,P+R Mały Płaszów,154.0,154,
2026-05-19 00:30:00,P+R Mały Płaszów,154.0,154,
2026-05-19 01:00:00,P+R Mały Płaszów,154.0,154,
2026-05-19 01:30:00,P+R Mały Płaszów,154.0,154,
2026-05-19 02:00:00,P+R Mały Płaszów,155.0,155,
2026-05-19 02:30:00,P+R Mały Płaszów,155.0,155,
2026-05-19 03:00:00,P+R Mały Płaszów,155.0,155,
2026-05-19 03:30:00,P+R Mały Płaszów,155.0,155,
2026-05-19 04:00:00,P+R Mały Płaszów,155.0,155,
2026-05-19 04:30:00,P+R Mały Płaszów,155.0,155,
2026-05-19 05:00:00,P+R Mały Płaszów,154.0,154,
2026-05-19 05:30:00,P+R Mały Płaszów,154.0,154,
2026-05-19 06:00:00,P+R Mały Płaszów,151.0,151,
2026-05-19 06:30:00,P+R Mały Płaszów,146.0,146,
2026-05-19 07:00:00,P+R Mały Płaszów,126.0,126,
2026-05-19 07:30:00,P+R Mały Płaszów,121.0,121,
2026-05-19 08:00:00,P+R Mały Płaszów,109.0,109,
2026-05-19 08:30:00,P+R Mały Płaszów,104.0,104,
2026-05-19 09:00:00,P+R Mały Płaszów,96.0,96,
2026-05-19 09:30:00,P+R Mały Płaszów,91.0,91,
2026-05-19 10:00:00,P+R Mały Płaszów,91.0,91,
2026-05-19 10:30:00,P+R Mały Płaszów,86.0,86,
2026-05-19 11:00:00,P+R Mały Płaszów,85.0,85,
2026-05-19 11:30:00,P+R Mały Płaszów,84.0,84,
2026-05-19 12:00:00,P+R Mały Płaszów,81.0,81,
2026-05-19 12:30:00,P+R Mały Płaszów,79.0,79,
2026-05-19 13:00:00,P+R Mały Płaszów,81.0,81,
2026-05-19 13:30:00,P+R Mały Płaszów,83.0,83,
2026-05-19 14:00:00,P+R Mały Płaszów,84.0,84,
2026-05-19 14:30:00,P+R Mały Płaszów,82.0,82,
2026-05-19 15:00:00,P+R Mały Płaszów,85.0,85,
2026-05-19 15:30:00,P+R Mały Płaszów,90.0,90,
2026-05-19 16:00:00,P+R Mały Płaszów,99.0,99,
2026-05-19 16:30:00,P+R Mały Płaszów,103.0,103,
2026-05-19 17:00:00,P+R Mały Płaszów,107.0,107,
2026-05-19 17:30:00,P+R Mały Płaszów,116.0,116,
2026-05-19 18:00:00,P+R Mały Płaszów,127.0,127,
2026-05-19 18:30:00,P+R Mały Płaszów,132.0,132,
2026-05-19 19:00:00,P+R Mały Płaszów,137.0,137,
2026-05-19 19:30:00,P+R Mały Płaszów,140.0,140,
2026-05-19 20:00:00,P+R Mały Płaszów,145.0,145,
2026-05-19 20:30:00,P+R Mały Płaszów,,145,forward_fill
2026-05-19 21:00:00,P+R Mały Płaszów,148.0,148,
2026-05-19 21:30:00,P+R Mały Płaszów,149.0,149,
2026-05-19 22:00:00,P+R Mały Płaszów,152.0,152,
2026-05-19 22:30:00,P+R Mały Płaszów,152.0,152,
2026-05-19 23:00:00,P+R Mały Płaszów,152.0,152,
2026-05-19 23:30:00,P+R Mały Płaszów,152.0,152,
2026-05-20 00:00:00,P+R Mały Płaszów,155.0,155,
2026-05-20 00:30:00,P+R Mały Płaszów,155.0,155,
2026-05-20 01:00:00,P+R Mały Płaszów,155.0,155,
2026-05-20 01:30:00,P+R Mały Płaszów,155.0,155,
2026-05-20 02:00:00,P+R Mały Płaszów,155.0,155,
2026-05-20 02:30:00,P+R Mały Płaszów,155.0,155,
2026-05-20 03:00:00,P+R Mały Płaszów,155.0,155,
2026-05-20 03:30:00,P+R Mały Płaszów,155.0,155,
2026-05-20 04:00:00,P+R Mały Płaszów,155.0,155,
2026-05-20 04:30:00,P+R Mały Płaszów,,155,forward_fill
2026-05-20 05:00:00,P+R Mały Płaszów,154.0,154,
2026-05-20 05:30:00,P+R Mały Płaszów,154.0,154,
2026-05-20 06:00:00,P+R Mały Płaszów,152.0,152,
2026-05-20 06:30:00,P+R Mały Płaszów,142.0,142,
2026-05-20 07:00:00,P+R Mały Płaszów,129.0,129,
2026-05-20 07:30:00,P+R Mały Płaszów,119.0,119,
2026-05-20 08:00:00,P+R Mały Płaszów,110.0,110,
2026-05-20 08:30:00,P+R Mały Płaszów,105.0,105,
2026-05-20 09:00:00,P+R Mały Płaszów,98.0,98,
2026-05-20 09:30:00,P+R Mały Płaszów,92.0,92,
2026-05-20 10:00:00,P+R Mały Płaszów,88.0,88,
2026-05-20 10:30:00,P+R Mały Płaszów,85.0,85,
2026-05-20 11:00:00,P+R Mały Płaszów,82.0,82,
2026-05-20 11:30:00,P+R Mały Płaszów,84.0,84,
2026-05-20 12:00:00,P+R Mały Płaszów,87.0,87,
2026-05-20 12:30:00,P+R Mały Płaszów,88.0,88,
2026-05-20 13:00:00,P+R Mały Płaszów,90.0,90,
2026-05-20 13:30:00,P+R Mały Płaszów,90.0,90,
2026-05-20 14:00:00,P+R Mały Płaszów,94.0,94,
2026-05-20 14:30:00,P+R Mały Płaszów,92.0,92,
2026-05-20 15:00:00,P+R Mały Płaszów,101.0,101,
2026-05-20 15:30:00,P+R Mały Płaszów,108.0,108,
2026-05-20 16:00:00,P+R Mały Płaszów,116.0,116,
2026-05-20 16:30:00,P+R Mały Płaszów,121.0,121,
2026-05-20 17:00:00,P+R Mały Płaszów,128.0,128,
2026-05-20 17:30:00,P+R Mały Płaszów,137.0,137,
2026-05-20 18:00:00,P+R Mały Płaszów,143.0,143,
2026-05-20 18:30:00,P+R Mały Płaszów,145.0,145,
2026-05-20 19:00:00,P+R Mały Płaszów,145.0,145,
2026-05-20 19:30:00,P+R Mały Płaszów,145.0,145,
2026-05-20 20:00:00,P+R Mały Płaszów,145.0,145,
2026-05-20 20:30:00,P+R Mały Płaszów,145.0,145,
2026-05-20 21:00:00,P+R Mały Płaszów,145.0,145,
2026-05-20 21:30:00,P+R Mały Płaszów,145.0,145,
2026-05-20 22:00:00,P+R Mały Płaszów,145.0,145,
2026-05-20 22:30:00,P+R Mały Płaszów,145.0,145,
2026-05-20 23:00:00,P+R Mały Płaszów,145.0,145,
2026-05-20 23:30:00,P+R Mały Płaszów,145.0,145,
2026-05-21 00:00:00,P+R Mały Płaszów,145.0,145,
2026-05-21 00:30:00,P+R Mały Płaszów,145.0,145,
2026-05-21 01:00:00,P+R Mały Płaszów,145.0,145,
2026-05-21 01:30:00,P+R Mały Płaszów,154.0,154,
2026-05-21 02:00:00,P+R Mały Płaszów,154.0,154,
2026-05-21 02:30:00,P+R Mały Płaszów,154.0,154,
2026-05-21 03:00:00,P+R Mały Płaszów,154.0,154,
2026-05-21 03:30:00,P+R Mały Płaszów,154.0,154,
2026-05-21 04:00:00,P+R Mały Płaszów,154.0,154,
2026-05-21 04:30:00,P+R Mały Płaszów,154.0,154,
2026-05-21 05:00:00,P+R Mały Płaszów,154.0,154,
2026-05-21 05:30:00,P+R Mały Płaszów,154.0,154,
2026-05-21 06:00:00,P+R Mały Płaszów,155.0,155,
2026-05-21 06:30:00,P+R Mały Płaszów,155.0,155,
2026-05-21 07:00:00,P+R Mały Płaszów,155.0,155,
2026-05-21 07:30:00,P+R Mały Płaszów,155.0,155,
2026-05-21 08:00:00,P+R Mały Płaszów,155.0,155,
2026-05-21 08:30:00,P+R Mały Płaszów,149.0,149,
2026-05-21 09:00:00,P+R Mały Płaszów,140.0,140,
2026-05-21 09:30:00,P+R Mały Płaszów,138.0,138,
2026-05-21 10:00:00,P+R Mały Płaszów,134.0,134,
2026-05-21 10:30:00,P+R Mały Płaszów,130.0,130,
2026-05-21 11:00:00,P+R Mały Płaszów,128.0,128,
2026-05-21 11:30:00,P+R Mały Płaszów,128.0,128,
2026-05-21 12:00:00,P+R Mały Płaszów,128.0,128,
2026-05-21 12:30:00,P+R Mały Płaszów,128.0,128,
2026-05-21 13:00:00,P+R Mały Płaszów,127.0,127,
2026-05-21 13:30:00,P+R Mały Płaszów,127.0,127,
2026-05-21 14:00:00,P+R Mały Płaszów,130.0,130,
2026-05-21 14:30:00,P+R Mały Płaszów,128.0,128,
2026-05-21 15:00:00,P+R Mały Płaszów,125.0,125,
2026-05-21 15:30:00,P+R Mały Płaszów,126.0,126,
2026-05-21 16:00:00,P+R Mały Płaszów,127.0,127,
2026-05-21 16:30:00,P+R Mały Płaszów,130.0,130,
2026-05-21 17:00:00,P+R Mały Płaszów,133.0,133,
2026-05-21 17:30:00,P+R Mały Płaszów,133.0,133,
2026-05-21 18:00:00,P+R Mały Płaszów,136.0,136,
2026-05-21 18:30:00,P+R Mały Płaszów,138.0,138,
2026-05-21 19:00:00,P+R Mały Płaszów,141.0,141,
2026-05-21 19:30:00,P+R Mały Płaszów,141.0,141,
2026-05-21 20:00:00,P+R Mały Płaszów,142.0,142,
2026-05-21 20:30:00,P+R Mały Płaszów,145.0,145,
2026-05-21 21:00:00,P+R Mały Płaszów,147.0,147,
2026-05-21 21:30:00,P+R Mały Płaszów,148.0,148,
2026-05-21 22:00:00,P+R Mały Płaszów,150.0,150,
2026-05-21 22:30:00,P+R Mały Płaszów,150.0,150,
2026-05-21 23:00:00,P+R Mały Płaszów,151.0,151,
2026-05-21 23:30:00,P+R Mały Płaszów,151.0,151,
2026-05-22 00:00:00,P+R Mały Płaszów,153.0,153,
2026-05-22 00:30:00,P+R Mały Płaszów,155.0,155,
2026-05-22 01:00:00,P+R Mały Płaszów,155.0,155,
2026-05-22 01:30:00,P+R Mały Płaszów,155.0,155,
2026-05-22 02:00:00,P+R Mały Płaszów,155.0,155,
2026-05-22 02:30:00,P+R Mały Płaszów,155.0,155,
2026-05-22 03:00:00,P+R Mały Płaszów,155.0,155,
2026-05-22 03:30:00,P+R Mały Płaszów,155.0,155,
2026-05-22 04:00:00,P+R Mały Płaszów,155.0,155,
2026-05-22 04:30:00,P+R Mały Płaszów,155.0,155,
2026-05-22 05:00:00,P+R Mały Płaszów,154.0,154,
2026-05-22 05:30:00,P+R Mały Płaszów,154.0,154,
2026-05-22 06:00:00,P+R Mały Płaszów,151.0,151,
2026-05-22 06:30:00,P+R Mały Płaszów,145.0,145,
2026-05-22 07:00:00,P+R Mały Płaszów,139.0,139,
2026-05-22 07:30:00,P+R Mały Płaszów,129.0,129,
2026-05-22 08:00:00,P+R Mały Płaszów,121.0,121,
2026-05-22 08:30:00,P+R Mały Płaszów,120.0,120,
2026-05-22 09:00:00,P+R Mały Płaszów,113.0,113,
2026-05-22 09:30:00,P+R Mały Płaszów,109.0,109,
2026-05-22 10:00:00,P+R Mały Płaszów,105.0,105,
2026-05-22 10:30:00,P+R Mały Płaszów,101.0,101,
2026-05-22 11:00:00,P+R Mały Płaszów,102.0,102,
2026-05-22 11:30:00,P+R Mały Płaszów,100.0,100,
2026-05-22 12:00:00,P+R Mały Płaszów,98.0,98,
2026-05-22 12:30:00,P+R Mały Płaszów,98.0,98,
2026-05-22 13:00:00,P+R Mały Płaszów,98.0,98,
2026-05-22 13:30:00,P+R Mały Płaszów,100.0,100,
2026-05-22 14:00:00,P+R Mały Płaszów,105.0,105,
2026-05-22 14:30:00,P+R Mały Płaszów,107.0,107,
2026-05-22 15:00:00,P+R Mały Płaszów,110.0,110,
2026-05-22 15:30:00,P+R Mały Płaszów,112.0,112,
2026-05-22 16:00:00,P+R Mały Płaszów,115.0,115,
2026-05-22 16:30:00,P+R Mały Płaszów,111.0,111,
2026-05-22 17:00:00,P+R Mały Płaszów,118.0,118,
2026-05-22 17:30:00,P+R Mały Płaszów,118.0,118,
2026-05-22 18:00:00,P+R Mały Płaszów,122.0,122,
2026-05-22 18:30:00,P+R Mały Płaszów,123.0,123,
2026-05-22 19:00:00,P+R Mały Płaszów,126.0,126,
2026-05-22 19:30:00,P+R Mały Płaszów,128.0,128,
2026-05-22 20:00:00,P+R Mały Płaszów,132.0,132,
2026-05-22 20:30:00,P+R Mały Płaszów,134.0,134,
2026-05-22 21:00:00,P+R Mały Płaszów,141.0,141,
2026-05-22 21:30:00,P+R Mały Płaszów,144.0,144,
2026-05-22 22:00:00,P+R Mały Płaszów,145.0,145,
2026-05-22 22:30:00,P+R Mały Płaszów,147.0,147,
2026-05-22 23:00:00,P+R Mały Płaszów,150.0,150,
2026-05-22 23:30:00,P+R Mały Płaszów,151.0,151,
2026-05-23 00:00:00,P+R Mały Płaszów,153.0,153,
2026-05-23 00:30:00,P+R Mały Płaszów,153.0,153,
2026-05-23 01:00:00,P+R Mały Płaszów,153.0,153,
2026-05-23 01:30:00,P+R Mały Płaszów,154.0,154,
2026-05-23 02:00:00,P+R Mały Płaszów,154.0,154,
2026-05-23 02:30:00,P+R Mały Płaszów,154.0,154,
2026-05-23 03:00:00,P+R Mały Płaszów,154.0,154,
2026-05-23 03:30:00,P+R Mały Płaszów,154.0,154,
2026-05-23 04:00:00,P+R Mały Płaszów,154.0,154,
2026-05-23 04:30:00,P+R Mały Płaszów,154.0,154,
2026-05-23 05:00:00,P+R Mały Płaszów,154.0,154,
2026-05-23 05:30:00,P+R Mały Płaszów,154.0,154,
2026-05-23 06:00:00,P+R Mały Płaszów,154.0,154,
2026-05-23 06:30:00,P+R Mały Płaszów,153.0,153,
2026-05-23 07:00:00,P+R Mały Płaszów,153.0,153,
2026-05-23 07:30:00,P+R Mały Płaszów,152.0,152,
2026-05-23 08:00:00,P+R Mały Płaszów,150.0,150,
2026-05-23 08:30:00,P+R Mały Płaszów,150.0,150,
2026-05-23 09:00:00,P+R Mały Płaszów,147.0,147,
2026-05-23 09:30:00,P+R Mały Płaszów,146.0,146,
2026-05-23 10:00:00,P+R Mały Płaszów,147.0,147,
2026-05-23 10:30:00,P+R Mały Płaszów,147.0,147,
2026-05-23 11:00:00,P+R Mały Płaszów,147.0,147,
2026-05-23 11:30:00,P+R Mały Płaszów,147.0,147,
2026-05-23 12:00:00,P+R Mały Płaszów,146.0,146,
2026-05-23 12:30:00,P+R Mały Płaszów,144.0,144,
2026-05-23 13:00:00,P+R Mały Płaszów,145.0,145,
2026-05-23 13:30:00,P+R Mały Płaszów,144.0,144,
2026-05-23 14:00:00,P+R Mały Płaszów,143.0,143,
2026-05-23 14:30:00,P+R Mały Płaszów,143.0,143,
2026-05-23 15:00:00,P+R Mały Płaszów,140.0,140,
2026-05-23 15:30:00,P+R Mały Płaszów,138.0,138,
2026-05-23 16:00:00,P+R Mały Płaszów,139.0,139,
2026-05-23 16:30:00,P+R Mały Płaszów,137.0,137,
2026-05-23 17:00:00,P+R Mały Płaszów,136.0,136,
2026-05-23 17:30:00,P+R Mały Płaszów,137.0,137,
2026-05-23 18:00:00,P+R Mały Płaszów,137.0,137,
2026-05-23 18:30:00,P+R Mały Płaszów,137.0,137,
2026-05-23 19:00:00,P+R Mały Płaszów,136.0,136,
2026-05-23 19:30:00,P+R Mały Płaszów,137.0,137,
2026-05-23 20:00:00,P+R Mały Płaszów,140.0,140,
2026-05-23 20:30:00,P+R Mały Płaszów,144.0,144,
2026-05-23 21:00:00,P+R Mały Płaszów,146.0,146,
2026-05-23 21:30:00,P+R Mały Płaszów,148.0,148,
2026-05-23 22:00:00,P+R Mały Płaszów,149.0,149,
2026-05-23 22:30:00,P+R Mały Płaszów,149.0,149,
2026-05-23 23:00:00,P+R Mały Płaszów,151.0,151,
2026-05-23 23:30:00,P+R Mały Płaszów,151.0,151,
2026-05-24 00:00:00,P+R Mały Płaszów,152.0,152,
2026-05-24 00:30:00,P+R Mały Płaszów,152.0,152,
2026-05-24 01:00:00,P+R Mały Płaszów,152.0,152,
2026-05-24 01:30:00,P+R Mały Płaszów,152.0,152,
2026-05-24 02:00:00,P+R Mały Płaszów,154.0,154,
2026-05-24 02:30:00,P+R Mały Płaszów,155.0,155,
2026-05-24 03:00:00,P+R Mały Płaszów,155.0,155,
2026-05-24 03:30:00,P+R Mały Płaszów,155.0,155,
2026-05-24 04:00:00,P+R Mały Płaszów,155.0,155,
2026-05-24 04:30:00,P+R Mały Płaszów,155.0,155,
2026-05-24 05:00:00,P+R Mały Płaszów,155.0,155,
2026-05-24 05:30:00,P+R Mały Płaszów,155.0,155,
2026-05-24 06:00:00,P+R Mały Płaszów,155.0,155,
2026-05-24 06:30:00,P+R Mały Płaszów,155.0,155,
2026-05-24 07:00:00,P+R Mały Płaszów,155.0,155,
2026-05-24 07:30:00,P+R Mały Płaszów,155.0,155,
2026-05-24 08:00:00,P+R Mały Płaszów,155.0,155,
2026-05-24 08:30:00,P+R Mały Płaszów,155.0,155,
2026-05-24 09:00:00,P+R Mały Płaszów,152.0,152,
2026-05-24 09:30:00,P+R Mały Płaszów,150.0,150,
2026-05-24 10:00:00,P+R Mały Płaszów,149.0,149,
2026-05-24 10:30:00,P+R Mały Płaszów,148.0,148,
2026-05-24 11:00:00,P+R Mały Płaszów,143.0,143,
2026-05-24 11:30:00,P+R Mały Płaszów,142.0,142,
2026-05-24 12:00:00,P+R Mały Płaszów,140.0,140,
2026-05-24 12:30:00,P+R Mały Płaszów,133.0,133,
2026-05-24 13:00:00,P+R Mały Płaszów,132.0,132,
2026-05-24 13:30:00,P+R Mały Płaszów,127.0,127,
2026-05-24 14:00:00,P+R Mały Płaszów,126.0,126,
2026-05-24 14:30:00,P+R Mały Płaszów,125.0,125,
2026-05-24 15:00:00,P+R Mały Płaszów,120.0,120,
2026-05-24 15:30:00,P+R Mały Płaszów,117.0,117,
2026-05-24 16:00:00,P+R Mały Płaszów,120.0,120,
2026-05-24 16:30:00,P+R Mały Płaszów,121.0,121,
2026-05-24 17:00:00,P+R Mały Płaszów,125.0,125,
2026-05-24 17:30:00,P+R Mały Płaszów,125.0,125,
2026-05-24 18:00:00,P+R Mały Płaszów,122.0,122,
2026-05-24 18:30:00,P+R Mały Płaszów,125.0,125,
2026-05-24 19:00:00,P+R Mały Płaszów,131.0,131,
2026-05-24 19:30:00,P+R Mały Płaszów,138.0,138,
2026-05-24 20:00:00,P+R Mały Płaszów,140.0,140,
2026-05-24 20:30:00,P+R Mały Płaszów,143.0,143,
2026-05-24 21:00:00,P+R Mały Płaszów,,143,forward_fill
2026-05-24 21:30:00,P+R Mały Płaszów,144.0,144,
2026-05-24 22:00:00,P+R Mały Płaszów,148.0,148,
2026-05-24 22:30:00,P+R Mały Płaszów,151.0,151,
2026-05-24 23:00:00,P+R Mały Płaszów,153.0,153,
2026-05-24 23:30:00,P+R Mały Płaszów,153.0,153,
2026-05-25 00:00:00,P+R Mały Płaszów,153.0,153,
2026-05-25 00:30:00,P+R Mały Płaszów,153.0,153,
2026-05-25 01:00:00,P+R Mały Płaszów,153.0,153,
2026-05-25 01:30:00,P+R Mały Płaszów,153.0,153,
2026-05-25 02:00:00,P+R Mały Płaszów,153.0,153,
2026-05-25 02:30:00,P+R Mały Płaszów,153.0,153,
2026-05-25 03:00:00,P+R Mały Płaszów,153.0,153,
2026-05-25 03:30:00,P+R Mały Płaszów,153.0,153,
2026-05-25 04:00:00,P+R Mały Płaszów,153.0,153,
2026-05-25 04:30:00,P+R Mały Płaszów,153.0,153,
2026-05-25 05:00:00,P+R Mały Płaszów,153.0,153,
2026-05-25 05:30:00,P+R Mały Płaszów,152.0,152,
2026-05-25 06:00:00,P+R Mały Płaszów,152.0,152,
2026-05-25 06:30:00,P+R Mały Płaszów,144.0,144,
2026-05-25 07:00:00,P+R Mały Płaszów,130.0,130,
2026-05-25 07:30:00,P+R Mały Płaszów,123.0,123,
2026-05-25 08:00:00,P+R Mały Płaszów,115.0,115,
2026-05-25 08:30:00,P+R Mały Płaszów,106.0,106,
2026-05-25 09:00:00,P+R Mały Płaszów,102.0,102,
2026-05-25 09:30:00,P+R Mały Płaszów,101.0,101,
2026-05-25 10:00:00,P+R Mały Płaszów,100.0,100,
2026-05-25 10:30:00,P+R Mały Płaszów,97.0,97,
2026-05-25 11:00:00,P+R Mały Płaszów,,97,forward_fill
2026-05-25 11:30:00,P+R Mały Płaszów,92.0,92,
2026-05-25 12:00:00,P+R Mały Płaszów,91.0,91,
2026-05-25 12:30:00,P+R Mały Płaszów,92.0,92,
2026-05-25 13:00:00,P+R Mały Płaszów,93.0,93,
2026-05-25 13:30:00,P+R Mały Płaszów,92.0,92,
2026-05-25 14:00:00,P+R Mały Płaszów,94.0,94,
2026-05-25 14:30:00,P+R Mały Płaszów,95.0,95,
2026-05-25 15:00:00,P+R Mały Płaszów,98.0,98,
2026-05-25 15:30:00,P+R Mały Płaszów,104.0,104,
2026-05-25 16:00:00,P+R Mały Płaszów,114.0,114,
2026-05-25 16:30:00,P+R Mały Płaszów,120.0,120,
2026-05-25 17:00:00,P+R Mały Płaszów,123.0,123,
2026-05-25 17:30:00,P+R Mały Płaszów,127.0,127,
2026-05-25 18:00:00,P+R Mały Płaszów,131.0,131,
2026-05-25 18:30:00,P+R Mały Płaszów,129.0,129,
2026-05-25 19:00:00,P+R Mały Płaszów,134.0,134,
2026-05-25 19:30:00,P+R Mały Płaszów,136.0,136,
2026-05-25 20:00:00,P+R Mały Płaszów,139.0,139,
2026-05-25 20:30:00,P+R Mały Płaszów,139.0,139,
2026-05-25 21:00:00,P+R Mały Płaszów,145.0,145,
2026-05-25 21:30:00,P+R Mały Płaszów,146.0,146,
2026-05-25 22:00:00,P+R Mały Płaszów,149.0,149,
2026-05-25 22:30:00,P+R Mały Płaszów,149.0,149,
2026-05-25 23:00:00,P+R Mały Płaszów,152.0,152,
2026-05-25 23:30:00,P+R Mały Płaszów,152.0,152,
2026-05-26 00:00:00,P+R Mały Płaszów,153.0,153,
2026-05-26 00:30:00,P+R Mały Płaszów,153.0,153,
2026-05-26 01:00:00,P+R Mały Płaszów,153.0,153,
2026-05-26 01:30:00,P+R Mały Płaszów,153.0,153,
2026-05-26 02:00:00,P+R Mały Płaszów,154.0,154,
2026-05-26 02:30:00,P+R Mały Płaszów,155.0,155,
2026-05-26 03:00:00,P+R Mały Płaszów,155.0,155,
2026-05-26 03:30:00,P+R Mały Płaszów,155.0,155,
2026-05-26 04:00:00,P+R Mały Płaszów,155.0,155,
2026-05-26 04:30:00,P+R Mały Płaszów,155.0,155,
2026-05-26 05:00:00,P+R Mały Płaszów,155.0,155,
2026-05-26 05:30:00,P+R Mały Płaszów,154.0,154,
2026-05-26 06:00:00,P+R Mały Płaszów,150.0,150,
2026-05-26 06:30:00,P+R Mały Płaszów,144.0,144,
2026-05-26 07:00:00,P+R Mały Płaszów,130.0,130,
2026-05-26 07:30:00,P+R Mały Płaszów,124.0,124,
2026-05-26 08:00:00,P+R Mały Płaszów,117.0,117,
2026-05-26 08:30:00,P+R Mały Płaszów,106.0,106,
2026-05-26 09:00:00,P+R Mały Płaszów,100.0,100,
2026-05-26 09:30:00,P+R Mały Płaszów,96.0,96,
2026-05-26 10:00:00,P+R Mały Płaszów,92.0,92,
2026-05-26 10:30:00,P+R Mały Płaszów,88.0,88,
2026-05-26 11:00:00,P+R Mały Płaszów,84.0,84,
2026-05-26 11:30:00,P+R Mały Płaszów,81.0,81,
2026-05-26 12:00:00,P+R Mały Płaszów,83.0,83,
2026-05-26 12:30:00,P+R Mały Płaszów,80.0,80,
2026-05-26 13:00:00,P+R Mały Płaszów,,81,linear interpolation
2026-05-26 13:30:00,P+R Mały Płaszów,,82,linear interpolation
2026-05-26 14:00:00,P+R Mały Płaszów,,84,linear interpolation
2026-05-26 14:30:00,P+R Mały Płaszów,,85,linear interpolation
2026-05-26 15:00:00,P+R Mały Płaszów,86.0,86,
2026-05-26 15:30:00,P+R Mały Płaszów,90.0,90,
2026-05-26 16:00:00,P+R Mały Płaszów,99.0,99,
2026-05-26 16:30:00,P+R Mały Płaszów,105.0,105,
2026-05-26 17:00:00,P+R Mały Płaszów,115.0,115,
2026-05-26 17:30:00,P+R Mały Płaszów,116.0,116,
2026-05-26 18:00:00,P+R Mały Płaszów,124.0,124,
2026-05-26 18:30:00,P+R Mały Płaszów,125.0,125,
2026-05-26 19:00:00,P+R Mały Płaszów,128.0,128,
2026-05-26 19:30:00,P+R Mały Płaszów,,128,forward_fill
2026-05-26 20:00:00,P+R Mały Płaszów,137.0,137,
2026-04-28 21:30:00,P+R Nowy Bieżanów,91.0,91,
2026-04-28 22:00:00,P+R Nowy Bieżanów,93.0,93,
2026-04-28 22:30:00,P+R Nowy Bieżanów,94.0,94,
2026-04-28 23:00:00,P+R Nowy Bieżanów,95.0,95,
2026-04-28 23:30:00,P+R Nowy Bieżanów,96.0,96,
2026-04-29 00:00:00,P+R Nowy Bieżanów,97.0,97,
2026-04-29 00:30:00,P+R Nowy Bieżanów,97.0,97,
2026-04-29 01:00:00,P+R Nowy Bieżanów,97.0,97,
2026-04-29 01:30:00,P+R Nowy Bieżanów,97.0,97,
2026-04-29 02:00:00,P+R Nowy Bieżanów,97.0,97,
2026-04-29 02:30:00,P+R Nowy Bieżanów,97.0,97,
2026-04-29 03:00:00,P+R Nowy Bieżanów,97.0,97,
2026-04-29 03:30:00,P+R Nowy Bieżanów,97.0,97,
2026-04-29 04:00:00,P+R Nowy Bieżanów,97.0,97,
2026-04-29 04:30:00,P+R Nowy Bieżanów,100.0,100,
2026-04-29 05:00:00,P+R Nowy Bieżanów,98.0,98,
2026-04-29 05:30:00,P+R Nowy Bieżanów,94.0,94,
2026-04-29 06:00:00,P+R Nowy Bieżanów,87.0,87,
2026-04-29 06:30:00,P+R Nowy Bieżanów,68.0,68,
2026-04-29 07:00:00,P+R Nowy Bieżanów,36.0,36,
2026-04-29 07:30:00,P+R Nowy Bieżanów,4.0,4,
2026-04-29 08:00:00,P+R Nowy Bieżanów,0.0,0,
2026-04-29 08:30:00,P+R Nowy Bieżanów,0.0,0,
2026-04-29 09:00:00,P+R Nowy Bieżanów,0.0,0,
2026-04-29 09:30:00,P+R Nowy Bieżanów,0.0,0,
2026-04-29 10:00:00,P+R Nowy Bieżanów,0.0,0,
2026-04-29 10:30:00,P+R Nowy Bieżanów,0.0,0,
2026-04-29 11:00:00,P+R Nowy Bieżanów,2.0,2,
2026-04-29 11:30:00,P+R Nowy Bieżanów,1.0,1,
2026-04-29 12:00:00,P+R Nowy Bieżanów,0.0,0,
2026-04-29 12:30:00,P+R Nowy Bieżanów,0.0,0,
2026-04-29 13:00:00,P+R Nowy Bieżanów,0.0,0,
2026-04-29 13:30:00,P+R Nowy Bieżanów,1.0,1,
2026-04-29 14:00:00,P+R Nowy Bieżanów,0.0,0,
2026-04-29 14:30:00,P+R Nowy Bieżanów,2.0,2,
2026-04-29 15:00:00,P+R Nowy Bieżanów,8.0,8,
2026-04-29 15:30:00,P+R Nowy Bieżanów,12.0,12,
2026-04-29 16:00:00,P+R Nowy Bieżanów,29.0,29,
2026-04-29 16:30:00,P+R Nowy Bieżanów,39.0,39,
2026-04-29 17:00:00,P+R Nowy Bieżanów,50.0,50,
2026-04-29 17:30:00,P+R Nowy Bieżanów,53.0,53,
2026-04-29 18:00:00,P+R Nowy Bieżanów,55.0,55,
2026-04-29 18:30:00,P+R Nowy Bieżanów,,55,forward_fill
2026-04-29 19:00:00,P+R Nowy Bieżanów,69.0,69,
2026-04-29 19:30:00,P+R Nowy Bieżanów,73.0,73,
2026-04-29 20:00:00,P+R Nowy Bieżanów,83.0,83,
2026-04-29 20:30:00,P+R Nowy Bieżanów,88.0,88,
2026-04-29 21:00:00,P+R Nowy Bieżanów,91.0,91,
2026-04-29 21:30:00,P+R Nowy Bieżanów,93.0,93,
2026-04-29 22:00:00,P+R Nowy Bieżanów,96.0,96,
2026-04-29 22:30:00,P+R Nowy Bieżanów,97.0,97,
2026-04-29 23:00:00,P+R Nowy Bieżanów,98.0,98,
2026-04-29 23:30:00,P+R Nowy Bieżanów,98.0,98,
2026-04-30 00:00:00,P+R Nowy Bieżanów,99.0,99,
2026-04-30 00:30:00,P+R Nowy Bieżanów,99.0,99,
2026-04-30 01:00:00,P+R Nowy Bieżanów,99.0,99,
2026-04-30 01:30:00,P+R Nowy Bieżanów,99.0,99,
2026-04-30 02:00:00,P+R Nowy Bieżanów,99.0,99,
2026-04-30 02:30:00,P+R Nowy Bieżanów,99.0,99,
2026-04-30 03:00:00,P+R Nowy Bieżanów,99.0,99,
2026-04-30 03:30:00,P+R Nowy Bieżanów,99.0,99,
2026-04-30 04:00:00,P+R Nowy Bieżanów,99.0,99,
2026-04-30 04:30:00,P+R Nowy Bieżanów,100.0,100,
2026-04-30 05:00:00,P+R Nowy Bieżanów,99.0,99,
2026-04-30 05:30:00,P+R Nowy Bieżanów,94.0,94,
2026-04-30 06:00:00,P+R Nowy Bieżanów,87.0,87,
2026-04-30 06:30:00,P+R Nowy Bieżanów,68.0,68,
2026-04-30 07:00:00,P+R Nowy Bieżanów,47.0,47,
2026-04-30 07:30:00,P+R Nowy Bieżanów,23.0,23,
2026-04-30 08:00:00,P+R Nowy Bieżanów,18.0,18,
2026-04-30 08:30:00,P+R Nowy Bieżanów,11.0,11,
2026-04-30 09:00:00,P+R Nowy Bieżanów,7.0,7,
2026-04-30 09:30:00,P+R Nowy Bieżanów,4.0,4,
2026-04-30 10:00:00,P+R Nowy Bieżanów,3.0,3,
2026-04-30 10:30:00,P+R Nowy Bieżanów,3.0,3,
2026-04-30 11:00:00,P+R Nowy Bieżanów,5.0,5,
2026-04-30 11:30:00,P+R Nowy Bieżanów,2.0,2,
2026-04-30 12:00:00,P+R Nowy Bieżanów,3.0,3,
2026-04-30 12:30:00,P+R Nowy Bieżanów,2.0,2,
2026-04-30 13:00:00,P+R Nowy Bieżanów,2.0,2,
2026-04-30 13:30:00,P+R Nowy Bieżanów,4.0,4,
2026-04-30 14:00:00,P+R Nowy Bieżanów,5.0,5,
2026-04-30 14:30:00,P+R Nowy Bieżanów,8.0,8,
2026-04-30 15:00:00,P+R Nowy Bieżanów,17.0,17,
2026-04-30 15:30:00,P+R Nowy Bieżanów,32.0,32,
2026-04-30 16:00:00,P+R Nowy Bieżanów,49.0,49,
2026-04-30 16:30:00,P+R Nowy Bieżanów,57.0,57,
2026-04-30 17:00:00,P+R Nowy Bieżanów,73.0,73,
2026-04-30 17:30:00,P+R Nowy Bieżanów,77.0,77,
2026-04-30 18:00:00,P+R Nowy Bieżanów,78.0,78,
2026-04-30 18:30:00,P+R Nowy Bieżanów,82.0,82,
2026-04-30 19:00:00,P+R Nowy Bieżanów,85.0,85,
2026-04-30 19:30:00,P+R Nowy Bieżanów,87.0,87,
2026-04-30 20:00:00,P+R Nowy Bieżanów,91.0,91,
2026-04-30 20:30:00,P+R Nowy Bieżanów,91.0,91,
2026-04-30 21:00:00,P+R Nowy Bieżanów,91.0,91,
2026-04-30 21:30:00,P+R Nowy Bieżanów,92.0,92,
2026-04-30 22:00:00,P+R Nowy Bieżanów,,93,linear interpolation
2026-04-30 22:30:00,P+R Nowy Bieżanów,,94,linear interpolation
2026-04-30 23:00:00,P+R Nowy Bieżanów,,95,linear interpolation
2026-04-30 23:30:00,P+R Nowy Bieżanów,,96,linear interpolation
2026-05-01 00:00:00,P+R Nowy Bieżanów,,97,linear interpolation
2026-05-01 00:30:00,P+R Nowy Bieżanów,,98,linear interpolation
2026-05-01 01:00:00,P+R Nowy Bieżanów,,99,linear interpolation
2026-05-01 01:30:00,P+R Nowy Bieżanów,,100,linear interpolation
2026-05-01 02:00:00,P+R Nowy Bieżanów,101.0,101,
2026-05-01 02:30:00,P+R Nowy Bieżanów,101.0,101,
2026-05-01 03:00:00,P+R Nowy Bieżanów,101.0,101,
2026-05-01 03:30:00,P+R Nowy Bieżanów,101.0,101,
2026-05-01 04:00:00,P+R Nowy Bieżanów,101.0,101,
2026-05-01 04:30:00,P+R Nowy Bieżanów,101.0,101,
2026-05-01 05:00:00,P+R Nowy Bieżanów,101.0,101,
2026-05-01 05:30:00,P+R Nowy Bieżanów,101.0,101,
2026-05-01 06:00:00,P+R Nowy Bieżanów,101.0,101,
2026-05-01 06:30:00,P+R Nowy Bieżanów,100.0,100,
2026-05-01 07:00:00,P+R Nowy Bieżanów,100.0,100,
2026-05-01 07:30:00,P+R Nowy Bieżanów,98.0,98,
2026-05-01 08:00:00,P+R Nowy Bieżanów,97.0,97,
2026-05-01 08:30:00,P+R Nowy Bieżanów,97.0,97,
2026-05-01 09:00:00,P+R Nowy Bieżanów,97.0,97,
2026-05-01 09:30:00,P+R Nowy Bieżanów,94.0,94,
2026-05-01 10:00:00,P+R Nowy Bieżanów,94.0,94,
2026-05-01 10:30:00,P+R Nowy Bieżanów,94.0,94,
2026-05-01 11:00:00,P+R Nowy Bieżanów,93.0,93,
2026-05-01 11:30:00,P+R Nowy Bieżanów,90.0,90,
2026-05-01 12:00:00,P+R Nowy Bieżanów,85.0,85,
2026-05-01 12:30:00,P+R Nowy Bieżanów,85.0,85,
2026-05-01 13:00:00,P+R Nowy Bieżanów,84.0,84,
2026-05-01 13:30:00,P+R Nowy Bieżanów,83.0,83,
2026-05-01 14:00:00,P+R Nowy Bieżanów,86.0,86,
2026-05-01 14:30:00,P+R Nowy Bieżanów,85.0,85,
2026-05-01 15:00:00,P+R Nowy Bieżanów,84.0,84,
2026-05-01 15:30:00,P+R Nowy Bieżanów,84.0,84,
2026-05-01 16:00:00,P+R Nowy Bieżanów,,86,linear interpolation
2026-05-01 16:30:00,P+R Nowy Bieżanów,,88,linear interpolation
2026-05-01 17:00:00,P+R Nowy Bieżanów,,91,linear interpolation
2026-05-01 17:30:00,P+R Nowy Bieżanów,93.0,93,
2026-05-01 18:00:00,P+R Nowy Bieżanów,95.0,95,
2026-05-01 18:30:00,P+R Nowy Bieżanów,95.0,95,
2026-05-01 19:00:00,P+R Nowy Bieżanów,94.0,94,
2026-05-01 19:30:00,P+R Nowy Bieżanów,92.0,92,
2026-05-01 20:00:00,P+R Nowy Bieżanów,93.0,93,
2026-05-01 20:30:00,P+R Nowy Bieżanów,94.0,94,
2026-05-01 21:00:00,P+R Nowy Bieżanów,97.0,97,
2026-05-01 21:30:00,P+R Nowy Bieżanów,99.0,99,
2026-05-01 22:00:00,P+R Nowy Bieżanów,99.0,99,
2026-05-01 22:30:00,P+R Nowy Bieżanów,100.0,100,
2026-05-01 23:00:00,P+R Nowy Bieżanów,101.0,101,
2026-05-01 23:30:00,P+R Nowy Bieżanów,101.0,101,
2026-05-02 00:00:00,P+R Nowy Bieżanów,101.0,101,
2026-05-02 00:30:00,P+R Nowy Bieżanów,101.0,101,
2026-05-02 01:00:00,P+R Nowy Bieżanów,101.0,101,
2026-05-02 01:30:00,P+R Nowy Bieżanów,101.0,101,
2026-05-02 02:00:00,P+R Nowy Bieżanów,,101,forward_fill
2026-05-02 02:30:00,P+R Nowy Bieżanów,101.0,101,
2026-05-02 03:00:00,P+R Nowy Bieżanów,101.0,101,
2026-05-02 03:30:00,P+R Nowy Bieżanów,101.0,101,
2026-05-02 04:00:00,P+R Nowy Bieżanów,101.0,101,
2026-05-02 04:30:00,P+R Nowy Bieżanów,101.0,101,
2026-05-02 05:00:00,P+R Nowy Bieżanów,101.0,101,
2026-05-02 05:30:00,P+R Nowy Bieżanów,101.0,101,
2026-05-02 06:00:00,P+R Nowy Bieżanów,101.0,101,
2026-05-02 06:30:00,P+R Nowy Bieżanów,101.0,101,
2026-05-02 07:00:00,P+R Nowy Bieżanów,100.0,100,
2026-05-02 07:30:00,P+R Nowy Bieżanów,98.0,98,
2026-05-02 08:00:00,P+R Nowy Bieżanów,98.0,98,
2026-05-02 08:30:00,P+R Nowy Bieżanów,96.0,96,
2026-05-02 09:00:00,P+R Nowy Bieżanów,95.0,95,
2026-05-02 09:30:00,P+R Nowy Bieżanów,94.0,94,
2026-05-02 10:00:00,P+R Nowy Bieżanów,92.0,92,
2026-05-02 10:30:00,P+R Nowy Bieżanów,91.0,91,
2026-05-02 11:00:00,P+R Nowy Bieżanów,88.0,88,
2026-05-02 11:30:00,P+R Nowy Bieżanów,85.0,85,
2026-05-02 12:00:00,P+R Nowy Bieżanów,85.0,85,
2026-05-02 12:30:00,P+R Nowy Bieżanów,85.0,85,
2026-05-02 13:00:00,P+R Nowy Bieżanów,86.0,86,
2026-05-02 13:30:00,P+R Nowy Bieżanów,86.0,86,
2026-05-02 14:00:00,P+R Nowy Bieżanów,85.0,85,
2026-05-02 14:30:00,P+R Nowy Bieżanów,86.0,86,
2026-05-02 15:00:00,P+R Nowy Bieżanów,86.0,86,
2026-05-02 15:30:00,P+R Nowy Bieżanów,87.0,87,
2026-05-02 16:00:00,P+R Nowy Bieżanów,89.0,89,
2026-05-02 16:30:00,P+R Nowy Bieżanów,89.0,89,
2026-05-02 17:00:00,P+R Nowy Bieżanów,88.0,88,
2026-05-02 17:30:00,P+R Nowy Bieżanów,89.0,89,
2026-05-02 18:00:00,P+R Nowy Bieżanów,91.0,91,
2026-05-02 18:30:00,P+R Nowy Bieżanów,92.0,92,
2026-05-02 19:00:00,P+R Nowy Bieżanów,,92,forward_fill
2026-05-02 19:30:00,P+R Nowy Bieżanów,93.0,93,
2026-05-02 20:00:00,P+R Nowy Bieżanów,95.0,95,
2026-05-02 20:30:00,P+R Nowy Bieżanów,95.0,95,
2026-05-02 21:00:00,P+R Nowy Bieżanów,96.0,96,
2026-05-02 21:30:00,P+R Nowy Bieżanów,96.0,96,
2026-05-02 22:00:00,P+R Nowy Bieżanów,97.0,97,
2026-05-02 22:30:00,P+R Nowy Bieżanów,99.0,99,
2026-05-02 23:00:00,P+R Nowy Bieżanów,99.0,99,
2026-05-02 23:30:00,P+R Nowy Bieżanów,100.0,100,
2026-05-03 00:00:00,P+R Nowy Bieżanów,100.0,100,
2026-05-03 00:30:00,P+R Nowy Bieżanów,100.0,100,
2026-05-03 01:00:00,P+R Nowy Bieżanów,101.0,101,
2026-05-03 01:30:00,P+R Nowy Bieżanów,101.0,101,
2026-05-03 02:00:00,P+R Nowy Bieżanów,101.0,101,
2026-05-03 02:30:00,P+R Nowy Bieżanów,101.0,101,
2026-05-03 03:00:00,P+R Nowy Bieżanów,101.0,101,
2026-05-03 03:30:00,P+R Nowy Bieżanów,,101,Hist. avg + linear interpol.
2026-05-03 04:00:00,P+R Nowy Bieżanów,,101,Hist. avg + linear interpol.
2026-05-03 04:30:00,P+R Nowy Bieżanów,,100,Hist. avg + linear interpol.
2026-05-03 05:00:00,P+R Nowy Bieżanów,,100,Hist. avg + linear interpol.
2026-05-03 05:30:00,P+R Nowy Bieżanów,,100,Hist. avg + linear interpol.
2026-05-03 06:00:00,P+R Nowy Bieżanów,,99,Hist. avg + linear interpol.
2026-05-03 06:30:00,P+R Nowy Bieżanów,,98,Hist. avg + linear interpol.
2026-05-03 07:00:00,P+R Nowy Bieżanów,,98,Hist. avg + linear interpol.
2026-05-03 07:30:00,P+R Nowy Bieżanów,,95,Hist. avg + linear interpol.
2026-05-03 08:00:00,P+R Nowy Bieżanów,,92,Hist. avg + linear interpol.
2026-05-03 08:30:00,P+R Nowy Bieżanów,,91,Hist. avg + linear interpol.
2026-05-03 09:00:00,P+R Nowy Bieżanów,,89,Hist. avg + linear interpol.
2026-05-03 09:30:00,P+R Nowy Bieżanów,,87,Hist. avg + linear interpol.
2026-05-03 10:00:00,P+R Nowy Bieżanów,,85,Hist. avg + linear interpol.
2026-05-03 10:30:00,P+R Nowy Bieżanów,,83,Hist. avg + linear interpol.
2026-05-03 11:00:00,P+R Nowy Bieżanów,,82,Hist. avg + linear interpol.
2026-05-03 11:30:00,P+R Nowy Bieżanów,,80,Hist. avg + linear interpol.
2026-05-03 12:00:00,P+R Nowy Bieżanów,,80,Hist. avg + linear interpol.
2026-05-03 12:30:00,P+R Nowy Bieżanów,,79,Hist. avg + linear interpol.
2026-05-03 13:00:00,P+R Nowy Bieżanów,,79,Hist. avg + linear interpol.
2026-05-03 13:30:00,P+R Nowy Bieżanów,,79,Hist. avg + linear interpol.
2026-05-03 14:00:00,P+R Nowy Bieżanów,,80,Hist. avg + linear interpol.
2026-05-03 14:30:00,P+R Nowy Bieżanów,,80,Hist. avg + linear interpol.
2026-05-03 15:00:00,P+R Nowy Bieżanów,,80,Hist. avg + linear interpol.
2026-05-03 15:30:00,P+R Nowy Bieżanów,,81,Hist. avg + linear interpol.
2026-05-03 16:00:00,P+R Nowy Bieżanów,,82,Hist. avg + linear interpol.
2026-05-03 16:30:00,P+R Nowy Bieżanów,,83,Hist. avg + linear interpol.
2026-05-03 17:00:00,P+R Nowy Bieżanów,,85,Hist. avg + linear interpol.
2026-05-03 17:30:00,P+R Nowy Bieżanów,,86,Hist. avg + linear interpol.
2026-05-03 18:00:00,P+R Nowy Bieżanów,,87,Hist. avg + linear interpol.
2026-05-03 18:30:00,P+R Nowy Bieżanów,,87,Hist. avg + linear interpol.
2026-05-03 19:00:00,P+R Nowy Bieżanów,,89,Hist. avg + linear interpol.
2026-05-03 19:30:00,P+R Nowy Bieżanów,,90,Hist. avg + linear interpol.
2026-05-03 20:00:00,P+R Nowy Bieżanów,,92,Hist. avg + linear interpol.
2026-05-03 20:30:00,P+R Nowy Bieżanów,,92,Hist. avg + linear interpol.
2026-05-03 21:00:00,P+R Nowy Bieżanów,,94,Hist. avg + linear interpol.
2026-05-03 21:30:00,P+R Nowy Bieżanów,,95,Hist. avg + linear interpol.
2026-05-03 22:00:00,P+R Nowy Bieżanów,,97,Hist. avg + linear interpol.
2026-05-03 22:30:00,P+R Nowy Bieżanów,,97,Hist. avg + linear interpol.
2026-05-03 23:00:00,P+R Nowy Bieżanów,,99,Hist. avg + linear interpol.
2026-05-03 23:30:00,P+R Nowy Bieżanów,,99,Hist. avg + linear interpol.
2026-05-04 00:00:00,P+R Nowy Bieżanów,,99,Hist. avg + linear interpol.
2026-05-04 00:30:00,P+R Nowy Bieżanów,,99,Hist. avg + linear interpol.
2026-05-04 01:00:00,P+R Nowy Bieżanów,,99,Hist. avg + linear interpol.
2026-05-04 01:30:00,P+R Nowy Bieżanów,,99,Hist. avg + linear interpol.
2026-05-04 02:00:00,P+R Nowy Bieżanów,,100,Hist. avg + linear interpol.
2026-05-04 02:30:00,P+R Nowy Bieżanów,,100,Hist. avg + linear interpol.
2026-05-04 03:00:00,P+R Nowy Bieżanów,,100,Hist. avg + linear interpol.
2026-05-04 03:30:00,P+R Nowy Bieżanów,,100,Hist. avg + linear interpol.
2026-05-04 04:00:00,P+R Nowy Bieżanów,,100,Hist. avg + linear interpol.
2026-05-04 04:30:00,P+R Nowy Bieżanów,,100,Hist. avg + linear interpol.
2026-05-04 05:00:00,P+R Nowy Bieżanów,,98,Hist. avg + linear interpol.
2026-05-04 05:30:00,P+R Nowy Bieżanów,,93,Hist. avg + linear interpol.
2026-05-04 06:00:00,P+R Nowy Bieżanów,,83,Hist. avg + linear interpol.
2026-05-04 06:30:00,P+R Nowy Bieżanów,,65,Hist. avg + linear interpol.
2026-05-04 07:00:00,P+R Nowy Bieżanów,,33,Hist. avg + linear interpol.
2026-05-04 07:30:00,P+R Nowy Bieżanów,,15,Hist. avg + linear interpol.
2026-05-04 08:00:00,P+R Nowy Bieżanów,,9,Hist. avg + linear interpol.
2026-05-04 08:30:00,P+R Nowy Bieżanów,,8,Hist. avg + linear interpol.
2026-05-04 09:00:00,P+R Nowy Bieżanów,,7,Hist. avg + linear interpol.
2026-05-04 09:30:00,P+R Nowy Bieżanów,,6,Hist. avg + linear interpol.
2026-05-04 10:00:00,P+R Nowy Bieżanów,,6,Hist. avg + linear interpol.
2026-05-04 10:30:00,P+R Nowy Bieżanów,,7,Hist. avg + linear interpol.
2026-05-04 11:00:00,P+R Nowy Bieżanów,,6,Hist. avg + linear interpol.
2026-05-04 11:30:00,P+R Nowy Bieżanów,,6,Hist. avg + linear interpol.
2026-05-04 12:00:00,P+R Nowy Bieżanów,,6,Hist. avg + linear interpol.
2026-05-04 12:30:00,P+R Nowy Bieżanów,,6,Hist. avg + linear interpol.
2026-05-04 13:00:00,P+R Nowy Bieżanów,,8,Hist. avg + linear interpol.
2026-05-04 13:30:00,P+R Nowy Bieżanów,,9,Hist. avg + linear interpol.
2026-05-04 14:00:00,P+R Nowy Bieżanów,,10,Hist. avg + linear interpol.
2026-05-04 14:30:00,P+R Nowy Bieżanów,,12,Hist. avg + linear interpol.
2026-05-04 15:00:00,P+R Nowy Bieżanów,,18,Hist. avg + linear interpol.
2026-05-04 15:30:00,P+R Nowy Bieżanów,,26,Hist. avg + linear interpol.
2026-05-04 16:00:00,P+R Nowy Bieżanów,,42,Hist. avg + linear interpol.
2026-05-04 16:30:00,P+R Nowy Bieżanów,,63,Hist. avg + linear interpol.
2026-05-04 17:00:00,P+R Nowy Bieżanów,,75,Hist. avg + linear interpol.
2026-05-04 17:30:00,P+R Nowy Bieżanów,,82,Hist. avg + linear interpol.
2026-05-04 18:00:00,P+R Nowy Bieżanów,,85,Hist. avg + linear interpol.
2026-05-04 18:30:00,P+R Nowy Bieżanów,,88,Hist. avg + linear interpol.
2026-05-04 19:00:00,P+R Nowy Bieżanów,,89,Hist. avg + linear interpol.
2026-05-04 19:30:00,P+R Nowy Bieżanów,89.0,89,
2026-05-04 20:00:00,P+R Nowy Bieżanów,91.0,91,
2026-05-04 20:30:00,P+R Nowy Bieżanów,91.0,91,
2026-05-04 21:00:00,P+R Nowy Bieżanów,93.0,93,
2026-05-04 21:30:00,P+R Nowy Bieżanów,93.0,93,
2026-05-04 22:00:00,P+R Nowy Bieżanów,94.0,94,
2026-05-04 22:30:00,P+R Nowy Bieżanów,94.0,94,
2026-05-04 23:00:00,P+R Nowy Bieżanów,95.0,95,
2026-05-04 23:30:00,P+R Nowy Bieżanów,96.0,96,
2026-05-05 00:00:00,P+R Nowy Bieżanów,97.0,97,
2026-05-05 00:30:00,P+R Nowy Bieżanów,97.0,97,
2026-05-05 01:00:00,P+R Nowy Bieżanów,97.0,97,
2026-05-05 01:30:00,P+R Nowy Bieżanów,97.0,97,
2026-05-05 02:00:00,P+R Nowy Bieżanów,97.0,97,
2026-05-05 02:30:00,P+R Nowy Bieżanów,97.0,97,
2026-05-05 03:00:00,P+R Nowy Bieżanów,100.0,100,
2026-05-05 03:30:00,P+R Nowy Bieżanów,100.0,100,
2026-05-05 04:00:00,P+R Nowy Bieżanów,100.0,100,
2026-05-05 04:30:00,P+R Nowy Bieżanów,100.0,100,
2026-05-05 05:00:00,P+R Nowy Bieżanów,99.0,99,
2026-05-05 05:30:00,P+R Nowy Bieżanów,93.0,93,
2026-05-05 06:00:00,P+R Nowy Bieżanów,81.0,81,
2026-05-05 06:30:00,P+R Nowy Bieżanów,59.0,59,
2026-05-05 07:00:00,P+R Nowy Bieżanów,20.0,20,
2026-05-05 07:30:00,P+R Nowy Bieżanów,5.0,5,
2026-05-05 08:00:00,P+R Nowy Bieżanów,0.0,0,
2026-05-05 08:30:00,P+R Nowy Bieżanów,0.0,0,
2026-05-05 09:00:00,P+R Nowy Bieżanów,0.0,0,
2026-05-05 09:30:00,P+R Nowy Bieżanów,0.0,0,
2026-05-05 10:00:00,P+R Nowy Bieżanów,0.0,0,
2026-05-05 10:30:00,P+R Nowy Bieżanów,,0,forward_fill
2026-05-05 11:00:00,P+R Nowy Bieżanów,0.0,0,
2026-05-05 11:30:00,P+R Nowy Bieżanów,0.0,0,
2026-05-05 12:00:00,P+R Nowy Bieżanów,1.0,1,
2026-05-05 12:30:00,P+R Nowy Bieżanów,1.0,1,
2026-05-05 13:00:00,P+R Nowy Bieżanów,5.0,5,
2026-05-05 13:30:00,P+R Nowy Bieżanów,7.0,7,
2026-05-05 14:00:00,P+R Nowy Bieżanów,6.0,6,
2026-05-05 14:30:00,P+R Nowy Bieżanów,7.0,7,
2026-05-05 15:00:00,P+R Nowy Bieżanów,8.0,8,
2026-05-05 15:30:00,P+R Nowy Bieżanów,19.0,19,
2026-05-05 16:00:00,P+R Nowy Bieżanów,48.0,48,
2026-05-05 16:30:00,P+R Nowy Bieżanów,65.0,65,
2026-05-05 17:00:00,P+R Nowy Bieżanów,73.0,73,
2026-05-05 17:30:00,P+R Nowy Bieżanów,74.0,74,
2026-05-05 18:00:00,P+R Nowy Bieżanów,78.0,78,
2026-05-05 18:30:00,P+R Nowy Bieżanów,79.0,79,
2026-05-05 19:00:00,P+R Nowy Bieżanów,83.0,83,
2026-05-05 19:30:00,P+R Nowy Bieżanów,83.0,83,
2026-05-05 20:00:00,P+R Nowy Bieżanów,85.0,85,
2026-05-05 20:30:00,P+R Nowy Bieżanów,87.0,87,
2026-05-05 21:00:00,P+R Nowy Bieżanów,92.0,92,
2026-05-05 21:30:00,P+R Nowy Bieżanów,95.0,95,
2026-05-05 22:00:00,P+R Nowy Bieżanów,95.0,95,
2026-05-05 22:30:00,P+R Nowy Bieżanów,97.0,97,
2026-05-05 23:00:00,P+R Nowy Bieżanów,98.0,98,
2026-05-05 23:30:00,P+R Nowy Bieżanów,98.0,98,
2026-05-06 00:00:00,P+R Nowy Bieżanów,98.0,98,
2026-05-06 00:30:00,P+R Nowy Bieżanów,98.0,98,
2026-05-06 01:00:00,P+R Nowy Bieżanów,98.0,98,
2026-05-06 01:30:00,P+R Nowy Bieżanów,98.0,98,
2026-05-06 02:00:00,P+R Nowy Bieżanów,98.0,98,
2026-05-06 02:30:00,P+R Nowy Bieżanów,98.0,98,
2026-05-06 03:00:00,P+R Nowy Bieżanów,98.0,98,
2026-05-06 03:30:00,P+R Nowy Bieżanów,98.0,98,
2026-05-06 04:00:00,P+R Nowy Bieżanów,,98,forward_fill
2026-05-06 04:30:00,P+R Nowy Bieżanów,100.0,100,
2026-05-06 05:00:00,P+R Nowy Bieżanów,99.0,99,
2026-05-06 05:30:00,P+R Nowy Bieżanów,92.0,92,
2026-05-06 06:00:00,P+R Nowy Bieżanów,78.0,78,
2026-05-06 06:30:00,P+R Nowy Bieżanów,56.0,56,
2026-05-06 07:00:00,P+R Nowy Bieżanów,22.0,22,
2026-05-06 07:30:00,P+R Nowy Bieżanów,4.0,4,
2026-05-06 08:00:00,P+R Nowy Bieżanów,0.0,0,
2026-05-06 08:30:00,P+R Nowy Bieżanów,0.0,0,
2026-05-06 09:00:00,P+R Nowy Bieżanów,0.0,0,
2026-05-06 09:30:00,P+R Nowy Bieżanów,2.0,2,
2026-05-06 10:00:00,P+R Nowy Bieżanów,0.0,0,
2026-05-06 10:30:00,P+R Nowy Bieżanów,2.0,2,
2026-05-06 11:00:00,P+R Nowy Bieżanów,1.0,1,
2026-05-06 11:30:00,P+R Nowy Bieżanów,3.0,3,
2026-05-06 12:00:00,P+R Nowy Bieżanów,4.0,4,
2026-05-06 12:30:00,P+R Nowy Bieżanów,5.0,5,
2026-05-06 13:00:00,P+R Nowy Bieżanów,4.0,4,
2026-05-06 13:30:00,P+R Nowy Bieżanów,7.0,7,
2026-05-06 14:00:00,P+R Nowy Bieżanów,7.0,7,
2026-05-06 14:30:00,P+R Nowy Bieżanów,8.0,8,
2026-05-06 15:00:00,P+R Nowy Bieżanów,17.0,17,
2026-05-06 15:30:00,P+R Nowy Bieżanów,26.0,26,
2026-05-06 16:00:00,P+R Nowy Bieżanów,36.0,36,
2026-05-06 16:30:00,P+R Nowy Bieżanów,60.0,60,
2026-05-06 17:00:00,P+R Nowy Bieżanów,70.0,70,
2026-05-06 17:30:00,P+R Nowy Bieżanów,76.0,76,
2026-05-06 18:00:00,P+R Nowy Bieżanów,82.0,82,
2026-05-06 18:30:00,P+R Nowy Bieżanów,87.0,87,
2026-05-06 19:00:00,P+R Nowy Bieżanów,89.0,89,
2026-05-06 19:30:00,P+R Nowy Bieżanów,89.0,89,
2026-05-06 20:00:00,P+R Nowy Bieżanów,92.0,92,
2026-05-06 20:30:00,P+R Nowy Bieżanów,93.0,93,
2026-05-06 21:00:00,P+R Nowy Bieżanów,96.0,96,
2026-05-06 21:30:00,P+R Nowy Bieżanów,97.0,97,
2026-05-06 22:00:00,P+R Nowy Bieżanów,98.0,98,
2026-05-06 22:30:00,P+R Nowy Bieżanów,98.0,98,
2026-05-06 23:00:00,P+R Nowy Bieżanów,98.0,98,
2026-05-06 23:30:00,P+R Nowy Bieżanów,98.0,98,
2026-05-07 00:00:00,P+R Nowy Bieżanów,99.0,99,
2026-05-07 00:30:00,P+R Nowy Bieżanów,99.0,99,
2026-05-07 01:00:00,P+R Nowy Bieżanów,100.0,100,
2026-05-07 01:30:00,P+R Nowy Bieżanów,100.0,100,
2026-05-07 02:00:00,P+R Nowy Bieżanów,100.0,100,
2026-05-07 02:30:00,P+R Nowy Bieżanów,100.0,100,
2026-05-07 03:00:00,P+R Nowy Bieżanów,100.0,100,
2026-05-07 03:30:00,P+R Nowy Bieżanów,100.0,100,
2026-05-07 04:00:00,P+R Nowy Bieżanów,100.0,100,
2026-05-07 04:30:00,P+R Nowy Bieżanów,100.0,100,
2026-05-07 05:00:00,P+R Nowy Bieżanów,98.0,98,
2026-05-07 05:30:00,P+R Nowy Bieżanów,92.0,92,
2026-05-07 06:00:00,P+R Nowy Bieżanów,80.0,80,
2026-05-07 06:30:00,P+R Nowy Bieżanów,59.0,59,
2026-05-07 07:00:00,P+R Nowy Bieżanów,22.0,22,
2026-05-07 07:30:00,P+R Nowy Bieżanów,2.0,2,
2026-05-07 08:00:00,P+R Nowy Bieżanów,0.0,0,
2026-05-07 08:30:00,P+R Nowy Bieżanów,0.0,0,
2026-05-07 09:00:00,P+R Nowy Bieżanów,0.0,0,
2026-05-07 09:30:00,P+R Nowy Bieżanów,2.0,2,
2026-05-07 10:00:00,P+R Nowy Bieżanów,1.0,1,
2026-05-07 10:30:00,P+R Nowy Bieżanów,1.0,1,
2026-05-07 11:00:00,P+R Nowy Bieżanów,2.0,2,
2026-05-07 11:30:00,P+R Nowy Bieżanów,0.0,0,
2026-05-07 12:00:00,P+R Nowy Bieżanów,0.0,0,
2026-05-07 12:30:00,P+R Nowy Bieżanów,0.0,0,
2026-05-07 13:00:00,P+R Nowy Bieżanów,1.0,1,
2026-05-07 13:30:00,P+R Nowy Bieżanów,4.0,4,
2026-05-07 14:00:00,P+R Nowy Bieżanów,3.0,3,
2026-05-07 14:30:00,P+R Nowy Bieżanów,4.0,4,
2026-05-07 15:00:00,P+R Nowy Bieżanów,17.0,17,
2026-05-07 15:30:00,P+R Nowy Bieżanów,28.0,28,
2026-05-07 16:00:00,P+R Nowy Bieżanów,42.0,42,
2026-05-07 16:30:00,P+R Nowy Bieżanów,65.0,65,
2026-05-07 17:00:00,P+R Nowy Bieżanów,74.0,74,
2026-05-07 17:30:00,P+R Nowy Bieżanów,78.0,78,
2026-05-07 18:00:00,P+R Nowy Bieżanów,84.0,84,
2026-05-07 18:30:00,P+R Nowy Bieżanów,84.0,84,
2026-05-07 19:00:00,P+R Nowy Bieżanów,87.0,87,
2026-05-07 19:30:00,P+R Nowy Bieżanów,88.0,88,
2026-05-07 20:00:00,P+R Nowy Bieżanów,93.0,93,
2026-05-07 20:30:00,P+R Nowy Bieżanów,95.0,95,
2026-05-07 21:00:00,P+R Nowy Bieżanów,96.0,96,
2026-05-07 21:30:00,P+R Nowy Bieżanów,96.0,96,
2026-05-07 22:00:00,P+R Nowy Bieżanów,98.0,98,
2026-05-07 22:30:00,P+R Nowy Bieżanów,98.0,98,
2026-05-07 23:00:00,P+R Nowy Bieżanów,98.0,98,
2026-05-07 23:30:00,P+R Nowy Bieżanów,98.0,98,
2026-05-08 00:00:00,P+R Nowy Bieżanów,100.0,100,
2026-05-08 00:30:00,P+R Nowy Bieżanów,100.0,100,
2026-05-08 01:00:00,P+R Nowy Bieżanów,100.0,100,
2026-05-08 01:30:00,P+R Nowy Bieżanów,100.0,100,
2026-05-08 02:00:00,P+R Nowy Bieżanów,100.0,100,
2026-05-08 02:30:00,P+R Nowy Bieżanów,100.0,100,
2026-05-08 03:00:00,P+R Nowy Bieżanów,100.0,100,
2026-05-08 03:30:00,P+R Nowy Bieżanów,100.0,100,
2026-05-08 04:00:00,P+R Nowy Bieżanów,100.0,100,
2026-05-08 04:30:00,P+R Nowy Bieżanów,100.0,100,
2026-05-08 05:00:00,P+R Nowy Bieżanów,99.0,99,
2026-05-08 05:30:00,P+R Nowy Bieżanów,92.0,92,
2026-05-08 06:00:00,P+R Nowy Bieżanów,80.0,80,
2026-05-08 06:30:00,P+R Nowy Bieżanów,65.0,65,
2026-05-08 07:00:00,P+R Nowy Bieżanów,28.0,28,
2026-05-08 07:30:00,P+R Nowy Bieżanów,9.0,9,
2026-05-08 08:00:00,P+R Nowy Bieżanów,3.0,3,
2026-05-08 08:30:00,P+R Nowy Bieżanów,2.0,2,
2026-05-08 09:00:00,P+R Nowy Bieżanów,0.0,0,
2026-05-08 09:30:00,P+R Nowy Bieżanów,0.0,0,
2026-05-08 10:00:00,P+R Nowy Bieżanów,2.0,2,
2026-05-08 10:30:00,P+R Nowy Bieżanów,1.0,1,
2026-05-08 11:00:00,P+R Nowy Bieżanów,0.0,0,
2026-05-08 11:30:00,P+R Nowy Bieżanów,1.0,1,
2026-05-08 12:00:00,P+R Nowy Bieżanów,3.0,3,
2026-05-08 12:30:00,P+R Nowy Bieżanów,3.0,3,
2026-05-08 13:00:00,P+R Nowy Bieżanów,4.0,4,
2026-05-08 13:30:00,P+R Nowy Bieżanów,5.0,5,
2026-05-08 14:00:00,P+R Nowy Bieżanów,10.0,10,
2026-05-08 14:30:00,P+R Nowy Bieżanów,14.0,14,
2026-05-08 15:00:00,P+R Nowy Bieżanów,23.0,23,
2026-05-08 15:30:00,P+R Nowy Bieżanów,25.0,25,
2026-05-08 16:00:00,P+R Nowy Bieżanów,49.0,49,
2026-05-08 16:30:00,P+R Nowy Bieżanów,63.0,63,
2026-05-08 17:00:00,P+R Nowy Bieżanów,69.0,69,
2026-05-08 17:30:00,P+R Nowy Bieżanów,71.0,71,
2026-05-08 18:00:00,P+R Nowy Bieżanów,75.0,75,
2026-05-08 18:30:00,P+R Nowy Bieżanów,75.0,75,
2026-05-08 19:00:00,P+R Nowy Bieżanów,76.0,76,
2026-05-08 19:30:00,P+R Nowy Bieżanów,79.0,79,
2026-05-08 20:00:00,P+R Nowy Bieżanów,83.0,83,
2026-05-08 20:30:00,P+R Nowy Bieżanów,84.0,84,
2026-05-08 21:00:00,P+R Nowy Bieżanów,88.0,88,
2026-05-08 21:30:00,P+R Nowy Bieżanów,92.0,92,
2026-05-08 22:00:00,P+R Nowy Bieżanów,93.0,93,
2026-05-08 22:30:00,P+R Nowy Bieżanów,93.0,93,
2026-05-08 23:00:00,P+R Nowy Bieżanów,96.0,96,
2026-05-08 23:30:00,P+R Nowy Bieżanów,96.0,96,
2026-05-09 00:00:00,P+R Nowy Bieżanów,96.0,96,
2026-05-09 00:30:00,P+R Nowy Bieżanów,97.0,97,
2026-05-09 01:00:00,P+R Nowy Bieżanów,98.0,98,
2026-05-09 01:30:00,P+R Nowy Bieżanów,98.0,98,
2026-05-09 02:00:00,P+R Nowy Bieżanów,99.0,99,
2026-05-09 02:30:00,P+R Nowy Bieżanów,99.0,99,
2026-05-09 03:00:00,P+R Nowy Bieżanów,100.0,100,
2026-05-09 03:30:00,P+R Nowy Bieżanów,100.0,100,
2026-05-09 04:00:00,P+R Nowy Bieżanów,100.0,100,
2026-05-09 04:30:00,P+R Nowy Bieżanów,99.0,99,
2026-05-09 05:00:00,P+R Nowy Bieżanów,99.0,99,
2026-05-09 05:30:00,P+R Nowy Bieżanów,99.0,99,
2026-05-09 06:00:00,P+R Nowy Bieżanów,98.0,98,
2026-05-09 06:30:00,P+R Nowy Bieżanów,96.0,96,
2026-05-09 07:00:00,P+R Nowy Bieżanów,94.0,94,
2026-05-09 07:30:00,P+R Nowy Bieżanów,91.0,91,
2026-05-09 08:00:00,P+R Nowy Bieżanów,88.0,88,
2026-05-09 08:30:00,P+R Nowy Bieżanów,87.0,87,
2026-05-09 09:00:00,P+R Nowy Bieżanów,85.0,85,
2026-05-09 09:30:00,P+R Nowy Bieżanów,82.0,82,
2026-05-09 10:00:00,P+R Nowy Bieżanów,79.0,79,
2026-05-09 10:30:00,P+R Nowy Bieżanów,74.0,74,
2026-05-09 11:00:00,P+R Nowy Bieżanów,72.0,72,
2026-05-09 11:30:00,P+R Nowy Bieżanów,69.0,69,
2026-05-09 12:00:00,P+R Nowy Bieżanów,70.0,70,
2026-05-09 12:30:00,P+R Nowy Bieżanów,69.0,69,
2026-05-09 13:00:00,P+R Nowy Bieżanów,70.0,70,
2026-05-09 13:30:00,P+R Nowy Bieżanów,73.0,73,
2026-05-09 14:00:00,P+R Nowy Bieżanów,73.0,73,
2026-05-09 14:30:00,P+R Nowy Bieżanów,73.0,73,
2026-05-09 15:00:00,P+R Nowy Bieżanów,73.0,73,
2026-05-09 15:30:00,P+R Nowy Bieżanów,76.0,76,
2026-05-09 16:00:00,P+R Nowy Bieżanów,78.0,78,
2026-05-09 16:30:00,P+R Nowy Bieżanów,79.0,79,
2026-05-09 17:00:00,P+R Nowy Bieżanów,82.0,82,
2026-05-09 17:30:00,P+R Nowy Bieżanów,84.0,84,
2026-05-09 18:00:00,P+R Nowy Bieżanów,85.0,85,
2026-05-09 18:30:00,P+R Nowy Bieżanów,85.0,85,
2026-05-09 19:00:00,P+R Nowy Bieżanów,88.0,88,
2026-05-09 19:30:00,P+R Nowy Bieżanów,89.0,89,
2026-05-09 20:00:00,P+R Nowy Bieżanów,90.0,90,
2026-05-09 20:30:00,P+R Nowy Bieżanów,90.0,90,
2026-05-09 21:00:00,P+R Nowy Bieżanów,92.0,92,
2026-05-09 21:30:00,P+R Nowy Bieżanów,92.0,92,
2026-05-09 22:00:00,P+R Nowy Bieżanów,96.0,96,
2026-05-09 22:30:00,P+R Nowy Bieżanów,98.0,98,
2026-05-09 23:00:00,P+R Nowy Bieżanów,100.0,100,
2026-05-09 23:30:00,P+R Nowy Bieżanów,100.0,100,
2026-05-10 00:00:00,P+R Nowy Bieżanów,100.0,100,
2026-05-10 00:30:00,P+R Nowy Bieżanów,100.0,100,
2026-05-10 01:00:00,P+R Nowy Bieżanów,100.0,100,
2026-05-10 01:30:00,P+R Nowy Bieżanów,100.0,100,
2026-05-10 02:00:00,P+R Nowy Bieżanów,100.0,100,
2026-05-10 02:30:00,P+R Nowy Bieżanów,100.0,100,
2026-05-10 03:00:00,P+R Nowy Bieżanów,100.0,100,
2026-05-10 03:30:00,P+R Nowy Bieżanów,100.0,100,
2026-05-10 04:00:00,P+R Nowy Bieżanów,100.0,100,
2026-05-10 04:30:00,P+R Nowy Bieżanów,100.0,100,
2026-05-10 05:00:00,P+R Nowy Bieżanów,100.0,100,
2026-05-10 05:30:00,P+R Nowy Bieżanów,,100,forward_fill
2026-05-10 06:00:00,P+R Nowy Bieżanów,100.0,100,
2026-05-10 06:30:00,P+R Nowy Bieżanów,100.0,100,
2026-05-10 07:00:00,P+R Nowy Bieżanów,99.0,99,
2026-05-10 07:30:00,P+R Nowy Bieżanów,98.0,98,
2026-05-10 08:00:00,P+R Nowy Bieżanów,95.0,95,
2026-05-10 08:30:00,P+R Nowy Bieżanów,95.0,95,
2026-05-10 09:00:00,P+R Nowy Bieżanów,92.0,92,
2026-05-10 09:30:00,P+R Nowy Bieżanów,90.0,90,
2026-05-10 10:00:00,P+R Nowy Bieżanów,89.0,89,
2026-05-10 10:30:00,P+R Nowy Bieżanów,89.0,89,
2026-05-10 11:00:00,P+R Nowy Bieżanów,88.0,88,
2026-05-10 11:30:00,P+R Nowy Bieżanów,87.0,87,
2026-05-10 12:00:00,P+R Nowy Bieżanów,87.0,87,
2026-05-10 12:30:00,P+R Nowy Bieżanów,87.0,87,
2026-05-10 13:00:00,P+R Nowy Bieżanów,86.0,86,
2026-05-10 13:30:00,P+R Nowy Bieżanów,88.0,88,
2026-05-10 14:00:00,P+R Nowy Bieżanów,87.0,87,
2026-05-10 14:30:00,P+R Nowy Bieżanów,88.0,88,
2026-05-10 15:00:00,P+R Nowy Bieżanów,87.0,87,
2026-05-10 15:30:00,P+R Nowy Bieżanów,90.0,90,
2026-05-10 16:00:00,P+R Nowy Bieżanów,88.0,88,
2026-05-10 16:30:00,P+R Nowy Bieżanów,87.0,87,
2026-05-10 17:00:00,P+R Nowy Bieżanów,87.0,87,
2026-05-10 17:30:00,P+R Nowy Bieżanów,88.0,88,
2026-05-10 18:00:00,P+R Nowy Bieżanów,88.0,88,
2026-05-10 18:30:00,P+R Nowy Bieżanów,88.0,88,
2026-05-10 19:00:00,P+R Nowy Bieżanów,94.0,94,
2026-05-10 19:30:00,P+R Nowy Bieżanów,95.0,95,
2026-05-10 20:00:00,P+R Nowy Bieżanów,98.0,98,
2026-05-10 20:30:00,P+R Nowy Bieżanów,98.0,98,
2026-05-10 21:00:00,P+R Nowy Bieżanów,98.0,98,
2026-05-10 21:30:00,P+R Nowy Bieżanów,98.0,98,
2026-05-10 22:00:00,P+R Nowy Bieżanów,99.0,99,
2026-05-10 22:30:00,P+R Nowy Bieżanów,99.0,99,
2026-05-10 23:00:00,P+R Nowy Bieżanów,100.0,100,
2026-05-10 23:30:00,P+R Nowy Bieżanów,100.0,100,
2026-05-11 00:00:00,P+R Nowy Bieżanów,100.0,100,
2026-05-11 00:30:00,P+R Nowy Bieżanów,100.0,100,
2026-05-11 01:00:00,P+R Nowy Bieżanów,100.0,100,
2026-05-11 01:30:00,P+R Nowy Bieżanów,100.0,100,
2026-05-11 02:00:00,P+R Nowy Bieżanów,100.0,100,
2026-05-11 02:30:00,P+R Nowy Bieżanów,100.0,100,
2026-05-11 03:00:00,P+R Nowy Bieżanów,100.0,100,
2026-05-11 03:30:00,P+R Nowy Bieżanów,100.0,100,
2026-05-11 04:00:00,P+R Nowy Bieżanów,100.0,100,
2026-05-11 04:30:00,P+R Nowy Bieżanów,100.0,100,
2026-05-11 05:00:00,P+R Nowy Bieżanów,97.0,97,
2026-05-11 05:30:00,P+R Nowy Bieżanów,92.0,92,
2026-05-11 06:00:00,P+R Nowy Bieżanów,79.0,79,
2026-05-11 06:30:00,P+R Nowy Bieżanów,65.0,65,
2026-05-11 07:00:00,P+R Nowy Bieżanów,35.0,35,
2026-05-11 07:30:00,P+R Nowy Bieżanów,13.0,13,
2026-05-11 08:00:00,P+R Nowy Bieżanów,3.0,3,
2026-05-11 08:30:00,P+R Nowy Bieżanów,0.0,0,
2026-05-11 09:00:00,P+R Nowy Bieżanów,0.0,0,
2026-05-11 09:30:00,P+R Nowy Bieżanów,0.0,0,
2026-05-11 10:00:00,P+R Nowy Bieżanów,0.0,0,
2026-05-11 10:30:00,P+R Nowy Bieżanów,0.0,0,
2026-05-11 11:00:00,P+R Nowy Bieżanów,0.0,0,
2026-05-11 11:30:00,P+R Nowy Bieżanów,0.0,0,
2026-05-11 12:00:00,P+R Nowy Bieżanów,0.0,0,
2026-05-11 12:30:00,P+R Nowy Bieżanów,0.0,0,
2026-05-11 13:00:00,P+R Nowy Bieżanów,4.0,4,
2026-05-11 13:30:00,P+R Nowy Bieżanów,3.0,3,
2026-05-11 14:00:00,P+R Nowy Bieżanów,3.0,3,
2026-05-11 14:30:00,P+R Nowy Bieżanów,7.0,7,
2026-05-11 15:00:00,P+R Nowy Bieżanów,15.0,15,
2026-05-11 15:30:00,P+R Nowy Bieżanów,21.0,21,
2026-05-11 16:00:00,P+R Nowy Bieżanów,44.0,44,
2026-05-11 16:30:00,P+R Nowy Bieżanów,58.0,58,
2026-05-11 17:00:00,P+R Nowy Bieżanów,69.0,69,
2026-05-11 17:30:00,P+R Nowy Bieżanów,73.0,73,
2026-05-11 18:00:00,P+R Nowy Bieżanów,77.0,77,
2026-05-11 18:30:00,P+R Nowy Bieżanów,79.0,79,
2026-05-11 19:00:00,P+R Nowy Bieżanów,83.0,83,
2026-05-11 19:30:00,P+R Nowy Bieżanów,86.0,86,
2026-05-11 20:00:00,P+R Nowy Bieżanów,89.0,89,
2026-05-11 20:30:00,P+R Nowy Bieżanów,92.0,92,
2026-05-11 21:00:00,P+R Nowy Bieżanów,94.0,94,
2026-05-11 21:30:00,P+R Nowy Bieżanów,94.0,94,
2026-05-11 22:00:00,P+R Nowy Bieżanów,99.0,99,
2026-05-11 22:30:00,P+R Nowy Bieżanów,99.0,99,
2026-05-11 23:00:00,P+R Nowy Bieżanów,100.0,100,
2026-05-11 23:30:00,P+R Nowy Bieżanów,100.0,100,
2026-05-12 00:00:00,P+R Nowy Bieżanów,100.0,100,
2026-05-12 00:30:00,P+R Nowy Bieżanów,100.0,100,
2026-05-12 01:00:00,P+R Nowy Bieżanów,100.0,100,
2026-05-12 01:30:00,P+R Nowy Bieżanów,100.0,100,
2026-05-12 02:00:00,P+R Nowy Bieżanów,100.0,100,
2026-05-12 02:30:00,P+R Nowy Bieżanów,100.0,100,
2026-05-12 03:00:00,P+R Nowy Bieżanów,100.0,100,
2026-05-12 03:30:00,P+R Nowy Bieżanów,100.0,100,
2026-05-12 04:00:00,P+R Nowy Bieżanów,100.0,100,
2026-05-12 04:30:00,P+R Nowy Bieżanów,100.0,100,
2026-05-12 05:00:00,P+R Nowy Bieżanów,,100,forward_fill
2026-05-12 05:30:00,P+R Nowy Bieżanów,91.0,91,
2026-05-12 06:00:00,P+R Nowy Bieżanów,79.0,79,
2026-05-12 06:30:00,P+R Nowy Bieżanów,56.0,56,
2026-05-12 07:00:00,P+R Nowy Bieżanów,18.0,18,
2026-05-12 07:30:00,P+R Nowy Bieżanów,1.0,1,
2026-05-12 08:00:00,P+R Nowy Bieżanów,0.0,0,
2026-05-12 08:30:00,P+R Nowy Bieżanów,0.0,0,
2026-05-12 09:00:00,P+R Nowy Bieżanów,0.0,0,
2026-05-12 09:30:00,P+R Nowy Bieżanów,0.0,0,
2026-05-12 10:00:00,P+R Nowy Bieżanów,0.0,0,
2026-05-12 10:30:00,P+R Nowy Bieżanów,0.0,0,
2026-05-12 11:00:00,P+R Nowy Bieżanów,0.0,0,
2026-05-12 11:30:00,P+R Nowy Bieżanów,1.0,1,
2026-05-12 12:00:00,P+R Nowy Bieżanów,1.0,1,
2026-05-12 12:30:00,P+R Nowy Bieżanów,1.0,1,
2026-05-12 13:00:00,P+R Nowy Bieżanów,2.0,2,
2026-05-12 13:30:00,P+R Nowy Bieżanów,4.0,4,
2026-05-12 14:00:00,P+R Nowy Bieżanów,10.0,10,
2026-05-12 14:30:00,P+R Nowy Bieżanów,10.0,10,
2026-05-12 15:00:00,P+R Nowy Bieżanów,19.0,19,
2026-05-12 15:30:00,P+R Nowy Bieżanów,29.0,29,
2026-05-12 16:00:00,P+R Nowy Bieżanów,52.0,52,
2026-05-12 16:30:00,P+R Nowy Bieżanów,63.0,63,
2026-05-12 17:00:00,P+R Nowy Bieżanów,72.0,72,
2026-05-12 17:30:00,P+R Nowy Bieżanów,79.0,79,
2026-05-12 18:00:00,P+R Nowy Bieżanów,82.0,82,
2026-05-12 18:30:00,P+R Nowy Bieżanów,,82,forward_fill
2026-05-12 19:00:00,P+R Nowy Bieżanów,86.0,86,
2026-05-12 19:30:00,P+R Nowy Bieżanów,88.0,88,
2026-05-12 20:00:00,P+R Nowy Bieżanów,93.0,93,
2026-05-12 20:30:00,P+R Nowy Bieżanów,94.0,94,
2026-05-12 21:00:00,P+R Nowy Bieżanów,96.0,96,
2026-05-12 21:30:00,P+R Nowy Bieżanów,97.0,97,
2026-05-12 22:00:00,P+R Nowy Bieżanów,98.0,98,
2026-05-12 22:30:00,P+R Nowy Bieżanów,98.0,98,
2026-05-12 23:00:00,P+R Nowy Bieżanów,98.0,98,
2026-05-12 23:30:00,P+R Nowy Bieżanów,99.0,99,
2026-05-13 00:00:00,P+R Nowy Bieżanów,99.0,99,
2026-05-13 00:30:00,P+R Nowy Bieżanów,99.0,99,
2026-05-13 01:00:00,P+R Nowy Bieżanów,99.0,99,
2026-05-13 01:30:00,P+R Nowy Bieżanów,99.0,99,
2026-05-13 02:00:00,P+R Nowy Bieżanów,100.0,100,
2026-05-13 02:30:00,P+R Nowy Bieżanów,100.0,100,
2026-05-13 03:00:00,P+R Nowy Bieżanów,100.0,100,
2026-05-13 03:30:00,P+R Nowy Bieżanów,100.0,100,
2026-05-13 04:00:00,P+R Nowy Bieżanów,100.0,100,
2026-05-13 04:30:00,P+R Nowy Bieżanów,100.0,100,
2026-05-13 05:00:00,P+R Nowy Bieżanów,97.0,97,
2026-05-13 05:30:00,P+R Nowy Bieżanów,92.0,92,
2026-05-13 06:00:00,P+R Nowy Bieżanów,83.0,83,
2026-05-13 06:30:00,P+R Nowy Bieżanów,60.0,60,
2026-05-13 07:00:00,P+R Nowy Bieżanów,21.0,21,
2026-05-13 07:30:00,P+R Nowy Bieżanów,6.0,6,
2026-05-13 08:00:00,P+R Nowy Bieżanów,0.0,0,
2026-05-13 08:30:00,P+R Nowy Bieżanów,0.0,0,
2026-05-13 09:00:00,P+R Nowy Bieżanów,0.0,0,
2026-05-13 09:30:00,P+R Nowy Bieżanów,0.0,0,
2026-05-13 10:00:00,P+R Nowy Bieżanów,0.0,0,
2026-05-13 10:30:00,P+R Nowy Bieżanów,0.0,0,
2026-05-13 11:00:00,P+R Nowy Bieżanów,0.0,0,
2026-05-13 11:30:00,P+R Nowy Bieżanów,0.0,0,
2026-05-13 12:00:00,P+R Nowy Bieżanów,0.0,0,
2026-05-13 12:30:00,P+R Nowy Bieżanów,0.0,0,
2026-05-13 13:00:00,P+R Nowy Bieżanów,2.0,2,
2026-05-13 13:30:00,P+R Nowy Bieżanów,6.0,6,
2026-05-13 14:00:00,P+R Nowy Bieżanów,5.0,5,
2026-05-13 14:30:00,P+R Nowy Bieżanów,8.0,8,
2026-05-13 15:00:00,P+R Nowy Bieżanów,15.0,15,
2026-05-13 15:30:00,P+R Nowy Bieżanów,25.0,25,
2026-05-13 16:00:00,P+R Nowy Bieżanów,45.0,45,
2026-05-13 16:30:00,P+R Nowy Bieżanów,60.0,60,
2026-05-13 17:00:00,P+R Nowy Bieżanów,69.0,69,
2026-05-13 17:30:00,P+R Nowy Bieżanów,77.0,77,
2026-05-13 18:00:00,P+R Nowy Bieżanów,82.0,82,
2026-05-13 18:30:00,P+R Nowy Bieżanów,83.0,83,
2026-05-13 19:00:00,P+R Nowy Bieżanów,85.0,85,
2026-05-13 19:30:00,P+R Nowy Bieżanów,85.0,85,
2026-05-13 20:00:00,P+R Nowy Bieżanów,88.0,88,
2026-05-13 20:30:00,P+R Nowy Bieżanów,90.0,90,
2026-05-13 21:00:00,P+R Nowy Bieżanów,92.0,92,
2026-05-13 21:30:00,P+R Nowy Bieżanów,92.0,92,
2026-05-13 22:00:00,P+R Nowy Bieżanów,94.0,94,
2026-05-13 22:30:00,P+R Nowy Bieżanów,96.0,96,
2026-05-13 23:00:00,P+R Nowy Bieżanów,97.0,97,
2026-05-13 23:30:00,P+R Nowy Bieżanów,97.0,97,
2026-05-14 00:00:00,P+R Nowy Bieżanów,97.0,97,
2026-05-14 00:30:00,P+R Nowy Bieżanów,97.0,97,
2026-05-14 01:00:00,P+R Nowy Bieżanów,97.0,97,
2026-05-14 01:30:00,P+R Nowy Bieżanów,97.0,97,
2026-05-14 02:00:00,P+R Nowy Bieżanów,100.0,100,
2026-05-14 02:30:00,P+R Nowy Bieżanów,100.0,100,
2026-05-14 03:00:00,P+R Nowy Bieżanów,100.0,100,
2026-05-14 03:30:00,P+R Nowy Bieżanów,100.0,100,
2026-05-14 04:00:00,P+R Nowy Bieżanów,100.0,100,
2026-05-14 04:30:00,P+R Nowy Bieżanów,100.0,100,
2026-05-14 05:00:00,P+R Nowy Bieżanów,97.0,97,
2026-05-14 05:30:00,P+R Nowy Bieżanów,92.0,92,
2026-05-14 06:00:00,P+R Nowy Bieżanów,81.0,81,
2026-05-14 06:30:00,P+R Nowy Bieżanów,59.0,59,
2026-05-14 07:00:00,P+R Nowy Bieżanów,27.0,27,
2026-05-14 07:30:00,P+R Nowy Bieżanów,9.0,9,
2026-05-14 08:00:00,P+R Nowy Bieżanów,5.0,5,
2026-05-14 08:30:00,P+R Nowy Bieżanów,0.0,0,
2026-05-14 09:00:00,P+R Nowy Bieżanów,0.0,0,
2026-05-14 09:30:00,P+R Nowy Bieżanów,0.0,0,
2026-05-14 10:00:00,P+R Nowy Bieżanów,0.0,0,
2026-05-14 10:30:00,P+R Nowy Bieżanów,0.0,0,
2026-05-14 11:00:00,P+R Nowy Bieżanów,0.0,0,
2026-05-14 11:30:00,P+R Nowy Bieżanów,0.0,0,
2026-05-14 12:00:00,P+R Nowy Bieżanów,0.0,0,
2026-05-14 12:30:00,P+R Nowy Bieżanów,0.0,0,
2026-05-14 13:00:00,P+R Nowy Bieżanów,0.0,0,
2026-05-14 13:30:00,P+R Nowy Bieżanów,2.0,2,
2026-05-14 14:00:00,P+R Nowy Bieżanów,3.0,3,
2026-05-14 14:30:00,P+R Nowy Bieżanów,5.0,5,
2026-05-14 15:00:00,P+R Nowy Bieżanów,4.0,4,
2026-05-14 15:30:00,P+R Nowy Bieżanów,15.0,15,
2026-05-14 16:00:00,P+R Nowy Bieżanów,40.0,40,
2026-05-14 16:30:00,P+R Nowy Bieżanów,56.0,56,
2026-05-14 17:00:00,P+R Nowy Bieżanów,68.0,68,
2026-05-14 17:30:00,P+R Nowy Bieżanów,77.0,77,
2026-05-14 18:00:00,P+R Nowy Bieżanów,80.0,80,
2026-05-14 18:30:00,P+R Nowy Bieżanów,86.0,86,
2026-05-14 19:00:00,P+R Nowy Bieżanów,89.0,89,
2026-05-14 19:30:00,P+R Nowy Bieżanów,90.0,90,
2026-05-14 20:00:00,P+R Nowy Bieżanów,92.0,92,
2026-05-14 20:30:00,P+R Nowy Bieżanów,92.0,92,
2026-05-14 21:00:00,P+R Nowy Bieżanów,95.0,95,
2026-05-14 21:30:00,P+R Nowy Bieżanów,97.0,97,
2026-05-14 22:00:00,P+R Nowy Bieżanów,98.0,98,
2026-05-14 22:30:00,P+R Nowy Bieżanów,98.0,98,
2026-05-14 23:00:00,P+R Nowy Bieżanów,98.0,98,
2026-05-14 23:30:00,P+R Nowy Bieżanów,100.0,100,
2026-05-15 00:00:00,P+R Nowy Bieżanów,,100,forward_fill
2026-05-15 00:30:00,P+R Nowy Bieżanów,,100,forward_fill
2026-05-15 01:00:00,P+R Nowy Bieżanów,100.0,100,
2026-05-15 01:30:00,P+R Nowy Bieżanów,100.0,100,
2026-05-15 02:00:00,P+R Nowy Bieżanów,100.0,100,
2026-05-15 02:30:00,P+R Nowy Bieżanów,100.0,100,
2026-05-15 03:00:00,P+R Nowy Bieżanów,100.0,100,
2026-05-15 03:30:00,P+R Nowy Bieżanów,100.0,100,
2026-05-15 04:00:00,P+R Nowy Bieżanów,100.0,100,
2026-05-15 04:30:00,P+R Nowy Bieżanów,100.0,100,
2026-05-15 05:00:00,P+R Nowy Bieżanów,100.0,100,
2026-05-15 05:30:00,P+R Nowy Bieżanów,96.0,96,
2026-05-15 06:00:00,P+R Nowy Bieżanów,87.0,87,
2026-05-15 06:30:00,P+R Nowy Bieżanów,69.0,69,
2026-05-15 07:00:00,P+R Nowy Bieżanów,42.0,42,
2026-05-15 07:30:00,P+R Nowy Bieżanów,28.0,28,
2026-05-15 08:00:00,P+R Nowy Bieżanów,22.0,22,
2026-05-15 08:30:00,P+R Nowy Bieżanów,18.0,18,
2026-05-15 09:00:00,P+R Nowy Bieżanów,15.0,15,
2026-05-15 09:30:00,P+R Nowy Bieżanów,14.0,14,
2026-05-15 10:00:00,P+R Nowy Bieżanów,12.0,12,
2026-05-15 10:30:00,P+R Nowy Bieżanów,11.0,11,
2026-05-15 11:00:00,P+R Nowy Bieżanów,9.0,9,
2026-05-15 11:30:00,P+R Nowy Bieżanów,7.0,7,
2026-05-15 12:00:00,P+R Nowy Bieżanów,5.0,5,
2026-05-15 12:30:00,P+R Nowy Bieżanów,7.0,7,
2026-05-15 13:00:00,P+R Nowy Bieżanów,8.0,8,
2026-05-15 13:30:00,P+R Nowy Bieżanów,10.0,10,
2026-05-15 14:00:00,P+R Nowy Bieżanów,14.0,14,
2026-05-15 14:30:00,P+R Nowy Bieżanów,17.0,17,
2026-05-15 15:00:00,P+R Nowy Bieżanów,24.0,24,
2026-05-15 15:30:00,P+R Nowy Bieżanów,28.0,28,
2026-05-15 16:00:00,P+R Nowy Bieżanów,42.0,42,
2026-05-15 16:30:00,P+R Nowy Bieżanów,49.0,49,
2026-05-15 17:00:00,P+R Nowy Bieżanów,63.0,63,
2026-05-15 17:30:00,P+R Nowy Bieżanów,67.0,67,
2026-05-15 18:00:00,P+R Nowy Bieżanów,75.0,75,
2026-05-15 18:30:00,P+R Nowy Bieżanów,75.0,75,
2026-05-15 19:00:00,P+R Nowy Bieżanów,76.0,76,
2026-05-15 19:30:00,P+R Nowy Bieżanów,77.0,77,
2026-05-15 20:00:00,P+R Nowy Bieżanów,82.0,82,
2026-05-15 20:30:00,P+R Nowy Bieżanów,87.0,87,
2026-05-15 21:00:00,P+R Nowy Bieżanów,89.0,89,
2026-05-15 21:30:00,P+R Nowy Bieżanów,92.0,92,
2026-05-15 22:00:00,P+R Nowy Bieżanów,92.0,92,
2026-05-15 22:30:00,P+R Nowy Bieżanów,93.0,93,
2026-05-15 23:00:00,P+R Nowy Bieżanów,96.0,96,
2026-05-15 23:30:00,P+R Nowy Bieżanów,97.0,97,
2026-05-16 00:00:00,P+R Nowy Bieżanów,98.0,98,
2026-05-16 00:30:00,P+R Nowy Bieżanów,98.0,98,
2026-05-16 01:00:00,P+R Nowy Bieżanów,99.0,99,
2026-05-16 01:30:00,P+R Nowy Bieżanów,100.0,100,
2026-05-16 02:00:00,P+R Nowy Bieżanów,100.0,100,
2026-05-16 02:30:00,P+R Nowy Bieżanów,100.0,100,
2026-05-16 03:00:00,P+R Nowy Bieżanów,100.0,100,
2026-05-16 03:30:00,P+R Nowy Bieżanów,100.0,100,
2026-05-16 04:00:00,P+R Nowy Bieżanów,100.0,100,
2026-05-16 04:30:00,P+R Nowy Bieżanów,100.0,100,
2026-05-16 05:00:00,P+R Nowy Bieżanów,99.0,99,
2026-05-16 05:30:00,P+R Nowy Bieżanów,99.0,99,
2026-05-16 06:00:00,P+R Nowy Bieżanów,97.0,97,
2026-05-16 06:30:00,P+R Nowy Bieżanów,97.0,97,
2026-05-16 07:00:00,P+R Nowy Bieżanów,97.0,97,
2026-05-16 07:30:00,P+R Nowy Bieżanów,93.0,93,
2026-05-16 08:00:00,P+R Nowy Bieżanów,89.0,89,
2026-05-16 08:30:00,P+R Nowy Bieżanów,84.0,84,
2026-05-16 09:00:00,P+R Nowy Bieżanów,83.0,83,
2026-05-16 09:30:00,P+R Nowy Bieżanów,82.0,82,
2026-05-16 10:00:00,P+R Nowy Bieżanów,82.0,82,
2026-05-16 10:30:00,P+R Nowy Bieżanów,79.0,79,
2026-05-16 11:00:00,P+R Nowy Bieżanów,80.0,80,
2026-05-16 11:30:00,P+R Nowy Bieżanów,79.0,79,
2026-05-16 12:00:00,P+R Nowy Bieżanów,80.0,80,
2026-05-16 12:30:00,P+R Nowy Bieżanów,80.0,80,
2026-05-16 13:00:00,P+R Nowy Bieżanów,81.0,81,
2026-05-16 13:30:00,P+R Nowy Bieżanów,78.0,78,
2026-05-16 14:00:00,P+R Nowy Bieżanów,78.0,78,
2026-05-16 14:30:00,P+R Nowy Bieżanów,78.0,78,
2026-05-16 15:00:00,P+R Nowy Bieżanów,80.0,80,
2026-05-16 15:30:00,P+R Nowy Bieżanów,80.0,80,
2026-05-16 16:00:00,P+R Nowy Bieżanów,81.0,81,
2026-05-16 16:30:00,P+R Nowy Bieżanów,83.0,83,
2026-05-16 17:00:00,P+R Nowy Bieżanów,85.0,85,
2026-05-16 17:30:00,P+R Nowy Bieżanów,85.0,85,
2026-05-16 18:00:00,P+R Nowy Bieżanów,87.0,87,
2026-05-16 18:30:00,P+R Nowy Bieżanów,86.0,86,
2026-05-16 19:00:00,P+R Nowy Bieżanów,89.0,89,
2026-05-16 19:30:00,P+R Nowy Bieżanów,91.0,91,
2026-05-16 20:00:00,P+R Nowy Bieżanów,,91,forward_fill
2026-05-16 20:30:00,P+R Nowy Bieżanów,94.0,94,
2026-05-16 21:00:00,P+R Nowy Bieżanów,95.0,95,
2026-05-16 21:30:00,P+R Nowy Bieżanów,95.0,95,
2026-05-16 22:00:00,P+R Nowy Bieżanów,97.0,97,
2026-05-16 22:30:00,P+R Nowy Bieżanów,96.0,96,
2026-05-16 23:00:00,P+R Nowy Bieżanów,98.0,98,
2026-05-16 23:30:00,P+R Nowy Bieżanów,98.0,98,
2026-05-17 00:00:00,P+R Nowy Bieżanów,98.0,98,
2026-05-17 00:30:00,P+R Nowy Bieżanów,98.0,98,
2026-05-17 01:00:00,P+R Nowy Bieżanów,100.0,100,
2026-05-17 01:30:00,P+R Nowy Bieżanów,100.0,100,
2026-05-17 02:00:00,P+R Nowy Bieżanów,100.0,100,
2026-05-17 02:30:00,P+R Nowy Bieżanów,100.0,100,
2026-05-17 03:00:00,P+R Nowy Bieżanów,100.0,100,
2026-05-17 03:30:00,P+R Nowy Bieżanów,100.0,100,
2026-05-17 04:00:00,P+R Nowy Bieżanów,100.0,100,
2026-05-17 04:30:00,P+R Nowy Bieżanów,100.0,100,
2026-05-17 05:00:00,P+R Nowy Bieżanów,100.0,100,
2026-05-17 05:30:00,P+R Nowy Bieżanów,100.0,100,
2026-05-17 06:00:00,P+R Nowy Bieżanów,99.0,99,
2026-05-17 06:30:00,P+R Nowy Bieżanów,99.0,99,
2026-05-17 07:00:00,P+R Nowy Bieżanów,99.0,99,
2026-05-17 07:30:00,P+R Nowy Bieżanów,98.0,98,
2026-05-17 08:00:00,P+R Nowy Bieżanów,92.0,92,
2026-05-17 08:30:00,P+R Nowy Bieżanów,89.0,89,
2026-05-17 09:00:00,P+R Nowy Bieżanów,87.0,87,
2026-05-17 09:30:00,P+R Nowy Bieżanów,85.0,85,
2026-05-17 10:00:00,P+R Nowy Bieżanów,81.0,81,
2026-05-17 10:30:00,P+R Nowy Bieżanów,78.0,78,
2026-05-17 11:00:00,P+R Nowy Bieżanów,77.0,77,
2026-05-17 11:30:00,P+R Nowy Bieżanów,77.0,77,
2026-05-17 12:00:00,P+R Nowy Bieżanów,77.0,77,
2026-05-17 12:30:00,P+R Nowy Bieżanów,77.0,77,
2026-05-17 13:00:00,P+R Nowy Bieżanów,79.0,79,
2026-05-17 13:30:00,P+R Nowy Bieżanów,79.0,79,
2026-05-17 14:00:00,P+R Nowy Bieżanów,81.0,81,
2026-05-17 14:30:00,P+R Nowy Bieżanów,80.0,80,
2026-05-17 15:00:00,P+R Nowy Bieżanów,81.0,81,
2026-05-17 15:30:00,P+R Nowy Bieżanów,81.0,81,
2026-05-17 16:00:00,P+R Nowy Bieżanów,82.0,82,
2026-05-17 16:30:00,P+R Nowy Bieżanów,84.0,84,
2026-05-17 17:00:00,P+R Nowy Bieżanów,85.0,85,
2026-05-17 17:30:00,P+R Nowy Bieżanów,86.0,86,
2026-05-17 18:00:00,P+R Nowy Bieżanów,89.0,89,
2026-05-17 18:30:00,P+R Nowy Bieżanów,89.0,89,
2026-05-17 19:00:00,P+R Nowy Bieżanów,89.0,89,
2026-05-17 19:30:00,P+R Nowy Bieżanów,91.0,91,
2026-05-17 20:00:00,P+R Nowy Bieżanów,93.0,93,
2026-05-17 20:30:00,P+R Nowy Bieżanów,93.0,93,
2026-05-17 21:00:00,P+R Nowy Bieżanów,94.0,94,
2026-05-17 21:30:00,P+R Nowy Bieżanów,97.0,97,
2026-05-17 22:00:00,P+R Nowy Bieżanów,98.0,98,
2026-05-17 22:30:00,P+R Nowy Bieżanów,98.0,98,
2026-05-17 23:00:00,P+R Nowy Bieżanów,99.0,99,
2026-05-17 23:30:00,P+R Nowy Bieżanów,99.0,99,
2026-05-18 00:00:00,P+R Nowy Bieżanów,,99,forward_fill
2026-05-18 00:30:00,P+R Nowy Bieżanów,,99,forward_fill
2026-05-18 01:00:00,P+R Nowy Bieżanów,100.0,100,
2026-05-18 01:30:00,P+R Nowy Bieżanów,100.0,100,
2026-05-18 02:00:00,P+R Nowy Bieżanów,100.0,100,
2026-05-18 02:30:00,P+R Nowy Bieżanów,100.0,100,
2026-05-18 03:00:00,P+R Nowy Bieżanów,100.0,100,
2026-05-18 03:30:00,P+R Nowy Bieżanów,100.0,100,
2026-05-18 04:00:00,P+R Nowy Bieżanów,100.0,100,
2026-05-18 04:30:00,P+R Nowy Bieżanów,100.0,100,
2026-05-18 05:00:00,P+R Nowy Bieżanów,98.0,98,
2026-05-18 05:30:00,P+R Nowy Bieżanów,93.0,93,
2026-05-18 06:00:00,P+R Nowy Bieżanów,83.0,83,
2026-05-18 06:30:00,P+R Nowy Bieżanów,64.0,64,
2026-05-18 07:00:00,P+R Nowy Bieżanów,28.0,28,
2026-05-18 07:30:00,P+R Nowy Bieżanów,2.0,2,
2026-05-18 08:00:00,P+R Nowy Bieżanów,0.0,0,
2026-05-18 08:30:00,P+R Nowy Bieżanów,1.0,1,
2026-05-18 09:00:00,P+R Nowy Bieżanów,0.0,0,
2026-05-18 09:30:00,P+R Nowy Bieżanów,0.0,0,
2026-05-18 10:00:00,P+R Nowy Bieżanów,0.0,0,
2026-05-18 10:30:00,P+R Nowy Bieżanów,1.0,1,
2026-05-18 11:00:00,P+R Nowy Bieżanów,0.0,0,
2026-05-18 11:30:00,P+R Nowy Bieżanów,3.0,3,
2026-05-18 12:00:00,P+R Nowy Bieżanów,3.0,3,
2026-05-18 12:30:00,P+R Nowy Bieżanów,3.0,3,
2026-05-18 13:00:00,P+R Nowy Bieżanów,2.0,2,
2026-05-18 13:30:00,P+R Nowy Bieżanów,2.0,2,
2026-05-18 14:00:00,P+R Nowy Bieżanów,5.0,5,
2026-05-18 14:30:00,P+R Nowy Bieżanów,7.0,7,
2026-05-18 15:00:00,P+R Nowy Bieżanów,12.0,12,
2026-05-18 15:30:00,P+R Nowy Bieżanów,16.0,16,
2026-05-18 16:00:00,P+R Nowy Bieżanów,38.0,38,
2026-05-18 16:30:00,P+R Nowy Bieżanów,60.0,60,
2026-05-18 17:00:00,P+R Nowy Bieżanów,66.0,66,
2026-05-18 17:30:00,P+R Nowy Bieżanów,72.0,72,
2026-05-18 18:00:00,P+R Nowy Bieżanów,,72,forward_fill
2026-05-18 18:30:00,P+R Nowy Bieżanów,,72,forward_fill
2026-05-18 19:00:00,P+R Nowy Bieżanów,85.0,85,
2026-05-18 19:30:00,P+R Nowy Bieżanów,88.0,88,
2026-05-18 20:00:00,P+R Nowy Bieżanów,91.0,91,
2026-05-18 20:30:00,P+R Nowy Bieżanów,94.0,94,
2026-05-18 21:00:00,P+R Nowy Bieżanów,95.0,95,
2026-05-18 21:30:00,P+R Nowy Bieżanów,97.0,97,
2026-05-18 22:00:00,P+R Nowy Bieżanów,98.0,98,
2026-05-18 22:30:00,P+R Nowy Bieżanów,98.0,98,
2026-05-18 23:00:00,P+R Nowy Bieżanów,99.0,99,
2026-05-18 23:30:00,P+R Nowy Bieżanów,100.0,100,
2026-05-19 00:00:00,P+R Nowy Bieżanów,100.0,100,
2026-05-19 00:30:00,P+R Nowy Bieżanów,100.0,100,
2026-05-19 01:00:00,P+R Nowy Bieżanów,100.0,100,
2026-05-19 01:30:00,P+R Nowy Bieżanów,100.0,100,
2026-05-19 02:00:00,P+R Nowy Bieżanów,100.0,100,
2026-05-19 02:30:00,P+R Nowy Bieżanów,100.0,100,
2026-05-19 03:00:00,P+R Nowy Bieżanów,100.0,100,
2026-05-19 03:30:00,P+R Nowy Bieżanów,100.0,100,
2026-05-19 04:00:00,P+R Nowy Bieżanów,100.0,100,
2026-05-19 04:30:00,P+R Nowy Bieżanów,100.0,100,
2026-05-19 05:00:00,P+R Nowy Bieżanów,98.0,98,
2026-05-19 05:30:00,P+R Nowy Bieżanów,93.0,93,
2026-05-19 06:00:00,P+R Nowy Bieżanów,78.0,78,
2026-05-19 06:30:00,P+R Nowy Bieżanów,61.0,61,
2026-05-19 07:00:00,P+R Nowy Bieżanów,22.0,22,
2026-05-19 07:30:00,P+R Nowy Bieżanów,3.0,3,
2026-05-19 08:00:00,P+R Nowy Bieżanów,0.0,0,
2026-05-19 08:30:00,P+R Nowy Bieżanów,0.0,0,
2026-05-19 09:00:00,P+R Nowy Bieżanów,0.0,0,
2026-05-19 09:30:00,P+R Nowy Bieżanów,0.0,0,
2026-05-19 10:00:00,P+R Nowy Bieżanów,0.0,0,
2026-05-19 10:30:00,P+R Nowy Bieżanów,0.0,0,
2026-05-19 11:00:00,P+R Nowy Bieżanów,0.0,0,
2026-05-19 11:30:00,P+R Nowy Bieżanów,0.0,0,
2026-05-19 12:00:00,P+R Nowy Bieżanów,0.0,0,
2026-05-19 12:30:00,P+R Nowy Bieżanów,0.0,0,
2026-05-19 13:00:00,P+R Nowy Bieżanów,0.0,0,
2026-05-19 13:30:00,P+R Nowy Bieżanów,0.0,0,
2026-05-19 14:00:00,P+R Nowy Bieżanów,0.0,0,
2026-05-19 14:30:00,P+R Nowy Bieżanów,0.0,0,
2026-05-19 15:00:00,P+R Nowy Bieżanów,3.0,3,
2026-05-19 15:30:00,P+R Nowy Bieżanów,7.0,7,
2026-05-19 16:00:00,P+R Nowy Bieżanów,24.0,24,
2026-05-19 16:30:00,P+R Nowy Bieżanów,40.0,40,
2026-05-19 17:00:00,P+R Nowy Bieżanów,50.0,50,
2026-05-19 17:30:00,P+R Nowy Bieżanów,52.0,52,
2026-05-19 18:00:00,P+R Nowy Bieżanów,51.0,51,
2026-05-19 18:30:00,P+R Nowy Bieżanów,51.0,51,
2026-05-19 19:00:00,P+R Nowy Bieżanów,53.0,53,
2026-05-19 19:30:00,P+R Nowy Bieżanów,55.0,55,
2026-05-19 20:00:00,P+R Nowy Bieżanów,56.0,56,
2026-05-19 20:30:00,P+R Nowy Bieżanów,,56,forward_fill
2026-05-19 21:00:00,P+R Nowy Bieżanów,57.0,57,
2026-05-19 21:30:00,P+R Nowy Bieżanów,57.0,57,
2026-05-19 22:00:00,P+R Nowy Bieżanów,57.0,57,
2026-05-19 22:30:00,P+R Nowy Bieżanów,57.0,57,
2026-05-19 23:00:00,P+R Nowy Bieżanów,57.0,57,
2026-05-19 23:30:00,P+R Nowy Bieżanów,57.0,57,
2026-05-20 00:00:00,P+R Nowy Bieżanów,100.0,100,
2026-05-20 00:30:00,P+R Nowy Bieżanów,100.0,100,
2026-05-20 01:00:00,P+R Nowy Bieżanów,100.0,100,
2026-05-20 01:30:00,P+R Nowy Bieżanów,100.0,100,
2026-05-20 02:00:00,P+R Nowy Bieżanów,100.0,100,
2026-05-20 02:30:00,P+R Nowy Bieżanów,100.0,100,
2026-05-20 03:00:00,P+R Nowy Bieżanów,100.0,100,
2026-05-20 03:30:00,P+R Nowy Bieżanów,100.0,100,
2026-05-20 04:00:00,P+R Nowy Bieżanów,100.0,100,
2026-05-20 04:30:00,P+R Nowy Bieżanów,,100,forward_fill
2026-05-20 05:00:00,P+R Nowy Bieżanów,98.0,98,
2026-05-20 05:30:00,P+R Nowy Bieżanów,95.0,95,
2026-05-20 06:00:00,P+R Nowy Bieżanów,86.0,86,
2026-05-20 06:30:00,P+R Nowy Bieżanów,68.0,68,
2026-05-20 07:00:00,P+R Nowy Bieżanów,35.0,35,
2026-05-20 07:30:00,P+R Nowy Bieżanów,14.0,14,
2026-05-20 08:00:00,P+R Nowy Bieżanów,6.0,6,
2026-05-20 08:30:00,P+R Nowy Bieżanów,4.0,4,
2026-05-20 09:00:00,P+R Nowy Bieżanów,3.0,3,
2026-05-20 09:30:00,P+R Nowy Bieżanów,3.0,3,
2026-05-20 10:00:00,P+R Nowy Bieżanów,3.0,3,
2026-05-20 10:30:00,P+R Nowy Bieżanów,2.0,2,
2026-05-20 11:00:00,P+R Nowy Bieżanów,1.0,1,
2026-05-20 11:30:00,P+R Nowy Bieżanów,0.0,0,
2026-05-20 12:00:00,P+R Nowy Bieżanów,1.0,1,
2026-05-20 12:30:00,P+R Nowy Bieżanów,1.0,1,
2026-05-20 13:00:00,P+R Nowy Bieżanów,2.0,2,
2026-05-20 13:30:00,P+R Nowy Bieżanów,4.0,4,
2026-05-20 14:00:00,P+R Nowy Bieżanów,6.0,6,
2026-05-20 14:30:00,P+R Nowy Bieżanów,4.0,4,
2026-05-20 15:00:00,P+R Nowy Bieżanów,12.0,12,
2026-05-20 15:30:00,P+R Nowy Bieżanów,23.0,23,
2026-05-20 16:00:00,P+R Nowy Bieżanów,40.0,40,
2026-05-20 16:30:00,P+R Nowy Bieżanów,53.0,53,
2026-05-20 17:00:00,P+R Nowy Bieżanów,71.0,71,
2026-05-20 17:30:00,P+R Nowy Bieżanów,74.0,74,
2026-05-20 18:00:00,P+R Nowy Bieżanów,76.0,76,
2026-05-20 18:30:00,P+R Nowy Bieżanów,81.0,81,
2026-05-20 19:00:00,P+R Nowy Bieżanów,85.0,85,
2026-05-20 19:30:00,P+R Nowy Bieżanów,86.0,86,
2026-05-20 20:00:00,P+R Nowy Bieżanów,88.0,88,
2026-05-20 20:30:00,P+R Nowy Bieżanów,89.0,89,
2026-05-20 21:00:00,P+R Nowy Bieżanów,96.0,96,
2026-05-20 21:30:00,P+R Nowy Bieżanów,97.0,97,
2026-05-20 22:00:00,P+R Nowy Bieżanów,97.0,97,
2026-05-20 22:30:00,P+R Nowy Bieżanów,97.0,97,
2026-05-20 23:00:00,P+R Nowy Bieżanów,97.0,97,
2026-05-20 23:30:00,P+R Nowy Bieżanów,98.0,98,
2026-05-21 00:00:00,P+R Nowy Bieżanów,99.0,99,
2026-05-21 00:30:00,P+R Nowy Bieżanów,99.0,99,
2026-05-21 01:00:00,P+R Nowy Bieżanów,99.0,99,
2026-05-21 01:30:00,P+R Nowy Bieżanów,100.0,100,
2026-05-21 02:00:00,P+R Nowy Bieżanów,100.0,100,
2026-05-21 02:30:00,P+R Nowy Bieżanów,100.0,100,
2026-05-21 03:00:00,P+R Nowy Bieżanów,100.0,100,
2026-05-21 03:30:00,P+R Nowy Bieżanów,100.0,100,
2026-05-21 04:00:00,P+R Nowy Bieżanów,100.0,100,
2026-05-21 04:30:00,P+R Nowy Bieżanów,100.0,100,
2026-05-21 05:00:00,P+R Nowy Bieżanów,97.0,97,
2026-05-21 05:30:00,P+R Nowy Bieżanów,92.0,92,
2026-05-21 06:00:00,P+R Nowy Bieżanów,82.0,82,
2026-05-21 06:30:00,P+R Nowy Bieżanów,62.0,62,
2026-05-21 07:00:00,P+R Nowy Bieżanów,26.0,26,
2026-05-21 07:30:00,P+R Nowy Bieżanów,7.0,7,
2026-05-21 08:00:00,P+R Nowy Bieżanów,0.0,0,
2026-05-21 08:30:00,P+R Nowy Bieżanów,1.0,1,
2026-05-21 09:00:00,P+R Nowy Bieżanów,0.0,0,
2026-05-21 09:30:00,P+R Nowy Bieżanów,0.0,0,
2026-05-21 10:00:00,P+R Nowy Bieżanów,1.0,1,
2026-05-21 10:30:00,P+R Nowy Bieżanów,0.0,0,
2026-05-21 11:00:00,P+R Nowy Bieżanów,0.0,0,
2026-05-21 11:30:00,P+R Nowy Bieżanów,0.0,0,
2026-05-21 12:00:00,P+R Nowy Bieżanów,1.0,1,
2026-05-21 12:30:00,P+R Nowy Bieżanów,1.0,1,
2026-05-21 13:00:00,P+R Nowy Bieżanów,5.0,5,
2026-05-21 13:30:00,P+R Nowy Bieżanów,2.0,2,
2026-05-21 14:00:00,P+R Nowy Bieżanów,4.0,4,
2026-05-21 14:30:00,P+R Nowy Bieżanów,3.0,3,
2026-05-21 15:00:00,P+R Nowy Bieżanów,11.0,11,
2026-05-21 15:30:00,P+R Nowy Bieżanów,21.0,21,
2026-05-21 16:00:00,P+R Nowy Bieżanów,42.0,42,
2026-05-21 16:30:00,P+R Nowy Bieżanów,65.0,65,
2026-05-21 17:00:00,P+R Nowy Bieżanów,75.0,75,
2026-05-21 17:30:00,P+R Nowy Bieżanów,78.0,78,
2026-05-21 18:00:00,P+R Nowy Bieżanów,82.0,82,
2026-05-21 18:30:00,P+R Nowy Bieżanów,84.0,84,
2026-05-21 19:00:00,P+R Nowy Bieżanów,91.0,91,
2026-05-21 19:30:00,P+R Nowy Bieżanów,91.0,91,
2026-05-21 20:00:00,P+R Nowy Bieżanów,91.0,91,
2026-05-21 20:30:00,P+R Nowy Bieżanów,93.0,93,
2026-05-21 21:00:00,P+R Nowy Bieżanów,95.0,95,
2026-05-21 21:30:00,P+R Nowy Bieżanów,95.0,95,
2026-05-21 22:00:00,P+R Nowy Bieżanów,97.0,97,
2026-05-21 22:30:00,P+R Nowy Bieżanów,97.0,97,
2026-05-21 23:00:00,P+R Nowy Bieżanów,98.0,98,
2026-05-21 23:30:00,P+R Nowy Bieżanów,99.0,99,
2026-05-22 00:00:00,P+R Nowy Bieżanów,99.0,99,
2026-05-22 00:30:00,P+R Nowy Bieżanów,100.0,100,
2026-05-22 01:00:00,P+R Nowy Bieżanów,100.0,100,
2026-05-22 01:30:00,P+R Nowy Bieżanów,100.0,100,
2026-05-22 02:00:00,P+R Nowy Bieżanów,100.0,100,
2026-05-22 02:30:00,P+R Nowy Bieżanów,100.0,100,
2026-05-22 03:00:00,P+R Nowy Bieżanów,100.0,100,
2026-05-22 03:30:00,P+R Nowy Bieżanów,100.0,100,
2026-05-22 04:00:00,P+R Nowy Bieżanów,100.0,100,
2026-05-22 04:30:00,P+R Nowy Bieżanów,100.0,100,
2026-05-22 05:00:00,P+R Nowy Bieżanów,98.0,98,
2026-05-22 05:30:00,P+R Nowy Bieżanów,93.0,93,
2026-05-22 06:00:00,P+R Nowy Bieżanów,75.0,75,
2026-05-22 06:30:00,P+R Nowy Bieżanów,61.0,61,
2026-05-22 07:00:00,P+R Nowy Bieżanów,35.0,35,
2026-05-22 07:30:00,P+R Nowy Bieżanów,17.0,17,
2026-05-22 08:00:00,P+R Nowy Bieżanów,9.0,9,
2026-05-22 08:30:00,P+R Nowy Bieżanów,9.0,9,
2026-05-22 09:00:00,P+R Nowy Bieżanów,7.0,7,
2026-05-22 09:30:00,P+R Nowy Bieżanów,3.0,3,
2026-05-22 10:00:00,P+R Nowy Bieżanów,4.0,4,
2026-05-22 10:30:00,P+R Nowy Bieżanów,5.0,5,
2026-05-22 11:00:00,P+R Nowy Bieżanów,3.0,3,
2026-05-22 11:30:00,P+R Nowy Bieżanów,1.0,1,
2026-05-22 12:00:00,P+R Nowy Bieżanów,3.0,3,
2026-05-22 12:30:00,P+R Nowy Bieżanów,5.0,5,
2026-05-22 13:00:00,P+R Nowy Bieżanów,6.0,6,
2026-05-22 13:30:00,P+R Nowy Bieżanów,7.0,7,
2026-05-22 14:00:00,P+R Nowy Bieżanów,12.0,12,
2026-05-22 14:30:00,P+R Nowy Bieżanów,13.0,13,
2026-05-22 15:00:00,P+R Nowy Bieżanów,21.0,21,
2026-05-22 15:30:00,P+R Nowy Bieżanów,33.0,33,
2026-05-22 16:00:00,P+R Nowy Bieżanów,45.0,45,
2026-05-22 16:30:00,P+R Nowy Bieżanów,60.0,60,
2026-05-22 17:00:00,P+R Nowy Bieżanów,70.0,70,
2026-05-22 17:30:00,P+R Nowy Bieżanów,70.0,70,
2026-05-22 18:00:00,P+R Nowy Bieżanów,71.0,71,
2026-05-22 18:30:00,P+R Nowy Bieżanów,74.0,74,
2026-05-22 19:00:00,P+R Nowy Bieżanów,76.0,76,
2026-05-22 19:30:00,P+R Nowy Bieżanów,78.0,78,
2026-05-22 20:00:00,P+R Nowy Bieżanów,81.0,81,
2026-05-22 20:30:00,P+R Nowy Bieżanów,87.0,87,
2026-05-22 21:00:00,P+R Nowy Bieżanów,91.0,91,
2026-05-22 21:30:00,P+R Nowy Bieżanów,91.0,91,
2026-05-22 22:00:00,P+R Nowy Bieżanów,94.0,94,
2026-05-22 22:30:00,P+R Nowy Bieżanów,98.0,98,
2026-05-22 23:00:00,P+R Nowy Bieżanów,99.0,99,
2026-05-22 23:30:00,P+R Nowy Bieżanów,99.0,99,
2026-05-23 00:00:00,P+R Nowy Bieżanów,99.0,99,
2026-05-23 00:30:00,P+R Nowy Bieżanów,99.0,99,
2026-05-23 01:00:00,P+R Nowy Bieżanów,99.0,99,
2026-05-23 01:30:00,P+R Nowy Bieżanów,99.0,99,
2026-05-23 02:00:00,P+R Nowy Bieżanów,99.0,99,
2026-05-23 02:30:00,P+R Nowy Bieżanów,99.0,99,
2026-05-23 03:00:00,P+R Nowy Bieżanów,99.0,99,
2026-05-23 03:30:00,P+R Nowy Bieżanów,99.0,99,
2026-05-23 04:00:00,P+R Nowy Bieżanów,99.0,99,
2026-05-23 04:30:00,P+R Nowy Bieżanów,99.0,99,
2026-05-23 05:00:00,P+R Nowy Bieżanów,99.0,99,
2026-05-23 05:30:00,P+R Nowy Bieżanów,99.0,99,
2026-05-23 06:00:00,P+R Nowy Bieżanów,97.0,97,
2026-05-23 06:30:00,P+R Nowy Bieżanów,96.0,96,
2026-05-23 07:00:00,P+R Nowy Bieżanów,95.0,95,
2026-05-23 07:30:00,P+R Nowy Bieżanów,91.0,91,
2026-05-23 08:00:00,P+R Nowy Bieżanów,89.0,89,
2026-05-23 08:30:00,P+R Nowy Bieżanów,88.0,88,
2026-05-23 09:00:00,P+R Nowy Bieżanów,84.0,84,
2026-05-23 09:30:00,P+R Nowy Bieżanów,83.0,83,
2026-05-23 10:00:00,P+R Nowy Bieżanów,80.0,80,
2026-05-23 10:30:00,P+R Nowy Bieżanów,79.0,79,
2026-05-23 11:00:00,P+R Nowy Bieżanów,78.0,78,
2026-05-23 11:30:00,P+R Nowy Bieżanów,77.0,77,
2026-05-23 12:00:00,P+R Nowy Bieżanów,77.0,77,
2026-05-23 12:30:00,P+R Nowy Bieżanów,74.0,74,
2026-05-23 13:00:00,P+R Nowy Bieżanów,73.0,73,
2026-05-23 13:30:00,P+R Nowy Bieżanów,72.0,72,
2026-05-23 14:00:00,P+R Nowy Bieżanów,72.0,72,
2026-05-23 14:30:00,P+R Nowy Bieżanów,73.0,73,
2026-05-23 15:00:00,P+R Nowy Bieżanów,72.0,72,
2026-05-23 15:30:00,P+R Nowy Bieżanów,72.0,72,
2026-05-23 16:00:00,P+R Nowy Bieżanów,72.0,72,
2026-05-23 16:30:00,P+R Nowy Bieżanów,76.0,76,
2026-05-23 17:00:00,P+R Nowy Bieżanów,78.0,78,
2026-05-23 17:30:00,P+R Nowy Bieżanów,80.0,80,
2026-05-23 18:00:00,P+R Nowy Bieżanów,81.0,81,
2026-05-23 18:30:00,P+R Nowy Bieżanów,80.0,80,
2026-05-23 19:00:00,P+R Nowy Bieżanów,83.0,83,
2026-05-23 19:30:00,P+R Nowy Bieżanów,83.0,83,
2026-05-23 20:00:00,P+R Nowy Bieżanów,85.0,85,
2026-05-23 20:30:00,P+R Nowy Bieżanów,86.0,86,
2026-05-23 21:00:00,P+R Nowy Bieżanów,91.0,91,
2026-05-23 21:30:00,P+R Nowy Bieżanów,91.0,91,
2026-05-23 22:00:00,P+R Nowy Bieżanów,94.0,94,
2026-05-23 22:30:00,P+R Nowy Bieżanów,95.0,95,
2026-05-23 23:00:00,P+R Nowy Bieżanów,96.0,96,
2026-05-23 23:30:00,P+R Nowy Bieżanów,96.0,96,
2026-05-24 00:00:00,P+R Nowy Bieżanów,99.0,99,
2026-05-24 00:30:00,P+R Nowy Bieżanów,99.0,99,
2026-05-24 01:00:00,P+R Nowy Bieżanów,99.0,99,
2026-05-24 01:30:00,P+R Nowy Bieżanów,99.0,99,
2026-05-24 02:00:00,P+R Nowy Bieżanów,99.0,99,
2026-05-24 02:30:00,P+R Nowy Bieżanów,100.0,100,
2026-05-24 03:00:00,P+R Nowy Bieżanów,101.0,101,
2026-05-24 03:30:00,P+R Nowy Bieżanów,101.0,101,
2026-05-24 04:00:00,P+R Nowy Bieżanów,101.0,101,
2026-05-24 04:30:00,P+R Nowy Bieżanów,101.0,101,
2026-05-24 05:00:00,P+R Nowy Bieżanów,101.0,101,
2026-05-24 05:30:00,P+R Nowy Bieżanów,100.0,100,
2026-05-24 06:00:00,P+R Nowy Bieżanów,100.0,100,
2026-05-24 06:30:00,P+R Nowy Bieżanów,100.0,100,
2026-05-24 07:00:00,P+R Nowy Bieżanów,99.0,99,
2026-05-24 07:30:00,P+R Nowy Bieżanów,97.0,97,
2026-05-24 08:00:00,P+R Nowy Bieżanów,96.0,96,
2026-05-24 08:30:00,P+R Nowy Bieżanów,96.0,96,
2026-05-24 09:00:00,P+R Nowy Bieżanów,94.0,94,
2026-05-24 09:30:00,P+R Nowy Bieżanów,93.0,93,
2026-05-24 10:00:00,P+R Nowy Bieżanów,89.0,89,
2026-05-24 10:30:00,P+R Nowy Bieżanów,88.0,88,
2026-05-24 11:00:00,P+R Nowy Bieżanów,88.0,88,
2026-05-24 11:30:00,P+R Nowy Bieżanów,84.0,84,
2026-05-24 12:00:00,P+R Nowy Bieżanów,82.0,82,
2026-05-24 12:30:00,P+R Nowy Bieżanów,82.0,82,
2026-05-24 13:00:00,P+R Nowy Bieżanów,81.0,81,
2026-05-24 13:30:00,P+R Nowy Bieżanów,80.0,80,
2026-05-24 14:00:00,P+R Nowy Bieżanów,84.0,84,
2026-05-24 14:30:00,P+R Nowy Bieżanów,85.0,85,
2026-05-24 15:00:00,P+R Nowy Bieżanów,84.0,84,
2026-05-24 15:30:00,P+R Nowy Bieżanów,83.0,83,
2026-05-24 16:00:00,P+R Nowy Bieżanów,85.0,85,
2026-05-24 16:30:00,P+R Nowy Bieżanów,84.0,84,
2026-05-24 17:00:00,P+R Nowy Bieżanów,89.0,89,
2026-05-24 17:30:00,P+R Nowy Bieżanów,89.0,89,
2026-05-24 18:00:00,P+R Nowy Bieżanów,88.0,88,
2026-05-24 18:30:00,P+R Nowy Bieżanów,90.0,90,
2026-05-24 19:00:00,P+R Nowy Bieżanów,90.0,90,
2026-05-24 19:30:00,P+R Nowy Bieżanów,91.0,91,
2026-05-24 20:00:00,P+R Nowy Bieżanów,91.0,91,
2026-05-24 20:30:00,P+R Nowy Bieżanów,91.0,91,
2026-05-24 21:00:00,P+R Nowy Bieżanów,,91,forward_fill
2026-05-24 21:30:00,P+R Nowy Bieżanów,94.0,94,
2026-05-24 22:00:00,P+R Nowy Bieżanów,96.0,96,
2026-05-24 22:30:00,P+R Nowy Bieżanów,96.0,96,
2026-05-24 23:00:00,P+R Nowy Bieżanów,99.0,99,
2026-05-24 23:30:00,P+R Nowy Bieżanów,100.0,100,
2026-05-25 00:00:00,P+R Nowy Bieżanów,101.0,101,
2026-05-25 00:30:00,P+R Nowy Bieżanów,101.0,101,
2026-05-25 01:00:00,P+R Nowy Bieżanów,101.0,101,
2026-05-25 01:30:00,P+R Nowy Bieżanów,101.0,101,
2026-05-25 02:00:00,P+R Nowy Bieżanów,101.0,101,
2026-05-25 02:30:00,P+R Nowy Bieżanów,101.0,101,
2026-05-25 03:00:00,P+R Nowy Bieżanów,101.0,101,
2026-05-25 03:30:00,P+R Nowy Bieżanów,101.0,101,
2026-05-25 04:00:00,P+R Nowy Bieżanów,101.0,101,
2026-05-25 04:30:00,P+R Nowy Bieżanów,101.0,101,
2026-05-25 05:00:00,P+R Nowy Bieżanów,99.0,99,
2026-05-25 05:30:00,P+R Nowy Bieżanów,94.0,94,
2026-05-25 06:00:00,P+R Nowy Bieżanów,83.0,83,
2026-05-25 06:30:00,P+R Nowy Bieżanów,68.0,68,
2026-05-25 07:00:00,P+R Nowy Bieżanów,36.0,36,
2026-05-25 07:30:00,P+R Nowy Bieżanów,21.0,21,
2026-05-25 08:00:00,P+R Nowy Bieżanów,10.0,10,
2026-05-25 08:30:00,P+R Nowy Bieżanów,5.0,5,
2026-05-25 09:00:00,P+R Nowy Bieżanów,0.0,0,
2026-05-25 09:30:00,P+R Nowy Bieżanów,0.0,0,
2026-05-25 10:00:00,P+R Nowy Bieżanów,0.0,0,
2026-05-25 10:30:00,P+R Nowy Bieżanów,1.0,1,
2026-05-25 11:00:00,P+R Nowy Bieżanów,,1,forward_fill
2026-05-25 11:30:00,P+R Nowy Bieżanów,1.0,1,
2026-05-25 12:00:00,P+R Nowy Bieżanów,3.0,3,
2026-05-25 12:30:00,P+R Nowy Bieżanów,4.0,4,
2026-05-25 13:00:00,P+R Nowy Bieżanów,7.0,7,
2026-05-25 13:30:00,P+R Nowy Bieżanów,6.0,6,
2026-05-25 14:00:00,P+R Nowy Bieżanów,10.0,10,
2026-05-25 14:30:00,P+R Nowy Bieżanów,14.0,14,
2026-05-25 15:00:00,P+R Nowy Bieżanów,18.0,18,
2026-05-25 15:30:00,P+R Nowy Bieżanów,21.0,21,
2026-05-25 16:00:00,P+R Nowy Bieżanów,45.0,45,
2026-05-25 16:30:00,P+R Nowy Bieżanów,58.0,58,
2026-05-25 17:00:00,P+R Nowy Bieżanów,68.0,68,
2026-05-25 17:30:00,P+R Nowy Bieżanów,75.0,75,
2026-05-25 18:00:00,P+R Nowy Bieżanów,79.0,79,
2026-05-25 18:30:00,P+R Nowy Bieżanów,79.0,79,
2026-05-25 19:00:00,P+R Nowy Bieżanów,82.0,82,
2026-05-25 19:30:00,P+R Nowy Bieżanów,88.0,88,
2026-05-25 20:00:00,P+R Nowy Bieżanów,91.0,91,
2026-05-25 20:30:00,P+R Nowy Bieżanów,92.0,92,
2026-05-25 21:00:00,P+R Nowy Bieżanów,93.0,93,
2026-05-25 21:30:00,P+R Nowy Bieżanów,94.0,94,
2026-05-25 22:00:00,P+R Nowy Bieżanów,95.0,95,
2026-05-25 22:30:00,P+R Nowy Bieżanów,97.0,97,
2026-05-25 23:00:00,P+R Nowy Bieżanów,99.0,99,
2026-05-25 23:30:00,P+R Nowy Bieżanów,99.0,99,
2026-05-26 00:00:00,P+R Nowy Bieżanów,100.0,100,
2026-05-26 00:30:00,P+R Nowy Bieżanów,100.0,100,
2026-05-26 01:00:00,P+R Nowy Bieżanów,100.0,100,
2026-05-26 01:30:00,P+R Nowy Bieżanów,100.0,100,
2026-05-26 02:00:00,P+R Nowy Bieżanów,100.0,100,
2026-05-26 02:30:00,P+R Nowy Bieżanów,100.0,100,
2026-05-26 03:00:00,P+R Nowy Bieżanów,100.0,100,
2026-05-26 03:30:00,P+R Nowy Bieżanów,100.0,100,
2026-05-26 04:00:00,P+R Nowy Bieżanów,100.0,100,
2026-05-26 04:30:00,P+R Nowy Bieżanów,100.0,100,
2026-05-26 05:00:00,P+R Nowy Bieżanów,98.0,98,
2026-05-26 05:30:00,P+R Nowy Bieżanów,91.0,91,
2026-05-26 06:00:00,P+R Nowy Bieżanów,79.0,79,
2026-05-26 06:30:00,P+R Nowy Bieżanów,64.0,64,
2026-05-26 07:00:00,P+R Nowy Bieżanów,28.0,28,
2026-05-26 07:30:00,P+R Nowy Bieżanów,14.0,14,
2026-05-26 08:00:00,P+R Nowy Bieżanów,0.0,0,
2026-05-26 08:30:00,P+R Nowy Bieżanów,0.0,0,
2026-05-26 09:00:00,P+R Nowy Bieżanów,0.0,0,
2026-05-26 09:30:00,P+R Nowy Bieżanów,0.0,0,
2026-05-26 10:00:00,P+R Nowy Bieżanów,0.0,0,
2026-05-26 10:30:00,P+R Nowy Bieżanów,2.0,2,
2026-05-26 11:00:00,P+R Nowy Bieżanów,0.0,0,
2026-05-26 11:30:00,P+R Nowy Bieżanów,1.0,1,
2026-05-26 12:00:00,P+R Nowy Bieżanów,3.0,3,
2026-05-26 12:30:00,P+R Nowy Bieżanów,3.0,3,
2026-05-26 13:00:00,P+R Nowy Bieżanów,,6,linear interpolation
2026-05-26 13:30:00,P+R Nowy Bieżanów,,9,linear interpolation
2026-05-26 14:00:00,P+R Nowy Bieżanów,,12,linear interpolation
2026-05-26 14:30:00,P+R Nowy Bieżanów,,15,linear interpolation
2026-05-26 15:00:00,P+R Nowy Bieżanów,18.0,18,
2026-05-26 15:30:00,P+R Nowy Bieżanów,28.0,28,
2026-05-26 16:00:00,P+R Nowy Bieżanów,44.0,44,
2026-05-26 16:30:00,P+R Nowy Bieżanów,68.0,68,
2026-05-26 17:00:00,P+R Nowy Bieżanów,76.0,76,
2026-05-26 17:30:00,P+R Nowy Bieżanów,80.0,80,
2026-05-26 18:00:00,P+R Nowy Bieżanów,82.0,82,
2026-05-26 18:30:00,P+R Nowy Bieżanów,82.0,82,
2026-05-26 19:00:00,P+R Nowy Bieżanów,84.0,84,
2026-05-26 19:30:00,P+R Nowy Bieżanów,,84,forward_fill
2026-05-26 20:00:00,P+R Nowy Bieżanów,88.0,88,
2026-04-28 21:30:00,P+R Pachońskiego,81.0,81,
2026-04-28 22:00:00,P+R Pachońskiego,83.0,83,
2026-04-28 22:30:00,P+R Pachońskiego,87.0,87,
2026-04-28 23:00:00,P+R Pachońskiego,88.0,88,
2026-04-28 23:30:00,P+R Pachońskiego,88.0,88,
2026-04-29 00:00:00,P+R Pachońskiego,88.0,88,
2026-04-29 00:30:00,P+R Pachońskiego,88.0,88,
2026-04-29 01:00:00,P+R Pachońskiego,88.0,88,
2026-04-29 01:30:00,P+R Pachońskiego,88.0,88,
2026-04-29 02:00:00,P+R Pachońskiego,88.0,88,
2026-04-29 02:30:00,P+R Pachońskiego,88.0,88,
2026-04-29 03:00:00,P+R Pachońskiego,88.0,88,
2026-04-29 03:30:00,P+R Pachońskiego,88.0,88,
2026-04-29 04:00:00,P+R Pachońskiego,88.0,88,
2026-04-29 04:30:00,P+R Pachońskiego,88.0,88,
2026-04-29 05:00:00,P+R Pachońskiego,86.0,86,
2026-04-29 05:30:00,P+R Pachońskiego,81.0,81,
2026-04-29 06:00:00,P+R Pachońskiego,67.0,67,
2026-04-29 06:30:00,P+R Pachońskiego,47.0,47,
2026-04-29 07:00:00,P+R Pachońskiego,12.0,12,
2026-04-29 07:30:00,P+R Pachońskiego,0.0,0,
2026-04-29 08:00:00,P+R Pachońskiego,0.0,0,
2026-04-29 08:30:00,P+R Pachońskiego,1.0,1,
2026-04-29 09:00:00,P+R Pachońskiego,0.0,0,
2026-04-29 09:30:00,P+R Pachońskiego,1.0,1,
2026-04-29 10:00:00,P+R Pachońskiego,1.0,1,
2026-04-29 10:30:00,P+R Pachońskiego,1.0,1,
2026-04-29 11:00:00,P+R Pachońskiego,2.0,2,
2026-04-29 11:30:00,P+R Pachońskiego,2.0,2,
2026-04-29 12:00:00,P+R Pachońskiego,1.0,1,
2026-04-29 12:30:00,P+R Pachońskiego,2.0,2,
2026-04-29 13:00:00,P+R Pachońskiego,0.0,0,
2026-04-29 13:30:00,P+R Pachońskiego,0.0,0,
2026-04-29 14:00:00,P+R Pachońskiego,1.0,1,
2026-04-29 14:30:00,P+R Pachońskiego,0.0,0,
2026-04-29 15:00:00,P+R Pachońskiego,12.0,12,
2026-04-29 15:30:00,P+R Pachońskiego,27.0,27,
2026-04-29 16:00:00,P+R Pachońskiego,44.0,44,
2026-04-29 16:30:00,P+R Pachońskiego,53.0,53,
2026-04-29 17:00:00,P+R Pachońskiego,55.0,55,
2026-04-29 17:30:00,P+R Pachońskiego,64.0,64,
2026-04-29 18:00:00,P+R Pachońskiego,65.0,65,
2026-04-29 18:30:00,P+R Pachońskiego,,65,forward_fill
2026-04-29 19:00:00,P+R Pachońskiego,75.0,75,
2026-04-29 19:30:00,P+R Pachońskiego,73.0,73,
2026-04-29 20:00:00,P+R Pachońskiego,77.0,77,
2026-04-29 20:30:00,P+R Pachońskiego,79.0,79,
2026-04-29 21:00:00,P+R Pachońskiego,81.0,81,
2026-04-29 21:30:00,P+R Pachońskiego,83.0,83,
2026-04-29 22:00:00,P+R Pachońskiego,84.0,84,
2026-04-29 22:30:00,P+R Pachońskiego,86.0,86,
2026-04-29 23:00:00,P+R Pachońskiego,86.0,86,
2026-04-29 23:30:00,P+R Pachońskiego,87.0,87,
2026-04-30 00:00:00,P+R Pachońskiego,88.0,88,
2026-04-30 00:30:00,P+R Pachońskiego,88.0,88,
2026-04-30 01:00:00,P+R Pachońskiego,88.0,88,
2026-04-30 01:30:00,P+R Pachońskiego,88.0,88,
2026-04-30 02:00:00,P+R Pachońskiego,88.0,88,
2026-04-30 02:30:00,P+R Pachońskiego,88.0,88,
2026-04-30 03:00:00,P+R Pachońskiego,88.0,88,
2026-04-30 03:30:00,P+R Pachońskiego,88.0,88,
2026-04-30 04:00:00,P+R Pachońskiego,88.0,88,
2026-04-30 04:30:00,P+R Pachońskiego,88.0,88,
2026-04-30 05:00:00,P+R Pachońskiego,86.0,86,
2026-04-30 05:30:00,P+R Pachońskiego,81.0,81,
2026-04-30 06:00:00,P+R Pachońskiego,69.0,69,
2026-04-30 06:30:00,P+R Pachońskiego,47.0,47,
2026-04-30 07:00:00,P+R Pachońskiego,15.0,15,
2026-04-30 07:30:00,P+R Pachońskiego,0.0,0,
2026-04-30 08:00:00,P+R Pachońskiego,0.0,0,
2026-04-30 08:30:00,P+R Pachońskiego,0.0,0,
2026-04-30 09:00:00,P+R Pachońskiego,0.0,0,
2026-04-30 09:30:00,P+R Pachońskiego,0.0,0,
2026-04-30 10:00:00,P+R Pachońskiego,0.0,0,
2026-04-30 10:30:00,P+R Pachońskiego,0.0,0,
2026-04-30 11:00:00,P+R Pachońskiego,0.0,0,
2026-04-30 11:30:00,P+R Pachońskiego,1.0,1,
2026-04-30 12:00:00,P+R Pachońskiego,1.0,1,
2026-04-30 12:30:00,P+R Pachońskiego,0.0,0,
2026-04-30 13:00:00,P+R Pachońskiego,0.0,0,
2026-04-30 13:30:00,P+R Pachońskiego,2.0,2,
2026-04-30 14:00:00,P+R Pachońskiego,1.0,1,
2026-04-30 14:30:00,P+R Pachońskiego,11.0,11,
2026-04-30 15:00:00,P+R Pachońskiego,13.0,13,
2026-04-30 15:30:00,P+R Pachońskiego,31.0,31,
2026-04-30 16:00:00,P+R Pachońskiego,47.0,47,
2026-04-30 16:30:00,P+R Pachońskiego,52.0,52,
2026-04-30 17:00:00,P+R Pachońskiego,58.0,58,
2026-04-30 17:30:00,P+R Pachońskiego,65.0,65,
2026-04-30 18:00:00,P+R Pachońskiego,67.0,67,
2026-04-30 18:30:00,P+R Pachońskiego,73.0,73,
2026-04-30 19:00:00,P+R Pachońskiego,74.0,74,
2026-04-30 19:30:00,P+R Pachońskiego,75.0,75,
2026-04-30 20:00:00,P+R Pachońskiego,78.0,78,
2026-04-30 20:30:00,P+R Pachońskiego,78.0,78,
2026-04-30 21:00:00,P+R Pachońskiego,79.0,79,
2026-04-30 21:30:00,P+R Pachońskiego,78.0,78,
2026-04-30 22:00:00,P+R Pachońskiego,,79,linear interpolation
2026-04-30 22:30:00,P+R Pachońskiego,,80,linear interpolation
2026-04-30 23:00:00,P+R Pachońskiego,,81,linear interpolation
2026-04-30 23:30:00,P+R Pachońskiego,,82,linear interpolation
2026-05-01 00:00:00,P+R Pachońskiego,,84,linear interpolation
2026-05-01 00:30:00,P+R Pachońskiego,,85,linear interpolation
2026-05-01 01:00:00,P+R Pachońskiego,,86,linear interpolation
2026-05-01 01:30:00,P+R Pachońskiego,,87,linear interpolation
2026-05-01 02:00:00,P+R Pachońskiego,88.0,88,
2026-05-01 02:30:00,P+R Pachońskiego,88.0,88,
2026-05-01 03:00:00,P+R Pachońskiego,88.0,88,
2026-05-01 03:30:00,P+R Pachońskiego,88.0,88,
2026-05-01 04:00:00,P+R Pachońskiego,88.0,88,
2026-05-01 04:30:00,P+R Pachońskiego,88.0,88,
2026-05-01 05:00:00,P+R Pachońskiego,88.0,88,
2026-05-01 05:30:00,P+R Pachońskiego,88.0,88,
2026-05-01 06:00:00,P+R Pachońskiego,88.0,88,
2026-05-01 06:30:00,P+R Pachońskiego,88.0,88,
2026-05-01 07:00:00,P+R Pachońskiego,88.0,88,
2026-05-01 07:30:00,P+R Pachońskiego,88.0,88,
2026-05-01 08:00:00,P+R Pachońskiego,88.0,88,
2026-05-01 08:30:00,P+R Pachońskiego,87.0,87,
2026-05-01 09:00:00,P+R Pachońskiego,87.0,87,
2026-05-01 09:30:00,P+R Pachońskiego,86.0,86,
2026-05-01 10:00:00,P+R Pachońskiego,85.0,85,
2026-05-01 10:30:00,P+R Pachońskiego,85.0,85,
2026-05-01 11:00:00,P+R Pachońskiego,84.0,84,
2026-05-01 11:30:00,P+R Pachońskiego,83.0,83,
2026-05-01 12:00:00,P+R Pachońskiego,81.0,81,
2026-05-01 12:30:00,P+R Pachońskiego,81.0,81,
2026-05-01 13:00:00,P+R Pachońskiego,79.0,79,
2026-05-01 13:30:00,P+R Pachońskiego,79.0,79,
2026-05-01 14:00:00,P+R Pachońskiego,80.0,80,
2026-05-01 14:30:00,P+R Pachońskiego,76.0,76,
2026-05-01 15:00:00,P+R Pachońskiego,76.0,76,
2026-05-01 15:30:00,P+R Pachońskiego,74.0,74,
2026-05-01 16:00:00,P+R Pachońskiego,,74,linear interpolation
2026-05-01 16:30:00,P+R Pachońskiego,,74,linear interpolation
2026-05-01 17:00:00,P+R Pachońskiego,,75,linear interpolation
2026-05-01 17:30:00,P+R Pachońskiego,75.0,75,
2026-05-01 18:00:00,P+R Pachońskiego,75.0,75,
2026-05-01 18:30:00,P+R Pachońskiego,78.0,78,
2026-05-01 19:00:00,P+R Pachońskiego,79.0,79,
2026-05-01 19:30:00,P+R Pachońskiego,77.0,77,
2026-05-01 20:00:00,P+R Pachońskiego,79.0,79,
2026-05-01 20:30:00,P+R Pachońskiego,82.0,82,
2026-05-01 21:00:00,P+R Pachońskiego,82.0,82,
2026-05-01 21:30:00,P+R Pachońskiego,84.0,84,
2026-05-01 22:00:00,P+R Pachońskiego,85.0,85,
2026-05-01 22:30:00,P+R Pachońskiego,87.0,87,
2026-05-01 23:00:00,P+R Pachońskiego,88.0,88,
2026-05-01 23:30:00,P+R Pachońskiego,87.0,87,
2026-05-02 00:00:00,P+R Pachońskiego,88.0,88,
2026-05-02 00:30:00,P+R Pachońskiego,88.0,88,
2026-05-02 01:00:00,P+R Pachońskiego,88.0,88,
2026-05-02 01:30:00,P+R Pachońskiego,88.0,88,
2026-05-02 02:00:00,P+R Pachońskiego,,88,forward_fill
2026-05-02 02:30:00,P+R Pachońskiego,88.0,88,
2026-05-02 03:00:00,P+R Pachońskiego,88.0,88,
2026-05-02 03:30:00,P+R Pachońskiego,88.0,88,
2026-05-02 04:00:00,P+R Pachońskiego,88.0,88,
2026-05-02 04:30:00,P+R Pachońskiego,88.0,88,
2026-05-02 05:00:00,P+R Pachońskiego,87.0,87,
2026-05-02 05:30:00,P+R Pachońskiego,87.0,87,
2026-05-02 06:00:00,P+R Pachońskiego,86.0,86,
2026-05-02 06:30:00,P+R Pachońskiego,85.0,85,
2026-05-02 07:00:00,P+R Pachońskiego,85.0,85,
2026-05-02 07:30:00,P+R Pachońskiego,84.0,84,
2026-05-02 08:00:00,P+R Pachońskiego,83.0,83,
2026-05-02 08:30:00,P+R Pachońskiego,83.0,83,
2026-05-02 09:00:00,P+R Pachońskiego,82.0,82,
2026-05-02 09:30:00,P+R Pachońskiego,80.0,80,
2026-05-02 10:00:00,P+R Pachońskiego,79.0,79,
2026-05-02 10:30:00,P+R Pachońskiego,76.0,76,
2026-05-02 11:00:00,P+R Pachońskiego,74.0,74,
2026-05-02 11:30:00,P+R Pachońskiego,73.0,73,
2026-05-02 12:00:00,P+R Pachońskiego,73.0,73,
2026-05-02 12:30:00,P+R Pachońskiego,71.0,71,
2026-05-02 13:00:00,P+R Pachońskiego,73.0,73,
2026-05-02 13:30:00,P+R Pachońskiego,74.0,74,
2026-05-02 14:00:00,P+R Pachońskiego,74.0,74,
2026-05-02 14:30:00,P+R Pachońskiego,75.0,75,
2026-05-02 15:00:00,P+R Pachońskiego,75.0,75,
2026-05-02 15:30:00,P+R Pachońskiego,77.0,77,
2026-05-02 16:00:00,P+R Pachońskiego,78.0,78,
2026-05-02 16:30:00,P+R Pachońskiego,79.0,79,
2026-05-02 17:00:00,P+R Pachońskiego,82.0,82,
2026-05-02 17:30:00,P+R Pachońskiego,82.0,82,
2026-05-02 18:00:00,P+R Pachońskiego,83.0,83,
2026-05-02 18:30:00,P+R Pachońskiego,82.0,82,
2026-05-02 19:00:00,P+R Pachońskiego,,82,forward_fill
2026-05-02 19:30:00,P+R Pachońskiego,83.0,83,
2026-05-02 20:00:00,P+R Pachońskiego,85.0,85,
2026-05-02 20:30:00,P+R Pachońskiego,85.0,85,
2026-05-02 21:00:00,P+R Pachońskiego,85.0,85,
2026-05-02 21:30:00,P+R Pachońskiego,86.0,86,
2026-05-02 22:00:00,P+R Pachońskiego,88.0,88,
2026-05-02 22:30:00,P+R Pachońskiego,86.0,86,
2026-05-02 23:00:00,P+R Pachońskiego,86.0,86,
2026-05-02 23:30:00,P+R Pachońskiego,87.0,87,
2026-05-03 00:00:00,P+R Pachońskiego,87.0,87,
2026-05-03 00:30:00,P+R Pachońskiego,87.0,87,
2026-05-03 01:00:00,P+R Pachońskiego,87.0,87,
2026-05-03 01:30:00,P+R Pachońskiego,87.0,87,
2026-05-03 02:00:00,P+R Pachońskiego,87.0,87,
2026-05-03 02:30:00,P+R Pachońskiego,87.0,87,
2026-05-03 03:00:00,P+R Pachońskiego,87.0,87,
2026-05-03 03:30:00,P+R Pachońskiego,,87,Hist. avg + linear interpol.
2026-05-03 04:00:00,P+R Pachońskiego,,87,Hist. avg + linear interpol.
2026-05-03 04:30:00,P+R Pachońskiego,,87,Hist. avg + linear interpol.
2026-05-03 05:00:00,P+R Pachońskiego,,87,Hist. avg + linear interpol.
2026-05-03 05:30:00,P+R Pachońskiego,,86,Hist. avg + linear interpol.
2026-05-03 06:00:00,P+R Pachońskiego,,86,Hist. avg + linear interpol.
2026-05-03 06:30:00,P+R Pachońskiego,,85,Hist. avg + linear interpol.
2026-05-03 07:00:00,P+R Pachońskiego,,84,Hist. avg + linear interpol.
2026-05-03 07:30:00,P+R Pachońskiego,,83,Hist. avg + linear interpol.
2026-05-03 08:00:00,P+R Pachońskiego,,82,Hist. avg + linear interpol.
2026-05-03 08:30:00,P+R Pachońskiego,,80,Hist. avg + linear interpol.
2026-05-03 09:00:00,P+R Pachońskiego,,78,Hist. avg + linear interpol.
2026-05-03 09:30:00,P+R Pachońskiego,,77,Hist. avg + linear interpol.
2026-05-03 10:00:00,P+R Pachońskiego,,74,Hist. avg + linear interpol.
2026-05-03 10:30:00,P+R Pachońskiego,,73,Hist. avg + linear interpol.
2026-05-03 11:00:00,P+R Pachońskiego,,71,Hist. avg + linear interpol.
2026-05-03 11:30:00,P+R Pachońskiego,,70,Hist. avg + linear interpol.
2026-05-03 12:00:00,P+R Pachońskiego,,70,Hist. avg + linear interpol.
2026-05-03 12:30:00,P+R Pachońskiego,,70,Hist. avg + linear interpol.
2026-05-03 13:00:00,P+R Pachońskiego,,70,Hist. avg + linear interpol.
2026-05-03 13:30:00,P+R Pachońskiego,,70,Hist. avg + linear interpol.
2026-05-03 14:00:00,P+R Pachońskiego,,70,Hist. avg + linear interpol.
2026-05-03 14:30:00,P+R Pachońskiego,,69,Hist. avg + linear interpol.
2026-05-03 15:00:00,P+R Pachońskiego,,70,Hist. avg + linear interpol.
2026-05-03 15:30:00,P+R Pachońskiego,,71,Hist. avg + linear interpol.
2026-05-03 16:00:00,P+R Pachońskiego,,70,Hist. avg + linear interpol.
2026-05-03 16:30:00,P+R Pachońskiego,,70,Hist. avg + linear interpol.
2026-05-03 17:00:00,P+R Pachońskiego,,71,Hist. avg + linear interpol.
2026-05-03 17:30:00,P+R Pachońskiego,,71,Hist. avg + linear interpol.
2026-05-03 18:00:00,P+R Pachońskiego,,71,Hist. avg + linear interpol.
2026-05-03 18:30:00,P+R Pachońskiego,,73,Hist. avg + linear interpol.
2026-05-03 19:00:00,P+R Pachońskiego,,73,Hist. avg + linear interpol.
2026-05-03 19:30:00,P+R Pachońskiego,,76,Hist. avg + linear interpol.
2026-05-03 20:00:00,P+R Pachońskiego,,76,Hist. avg + linear interpol.
2026-05-03 20:30:00,P+R Pachońskiego,,79,Hist. avg + linear interpol.
2026-05-03 21:00:00,P+R Pachońskiego,,82,Hist. avg + linear interpol.
2026-05-03 21:30:00,P+R Pachońskiego,,82,Hist. avg + linear interpol.
2026-05-03 22:00:00,P+R Pachońskiego,,84,Hist. avg + linear interpol.
2026-05-03 22:30:00,P+R Pachońskiego,,85,Hist. avg + linear interpol.
2026-05-03 23:00:00,P+R Pachońskiego,,86,Hist. avg + linear interpol.
2026-05-03 23:30:00,P+R Pachońskiego,,87,Hist. avg + linear interpol.
2026-05-04 00:00:00,P+R Pachońskiego,,88,Hist. avg + linear interpol.
2026-05-04 00:30:00,P+R Pachońskiego,,88,Hist. avg + linear interpol.
2026-05-04 01:00:00,P+R Pachońskiego,,88,Hist. avg + linear interpol.
2026-05-04 01:30:00,P+R Pachońskiego,,88,Hist. avg + linear interpol.
2026-05-04 02:00:00,P+R Pachońskiego,,88,Hist. avg + linear interpol.
2026-05-04 02:30:00,P+R Pachońskiego,,88,Hist. avg + linear interpol.
2026-05-04 03:00:00,P+R Pachońskiego,,88,Hist. avg + linear interpol.
2026-05-04 03:30:00,P+R Pachońskiego,,88,Hist. avg + linear interpol.
2026-05-04 04:00:00,P+R Pachońskiego,,88,Hist. avg + linear interpol.
2026-05-04 04:30:00,P+R Pachońskiego,,88,Hist. avg + linear interpol.
2026-05-04 05:00:00,P+R Pachońskiego,,86,Hist. avg + linear interpol.
2026-05-04 05:30:00,P+R Pachońskiego,,81,Hist. avg + linear interpol.
2026-05-04 06:00:00,P+R Pachońskiego,,68,Hist. avg + linear interpol.
2026-05-04 06:30:00,P+R Pachońskiego,,49,Hist. avg + linear interpol.
2026-05-04 07:00:00,P+R Pachońskiego,,16,Hist. avg + linear interpol.
2026-05-04 07:30:00,P+R Pachońskiego,,6,Hist. avg + linear interpol.
2026-05-04 08:00:00,P+R Pachońskiego,,5,Hist. avg + linear interpol.
2026-05-04 08:30:00,P+R Pachońskiego,,5,Hist. avg + linear interpol.
2026-05-04 09:00:00,P+R Pachońskiego,,5,Hist. avg + linear interpol.
2026-05-04 09:30:00,P+R Pachońskiego,,5,Hist. avg + linear interpol.
2026-05-04 10:00:00,P+R Pachońskiego,,5,Hist. avg + linear interpol.
2026-05-04 10:30:00,P+R Pachońskiego,,5,Hist. avg + linear interpol.
2026-05-04 11:00:00,P+R Pachońskiego,,5,Hist. avg + linear interpol.
2026-05-04 11:30:00,P+R Pachońskiego,,5,Hist. avg + linear interpol.
2026-05-04 12:00:00,P+R Pachońskiego,,5,Hist. avg + linear interpol.
2026-05-04 12:30:00,P+R Pachońskiego,,5,Hist. avg + linear interpol.
2026-05-04 13:00:00,P+R Pachońskiego,,5,Hist. avg + linear interpol.
2026-05-04 13:30:00,P+R Pachońskiego,,6,Hist. avg + linear interpol.
2026-05-04 14:00:00,P+R Pachońskiego,,8,Hist. avg + linear interpol.
2026-05-04 14:30:00,P+R Pachońskiego,,10,Hist. avg + linear interpol.
2026-05-04 15:00:00,P+R Pachońskiego,,17,Hist. avg + linear interpol.
2026-05-04 15:30:00,P+R Pachońskiego,,32,Hist. avg + linear interpol.
2026-05-04 16:00:00,P+R Pachońskiego,,48,Hist. avg + linear interpol.
2026-05-04 16:30:00,P+R Pachońskiego,,59,Hist. avg + linear interpol.
2026-05-04 17:00:00,P+R Pachońskiego,,66,Hist. avg + linear interpol.
2026-05-04 17:30:00,P+R Pachońskiego,,71,Hist. avg + linear interpol.
2026-05-04 18:00:00,P+R Pachońskiego,,74,Hist. avg + linear interpol.
2026-05-04 18:30:00,P+R Pachońskiego,,77,Hist. avg + linear interpol.
2026-05-04 19:00:00,P+R Pachońskiego,,78,Hist. avg + linear interpol.
2026-05-04 19:30:00,P+R Pachońskiego,78.0,78,
2026-05-04 20:00:00,P+R Pachońskiego,78.0,78,
2026-05-04 20:30:00,P+R Pachońskiego,78.0,78,
2026-05-04 21:00:00,P+R Pachońskiego,78.0,78,
2026-05-04 21:30:00,P+R Pachońskiego,78.0,78,
2026-05-04 22:00:00,P+R Pachońskiego,82.0,82,
2026-05-04 22:30:00,P+R Pachońskiego,82.0,82,
2026-05-04 23:00:00,P+R Pachońskiego,82.0,82,
2026-05-04 23:30:00,P+R Pachońskiego,82.0,82,
2026-05-05 00:00:00,P+R Pachońskiego,82.0,82,
2026-05-05 00:30:00,P+R Pachońskiego,88.0,88,
2026-05-05 01:00:00,P+R Pachońskiego,88.0,88,
2026-05-05 01:30:00,P+R Pachońskiego,88.0,88,
2026-05-05 02:00:00,P+R Pachońskiego,88.0,88,
2026-05-05 02:30:00,P+R Pachońskiego,88.0,88,
2026-05-05 03:00:00,P+R Pachońskiego,88.0,88,
2026-05-05 03:30:00,P+R Pachońskiego,88.0,88,
2026-05-05 04:00:00,P+R Pachońskiego,88.0,88,
2026-05-05 04:30:00,P+R Pachońskiego,88.0,88,
2026-05-05 05:00:00,P+R Pachońskiego,86.0,86,
2026-05-05 05:30:00,P+R Pachońskiego,79.0,79,
2026-05-05 06:00:00,P+R Pachońskiego,63.0,63,
2026-05-05 06:30:00,P+R Pachońskiego,44.0,44,
2026-05-05 07:00:00,P+R Pachońskiego,11.0,11,
2026-05-05 07:30:00,P+R Pachońskiego,1.0,1,
2026-05-05 08:00:00,P+R Pachońskiego,0.0,0,
2026-05-05 08:30:00,P+R Pachońskiego,0.0,0,
2026-05-05 09:00:00,P+R Pachońskiego,0.0,0,
2026-05-05 09:30:00,P+R Pachońskiego,0.0,0,
2026-05-05 10:00:00,P+R Pachońskiego,0.0,0,
2026-05-05 10:30:00,P+R Pachońskiego,,0,forward_fill
2026-05-05 11:00:00,P+R Pachońskiego,1.0,1,
2026-05-05 11:30:00,P+R Pachońskiego,0.0,0,
2026-05-05 12:00:00,P+R Pachońskiego,0.0,0,
2026-05-05 12:30:00,P+R Pachońskiego,0.0,0,
2026-05-05 13:00:00,P+R Pachońskiego,0.0,0,
2026-05-05 13:30:00,P+R Pachońskiego,1.0,1,
2026-05-05 14:00:00,P+R Pachońskiego,0.0,0,
2026-05-05 14:30:00,P+R Pachońskiego,7.0,7,
2026-05-05 15:00:00,P+R Pachońskiego,11.0,11,
2026-05-05 15:30:00,P+R Pachońskiego,27.0,27,
2026-05-05 16:00:00,P+R Pachońskiego,51.0,51,
2026-05-05 16:30:00,P+R Pachońskiego,59.0,59,
2026-05-05 17:00:00,P+R Pachońskiego,64.0,64,
2026-05-05 17:30:00,P+R Pachońskiego,67.0,67,
2026-05-05 18:00:00,P+R Pachońskiego,71.0,71,
2026-05-05 18:30:00,P+R Pachońskiego,72.0,72,
2026-05-05 19:00:00,P+R Pachońskiego,75.0,75,
2026-05-05 19:30:00,P+R Pachońskiego,77.0,77,
2026-05-05 20:00:00,P+R Pachońskiego,81.0,81,
2026-05-05 20:30:00,P+R Pachońskiego,82.0,82,
2026-05-05 21:00:00,P+R Pachońskiego,82.0,82,
2026-05-05 21:30:00,P+R Pachońskiego,84.0,84,
2026-05-05 22:00:00,P+R Pachońskiego,85.0,85,
2026-05-05 22:30:00,P+R Pachońskiego,87.0,87,
2026-05-05 23:00:00,P+R Pachońskiego,88.0,88,
2026-05-05 23:30:00,P+R Pachońskiego,88.0,88,
2026-05-06 00:00:00,P+R Pachońskiego,88.0,88,
2026-05-06 00:30:00,P+R Pachońskiego,88.0,88,
2026-05-06 01:00:00,P+R Pachońskiego,88.0,88,
2026-05-06 01:30:00,P+R Pachońskiego,88.0,88,
2026-05-06 02:00:00,P+R Pachońskiego,88.0,88,
2026-05-06 02:30:00,P+R Pachońskiego,88.0,88,
2026-05-06 03:00:00,P+R Pachońskiego,88.0,88,
2026-05-06 03:30:00,P+R Pachońskiego,88.0,88,
2026-05-06 04:00:00,P+R Pachońskiego,,88,forward_fill
2026-05-06 04:30:00,P+R Pachońskiego,88.0,88,
2026-05-06 05:00:00,P+R Pachońskiego,84.0,84,
2026-05-06 05:30:00,P+R Pachońskiego,77.0,77,
2026-05-06 06:00:00,P+R Pachońskiego,67.0,67,
2026-05-06 06:30:00,P+R Pachońskiego,43.0,43,
2026-05-06 07:00:00,P+R Pachońskiego,15.0,15,
2026-05-06 07:30:00,P+R Pachońskiego,0.0,0,
2026-05-06 08:00:00,P+R Pachońskiego,0.0,0,
2026-05-06 08:30:00,P+R Pachońskiego,0.0,0,
2026-05-06 09:00:00,P+R Pachońskiego,0.0,0,
2026-05-06 09:30:00,P+R Pachońskiego,0.0,0,
2026-05-06 10:00:00,P+R Pachońskiego,1.0,1,
2026-05-06 10:30:00,P+R Pachońskiego,0.0,0,
2026-05-06 11:00:00,P+R Pachońskiego,0.0,0,
2026-05-06 11:30:00,P+R Pachońskiego,0.0,0,
2026-05-06 12:00:00,P+R Pachońskiego,0.0,0,
2026-05-06 12:30:00,P+R Pachońskiego,1.0,1,
2026-05-06 13:00:00,P+R Pachońskiego,0.0,0,
2026-05-06 13:30:00,P+R Pachońskiego,1.0,1,
2026-05-06 14:00:00,P+R Pachońskiego,2.0,2,
2026-05-06 14:30:00,P+R Pachońskiego,6.0,6,
2026-05-06 15:00:00,P+R Pachońskiego,19.0,19,
2026-05-06 15:30:00,P+R Pachońskiego,34.0,34,
2026-05-06 16:00:00,P+R Pachońskiego,61.0,61,
2026-05-06 16:30:00,P+R Pachońskiego,63.0,63,
2026-05-06 17:00:00,P+R Pachońskiego,67.0,67,
2026-05-06 17:30:00,P+R Pachońskiego,70.0,70,
2026-05-06 18:00:00,P+R Pachońskiego,72.0,72,
2026-05-06 18:30:00,P+R Pachońskiego,74.0,74,
2026-05-06 19:00:00,P+R Pachońskiego,78.0,78,
2026-05-06 19:30:00,P+R Pachońskiego,79.0,79,
2026-05-06 20:00:00,P+R Pachońskiego,80.0,80,
2026-05-06 20:30:00,P+R Pachońskiego,83.0,83,
2026-05-06 21:00:00,P+R Pachońskiego,86.0,86,
2026-05-06 21:30:00,P+R Pachońskiego,87.0,87,
2026-05-06 22:00:00,P+R Pachońskiego,88.0,88,
2026-05-06 22:30:00,P+R Pachońskiego,88.0,88,
2026-05-06 23:00:00,P+R Pachońskiego,88.0,88,
2026-05-06 23:30:00,P+R Pachońskiego,88.0,88,
2026-05-07 00:00:00,P+R Pachońskiego,88.0,88,
2026-05-07 00:30:00,P+R Pachońskiego,88.0,88,
2026-05-07 01:00:00,P+R Pachońskiego,88.0,88,
2026-05-07 01:30:00,P+R Pachońskiego,88.0,88,
2026-05-07 02:00:00,P+R Pachońskiego,88.0,88,
2026-05-07 02:30:00,P+R Pachońskiego,88.0,88,
2026-05-07 03:00:00,P+R Pachońskiego,88.0,88,
2026-05-07 03:30:00,P+R Pachońskiego,88.0,88,
2026-05-07 04:00:00,P+R Pachońskiego,88.0,88,
2026-05-07 04:30:00,P+R Pachońskiego,88.0,88,
2026-05-07 05:00:00,P+R Pachońskiego,86.0,86,
2026-05-07 05:30:00,P+R Pachońskiego,82.0,82,
2026-05-07 06:00:00,P+R Pachońskiego,67.0,67,
2026-05-07 06:30:00,P+R Pachońskiego,40.0,40,
2026-05-07 07:00:00,P+R Pachońskiego,8.0,8,
2026-05-07 07:30:00,P+R Pachońskiego,0.0,0,
2026-05-07 08:00:00,P+R Pachońskiego,0.0,0,
2026-05-07 08:30:00,P+R Pachońskiego,0.0,0,
2026-05-07 09:00:00,P+R Pachońskiego,0.0,0,
2026-05-07 09:30:00,P+R Pachońskiego,0.0,0,
2026-05-07 10:00:00,P+R Pachońskiego,0.0,0,
2026-05-07 10:30:00,P+R Pachońskiego,0.0,0,
2026-05-07 11:00:00,P+R Pachońskiego,0.0,0,
2026-05-07 11:30:00,P+R Pachońskiego,0.0,0,
2026-05-07 12:00:00,P+R Pachońskiego,1.0,1,
2026-05-07 12:30:00,P+R Pachońskiego,1.0,1,
2026-05-07 13:00:00,P+R Pachońskiego,0.0,0,
2026-05-07 13:30:00,P+R Pachońskiego,0.0,0,
2026-05-07 14:00:00,P+R Pachońskiego,0.0,0,
2026-05-07 14:30:00,P+R Pachońskiego,2.0,2,
2026-05-07 15:00:00,P+R Pachońskiego,13.0,13,
2026-05-07 15:30:00,P+R Pachońskiego,23.0,23,
2026-05-07 16:00:00,P+R Pachońskiego,48.0,48,
2026-05-07 16:30:00,P+R Pachońskiego,56.0,56,
2026-05-07 17:00:00,P+R Pachońskiego,59.0,59,
2026-05-07 17:30:00,P+R Pachońskiego,60.0,60,
2026-05-07 18:00:00,P+R Pachońskiego,60.0,60,
2026-05-07 18:30:00,P+R Pachońskiego,68.0,68,
2026-05-07 19:00:00,P+R Pachońskiego,71.0,71,
2026-05-07 19:30:00,P+R Pachońskiego,73.0,73,
2026-05-07 20:00:00,P+R Pachońskiego,77.0,77,
2026-05-07 20:30:00,P+R Pachońskiego,78.0,78,
2026-05-07 21:00:00,P+R Pachońskiego,79.0,79,
2026-05-07 21:30:00,P+R Pachońskiego,82.0,82,
2026-05-07 22:00:00,P+R Pachońskiego,84.0,84,
2026-05-07 22:30:00,P+R Pachońskiego,85.0,85,
2026-05-07 23:00:00,P+R Pachońskiego,88.0,88,
2026-05-07 23:30:00,P+R Pachońskiego,88.0,88,
2026-05-08 00:00:00,P+R Pachońskiego,88.0,88,
2026-05-08 00:30:00,P+R Pachońskiego,88.0,88,
2026-05-08 01:00:00,P+R Pachońskiego,88.0,88,
2026-05-08 01:30:00,P+R Pachońskiego,88.0,88,
2026-05-08 02:00:00,P+R Pachońskiego,88.0,88,
2026-05-08 02:30:00,P+R Pachońskiego,88.0,88,
2026-05-08 03:00:00,P+R Pachońskiego,88.0,88,
2026-05-08 03:30:00,P+R Pachońskiego,88.0,88,
2026-05-08 04:00:00,P+R Pachońskiego,88.0,88,
2026-05-08 04:30:00,P+R Pachońskiego,88.0,88,
2026-05-08 05:00:00,P+R Pachońskiego,86.0,86,
2026-05-08 05:30:00,P+R Pachońskiego,80.0,80,
2026-05-08 06:00:00,P+R Pachońskiego,65.0,65,
2026-05-08 06:30:00,P+R Pachońskiego,40.0,40,
2026-05-08 07:00:00,P+R Pachońskiego,0.0,0,
2026-05-08 07:30:00,P+R Pachońskiego,0.0,0,
2026-05-08 08:00:00,P+R Pachońskiego,0.0,0,
2026-05-08 08:30:00,P+R Pachońskiego,0.0,0,
2026-05-08 09:00:00,P+R Pachońskiego,1.0,1,
2026-05-08 09:30:00,P+R Pachońskiego,0.0,0,
2026-05-08 10:00:00,P+R Pachońskiego,1.0,1,
2026-05-08 10:30:00,P+R Pachońskiego,0.0,0,
2026-05-08 11:00:00,P+R Pachońskiego,1.0,1,
2026-05-08 11:30:00,P+R Pachońskiego,1.0,1,
2026-05-08 12:00:00,P+R Pachońskiego,0.0,0,
2026-05-08 12:30:00,P+R Pachońskiego,0.0,0,
2026-05-08 13:00:00,P+R Pachońskiego,0.0,0,
2026-05-08 13:30:00,P+R Pachońskiego,5.0,5,
2026-05-08 14:00:00,P+R Pachońskiego,10.0,10,
2026-05-08 14:30:00,P+R Pachońskiego,18.0,18,
2026-05-08 15:00:00,P+R Pachońskiego,26.0,26,
2026-05-08 15:30:00,P+R Pachońskiego,47.0,47,
2026-05-08 16:00:00,P+R Pachońskiego,66.0,66,
2026-05-08 16:30:00,P+R Pachońskiego,74.0,74,
2026-05-08 17:00:00,P+R Pachońskiego,74.0,74,
2026-05-08 17:30:00,P+R Pachońskiego,76.0,76,
2026-05-08 18:00:00,P+R Pachońskiego,79.0,79,
2026-05-08 18:30:00,P+R Pachońskiego,81.0,81,
2026-05-08 19:00:00,P+R Pachońskiego,80.0,80,
2026-05-08 19:30:00,P+R Pachońskiego,80.0,80,
2026-05-08 20:00:00,P+R Pachońskiego,79.0,79,
2026-05-08 20:30:00,P+R Pachońskiego,79.0,79,
2026-05-08 21:00:00,P+R Pachońskiego,82.0,82,
2026-05-08 21:30:00,P+R Pachońskiego,82.0,82,
2026-05-08 22:00:00,P+R Pachońskiego,83.0,83,
2026-05-08 22:30:00,P+R Pachońskiego,86.0,86,
2026-05-08 23:00:00,P+R Pachońskiego,86.0,86,
2026-05-08 23:30:00,P+R Pachońskiego,87.0,87,
2026-05-09 00:00:00,P+R Pachońskiego,88.0,88,
2026-05-09 00:30:00,P+R Pachońskiego,88.0,88,
2026-05-09 01:00:00,P+R Pachońskiego,88.0,88,
2026-05-09 01:30:00,P+R Pachońskiego,88.0,88,
2026-05-09 02:00:00,P+R Pachońskiego,88.0,88,
2026-05-09 02:30:00,P+R Pachońskiego,88.0,88,
2026-05-09 03:00:00,P+R Pachońskiego,88.0,88,
2026-05-09 03:30:00,P+R Pachońskiego,88.0,88,
2026-05-09 04:00:00,P+R Pachońskiego,88.0,88,
2026-05-09 04:30:00,P+R Pachońskiego,88.0,88,
2026-05-09 05:00:00,P+R Pachońskiego,88.0,88,
2026-05-09 05:30:00,P+R Pachońskiego,88.0,88,
2026-05-09 06:00:00,P+R Pachońskiego,88.0,88,
2026-05-09 06:30:00,P+R Pachońskiego,87.0,87,
2026-05-09 07:00:00,P+R Pachońskiego,86.0,86,
2026-05-09 07:30:00,P+R Pachońskiego,86.0,86,
2026-05-09 08:00:00,P+R Pachońskiego,84.0,84,
2026-05-09 08:30:00,P+R Pachońskiego,82.0,82,
2026-05-09 09:00:00,P+R Pachońskiego,81.0,81,
2026-05-09 09:30:00,P+R Pachońskiego,78.0,78,
2026-05-09 10:00:00,P+R Pachońskiego,74.0,74,
2026-05-09 10:30:00,P+R Pachońskiego,74.0,74,
2026-05-09 11:00:00,P+R Pachońskiego,72.0,72,
2026-05-09 11:30:00,P+R Pachońskiego,70.0,70,
2026-05-09 12:00:00,P+R Pachońskiego,71.0,71,
2026-05-09 12:30:00,P+R Pachońskiego,71.0,71,
2026-05-09 13:00:00,P+R Pachońskiego,71.0,71,
2026-05-09 13:30:00,P+R Pachońskiego,70.0,70,
2026-05-09 14:00:00,P+R Pachońskiego,67.0,67,
2026-05-09 14:30:00,P+R Pachońskiego,67.0,67,
2026-05-09 15:00:00,P+R Pachońskiego,65.0,65,
2026-05-09 15:30:00,P+R Pachońskiego,66.0,66,
2026-05-09 16:00:00,P+R Pachońskiego,68.0,68,
2026-05-09 16:30:00,P+R Pachońskiego,69.0,69,
2026-05-09 17:00:00,P+R Pachońskiego,73.0,73,
2026-05-09 17:30:00,P+R Pachońskiego,74.0,74,
2026-05-09 18:00:00,P+R Pachońskiego,73.0,73,
2026-05-09 18:30:00,P+R Pachońskiego,73.0,73,
2026-05-09 19:00:00,P+R Pachońskiego,75.0,75,
2026-05-09 19:30:00,P+R Pachońskiego,77.0,77,
2026-05-09 20:00:00,P+R Pachońskiego,76.0,76,
2026-05-09 20:30:00,P+R Pachońskiego,79.0,79,
2026-05-09 21:00:00,P+R Pachońskiego,81.0,81,
2026-05-09 21:30:00,P+R Pachońskiego,82.0,82,
2026-05-09 22:00:00,P+R Pachońskiego,83.0,83,
2026-05-09 22:30:00,P+R Pachońskiego,83.0,83,
2026-05-09 23:00:00,P+R Pachońskiego,84.0,84,
2026-05-09 23:30:00,P+R Pachońskiego,85.0,85,
2026-05-10 00:00:00,P+R Pachońskiego,86.0,86,
2026-05-10 00:30:00,P+R Pachońskiego,87.0,87,
2026-05-10 01:00:00,P+R Pachońskiego,87.0,87,
2026-05-10 01:30:00,P+R Pachońskiego,87.0,87,
2026-05-10 02:00:00,P+R Pachońskiego,87.0,87,
2026-05-10 02:30:00,P+R Pachońskiego,87.0,87,
2026-05-10 03:00:00,P+R Pachońskiego,87.0,87,
2026-05-10 03:30:00,P+R Pachońskiego,87.0,87,
2026-05-10 04:00:00,P+R Pachońskiego,87.0,87,
2026-05-10 04:30:00,P+R Pachońskiego,87.0,87,
2026-05-10 05:00:00,P+R Pachońskiego,87.0,87,
2026-05-10 05:30:00,P+R Pachońskiego,,87,forward_fill
2026-05-10 06:00:00,P+R Pachońskiego,86.0,86,
2026-05-10 06:30:00,P+R Pachońskiego,86.0,86,
2026-05-10 07:00:00,P+R Pachońskiego,84.0,84,
2026-05-10 07:30:00,P+R Pachońskiego,84.0,84,
2026-05-10 08:00:00,P+R Pachońskiego,84.0,84,
2026-05-10 08:30:00,P+R Pachońskiego,80.0,80,
2026-05-10 09:00:00,P+R Pachońskiego,78.0,78,
2026-05-10 09:30:00,P+R Pachońskiego,76.0,76,
2026-05-10 10:00:00,P+R Pachońskiego,75.0,75,
2026-05-10 10:30:00,P+R Pachońskiego,72.0,72,
2026-05-10 11:00:00,P+R Pachońskiego,70.0,70,
2026-05-10 11:30:00,P+R Pachońskiego,70.0,70,
2026-05-10 12:00:00,P+R Pachońskiego,71.0,71,
2026-05-10 12:30:00,P+R Pachońskiego,72.0,72,
2026-05-10 13:00:00,P+R Pachońskiego,73.0,73,
2026-05-10 13:30:00,P+R Pachońskiego,73.0,73,
2026-05-10 14:00:00,P+R Pachońskiego,73.0,73,
2026-05-10 14:30:00,P+R Pachońskiego,75.0,75,
2026-05-10 15:00:00,P+R Pachońskiego,74.0,74,
2026-05-10 15:30:00,P+R Pachońskiego,75.0,75,
2026-05-10 16:00:00,P+R Pachońskiego,75.0,75,
2026-05-10 16:30:00,P+R Pachońskiego,75.0,75,
2026-05-10 17:00:00,P+R Pachońskiego,77.0,77,
2026-05-10 17:30:00,P+R Pachońskiego,74.0,74,
2026-05-10 18:00:00,P+R Pachońskiego,73.0,73,
2026-05-10 18:30:00,P+R Pachońskiego,74.0,74,
2026-05-10 19:00:00,P+R Pachońskiego,74.0,74,
2026-05-10 19:30:00,P+R Pachońskiego,74.0,74,
2026-05-10 20:00:00,P+R Pachońskiego,75.0,75,
2026-05-10 20:30:00,P+R Pachońskiego,77.0,77,
2026-05-10 21:00:00,P+R Pachońskiego,82.0,82,
2026-05-10 21:30:00,P+R Pachońskiego,82.0,82,
2026-05-10 22:00:00,P+R Pachońskiego,84.0,84,
2026-05-10 22:30:00,P+R Pachońskiego,87.0,87,
2026-05-10 23:00:00,P+R Pachońskiego,88.0,88,
2026-05-10 23:30:00,P+R Pachońskiego,88.0,88,
2026-05-11 00:00:00,P+R Pachońskiego,88.0,88,
2026-05-11 00:30:00,P+R Pachońskiego,88.0,88,
2026-05-11 01:00:00,P+R Pachońskiego,88.0,88,
2026-05-11 01:30:00,P+R Pachońskiego,88.0,88,
2026-05-11 02:00:00,P+R Pachońskiego,88.0,88,
2026-05-11 02:30:00,P+R Pachońskiego,88.0,88,
2026-05-11 03:00:00,P+R Pachońskiego,88.0,88,
2026-05-11 03:30:00,P+R Pachońskiego,88.0,88,
2026-05-11 04:00:00,P+R Pachońskiego,88.0,88,
2026-05-11 04:30:00,P+R Pachońskiego,88.0,88,
2026-05-11 05:00:00,P+R Pachońskiego,86.0,86,
2026-05-11 05:30:00,P+R Pachońskiego,82.0,82,
2026-05-11 06:00:00,P+R Pachońskiego,71.0,71,
2026-05-11 06:30:00,P+R Pachońskiego,42.0,42,
2026-05-11 07:00:00,P+R Pachońskiego,7.0,7,
2026-05-11 07:30:00,P+R Pachońskiego,0.0,0,
2026-05-11 08:00:00,P+R Pachońskiego,0.0,0,
2026-05-11 08:30:00,P+R Pachońskiego,0.0,0,
2026-05-11 09:00:00,P+R Pachońskiego,0.0,0,
2026-05-11 09:30:00,P+R Pachońskiego,0.0,0,
2026-05-11 10:00:00,P+R Pachońskiego,0.0,0,
2026-05-11 10:30:00,P+R Pachońskiego,0.0,0,
2026-05-11 11:00:00,P+R Pachońskiego,0.0,0,
2026-05-11 11:30:00,P+R Pachońskiego,0.0,0,
2026-05-11 12:00:00,P+R Pachońskiego,0.0,0,
2026-05-11 12:30:00,P+R Pachońskiego,0.0,0,
2026-05-11 13:00:00,P+R Pachońskiego,2.0,2,
2026-05-11 13:30:00,P+R Pachońskiego,1.0,1,
2026-05-11 14:00:00,P+R Pachońskiego,2.0,2,
2026-05-11 14:30:00,P+R Pachońskiego,3.0,3,
2026-05-11 15:00:00,P+R Pachońskiego,9.0,9,
2026-05-11 15:30:00,P+R Pachońskiego,33.0,33,
2026-05-11 16:00:00,P+R Pachońskiego,54.0,54,
2026-05-11 16:30:00,P+R Pachońskiego,56.0,56,
2026-05-11 17:00:00,P+R Pachońskiego,68.0,68,
2026-05-11 17:30:00,P+R Pachońskiego,70.0,70,
2026-05-11 18:00:00,P+R Pachońskiego,69.0,69,
2026-05-11 18:30:00,P+R Pachońskiego,74.0,74,
2026-05-11 19:00:00,P+R Pachońskiego,79.0,79,
2026-05-11 19:30:00,P+R Pachońskiego,81.0,81,
2026-05-11 20:00:00,P+R Pachońskiego,83.0,83,
2026-05-11 20:30:00,P+R Pachońskiego,85.0,85,
2026-05-11 21:00:00,P+R Pachońskiego,85.0,85,
2026-05-11 21:30:00,P+R Pachońskiego,87.0,87,
2026-05-11 22:00:00,P+R Pachońskiego,87.0,87,
2026-05-11 22:30:00,P+R Pachońskiego,88.0,88,
2026-05-11 23:00:00,P+R Pachońskiego,88.0,88,
2026-05-11 23:30:00,P+R Pachońskiego,88.0,88,
2026-05-12 00:00:00,P+R Pachońskiego,88.0,88,
2026-05-12 00:30:00,P+R Pachońskiego,88.0,88,
2026-05-12 01:00:00,P+R Pachońskiego,88.0,88,
2026-05-12 01:30:00,P+R Pachońskiego,88.0,88,
2026-05-12 02:00:00,P+R Pachońskiego,88.0,88,
2026-05-12 02:30:00,P+R Pachońskiego,88.0,88,
2026-05-12 03:00:00,P+R Pachońskiego,88.0,88,
2026-05-12 03:30:00,P+R Pachońskiego,88.0,88,
2026-05-12 04:00:00,P+R Pachońskiego,88.0,88,
2026-05-12 04:30:00,P+R Pachońskiego,88.0,88,
2026-05-12 05:00:00,P+R Pachońskiego,,88,forward_fill
2026-05-12 05:30:00,P+R Pachońskiego,76.0,76,
2026-05-12 06:00:00,P+R Pachońskiego,66.0,66,
2026-05-12 06:30:00,P+R Pachońskiego,47.0,47,
2026-05-12 07:00:00,P+R Pachońskiego,6.0,6,
2026-05-12 07:30:00,P+R Pachońskiego,0.0,0,
2026-05-12 08:00:00,P+R Pachońskiego,0.0,0,
2026-05-12 08:30:00,P+R Pachońskiego,0.0,0,
2026-05-12 09:00:00,P+R Pachońskiego,0.0,0,
2026-05-12 09:30:00,P+R Pachońskiego,0.0,0,
2026-05-12 10:00:00,P+R Pachońskiego,0.0,0,
2026-05-12 10:30:00,P+R Pachońskiego,0.0,0,
2026-05-12 11:00:00,P+R Pachońskiego,1.0,1,
2026-05-12 11:30:00,P+R Pachońskiego,0.0,0,
2026-05-12 12:00:00,P+R Pachońskiego,0.0,0,
2026-05-12 12:30:00,P+R Pachońskiego,0.0,0,
2026-05-12 13:00:00,P+R Pachońskiego,0.0,0,
2026-05-12 13:30:00,P+R Pachońskiego,0.0,0,
2026-05-12 14:00:00,P+R Pachońskiego,1.0,1,
2026-05-12 14:30:00,P+R Pachońskiego,3.0,3,
2026-05-12 15:00:00,P+R Pachońskiego,9.0,9,
2026-05-12 15:30:00,P+R Pachońskiego,33.0,33,
2026-05-12 16:00:00,P+R Pachońskiego,51.0,51,
2026-05-12 16:30:00,P+R Pachońskiego,58.0,58,
2026-05-12 17:00:00,P+R Pachońskiego,61.0,61,
2026-05-12 17:30:00,P+R Pachońskiego,62.0,62,
2026-05-12 18:00:00,P+R Pachońskiego,66.0,66,
2026-05-12 18:30:00,P+R Pachońskiego,,66,forward_fill
2026-05-12 19:00:00,P+R Pachońskiego,72.0,72,
2026-05-12 19:30:00,P+R Pachońskiego,74.0,74,
2026-05-12 20:00:00,P+R Pachońskiego,77.0,77,
2026-05-12 20:30:00,P+R Pachońskiego,82.0,82,
2026-05-12 21:00:00,P+R Pachońskiego,84.0,84,
2026-05-12 21:30:00,P+R Pachońskiego,88.0,88,
2026-05-12 22:00:00,P+R Pachońskiego,88.0,88,
2026-05-12 22:30:00,P+R Pachońskiego,88.0,88,
2026-05-12 23:00:00,P+R Pachońskiego,88.0,88,
2026-05-12 23:30:00,P+R Pachońskiego,88.0,88,
2026-05-13 00:00:00,P+R Pachońskiego,88.0,88,
2026-05-13 00:30:00,P+R Pachońskiego,88.0,88,
2026-05-13 01:00:00,P+R Pachońskiego,88.0,88,
2026-05-13 01:30:00,P+R Pachońskiego,88.0,88,
2026-05-13 02:00:00,P+R Pachońskiego,88.0,88,
2026-05-13 02:30:00,P+R Pachońskiego,88.0,88,
2026-05-13 03:00:00,P+R Pachońskiego,88.0,88,
2026-05-13 03:30:00,P+R Pachońskiego,88.0,88,
2026-05-13 04:00:00,P+R Pachońskiego,88.0,88,
2026-05-13 04:30:00,P+R Pachońskiego,88.0,88,
2026-05-13 05:00:00,P+R Pachońskiego,85.0,85,
2026-05-13 05:30:00,P+R Pachońskiego,81.0,81,
2026-05-13 06:00:00,P+R Pachońskiego,64.0,64,
2026-05-13 06:30:00,P+R Pachońskiego,44.0,44,
2026-05-13 07:00:00,P+R Pachońskiego,10.0,10,
2026-05-13 07:30:00,P+R Pachońskiego,0.0,0,
2026-05-13 08:00:00,P+R Pachońskiego,0.0,0,
2026-05-13 08:30:00,P+R Pachońskiego,0.0,0,
2026-05-13 09:00:00,P+R Pachońskiego,0.0,0,
2026-05-13 09:30:00,P+R Pachońskiego,0.0,0,
2026-05-13 10:00:00,P+R Pachońskiego,0.0,0,
2026-05-13 10:30:00,P+R Pachońskiego,0.0,0,
2026-05-13 11:00:00,P+R Pachońskiego,0.0,0,
2026-05-13 11:30:00,P+R Pachońskiego,0.0,0,
2026-05-13 12:00:00,P+R Pachońskiego,0.0,0,
2026-05-13 12:30:00,P+R Pachońskiego,0.0,0,
2026-05-13 13:00:00,P+R Pachońskiego,0.0,0,
2026-05-13 13:30:00,P+R Pachońskiego,0.0,0,
2026-05-13 14:00:00,P+R Pachońskiego,3.0,3,
2026-05-13 14:30:00,P+R Pachońskiego,2.0,2,
2026-05-13 15:00:00,P+R Pachońskiego,7.0,7,
2026-05-13 15:30:00,P+R Pachońskiego,26.0,26,
2026-05-13 16:00:00,P+R Pachońskiego,38.0,38,
2026-05-13 16:30:00,P+R Pachońskiego,47.0,47,
2026-05-13 17:00:00,P+R Pachońskiego,55.0,55,
2026-05-13 17:30:00,P+R Pachońskiego,53.0,53,
2026-05-13 18:00:00,P+R Pachońskiego,58.0,58,
2026-05-13 18:30:00,P+R Pachońskiego,66.0,66,
2026-05-13 19:00:00,P+R Pachońskiego,71.0,71,
2026-05-13 19:30:00,P+R Pachońskiego,76.0,76,
2026-05-13 20:00:00,P+R Pachońskiego,79.0,79,
2026-05-13 20:30:00,P+R Pachońskiego,79.0,79,
2026-05-13 21:00:00,P+R Pachońskiego,80.0,80,
2026-05-13 21:30:00,P+R Pachońskiego,83.0,83,
2026-05-13 22:00:00,P+R Pachońskiego,84.0,84,
2026-05-13 22:30:00,P+R Pachońskiego,85.0,85,
2026-05-13 23:00:00,P+R Pachońskiego,87.0,87,
2026-05-13 23:30:00,P+R Pachońskiego,87.0,87,
2026-05-14 00:00:00,P+R Pachońskiego,87.0,87,
2026-05-14 00:30:00,P+R Pachońskiego,87.0,87,
2026-05-14 01:00:00,P+R Pachońskiego,87.0,87,
2026-05-14 01:30:00,P+R Pachońskiego,88.0,88,
2026-05-14 02:00:00,P+R Pachońskiego,88.0,88,
2026-05-14 02:30:00,P+R Pachońskiego,88.0,88,
2026-05-14 03:00:00,P+R Pachońskiego,88.0,88,
2026-05-14 03:30:00,P+R Pachońskiego,88.0,88,
2026-05-14 04:00:00,P+R Pachońskiego,88.0,88,
2026-05-14 04:30:00,P+R Pachońskiego,88.0,88,
2026-05-14 05:00:00,P+R Pachońskiego,86.0,86,
2026-05-14 05:30:00,P+R Pachońskiego,80.0,80,
2026-05-14 06:00:00,P+R Pachońskiego,62.0,62,
2026-05-14 06:30:00,P+R Pachońskiego,42.0,42,
2026-05-14 07:00:00,P+R Pachońskiego,8.0,8,
2026-05-14 07:30:00,P+R Pachońskiego,0.0,0,
2026-05-14 08:00:00,P+R Pachońskiego,0.0,0,
2026-05-14 08:30:00,P+R Pachońskiego,0.0,0,
2026-05-14 09:00:00,P+R Pachońskiego,0.0,0,
2026-05-14 09:30:00,P+R Pachońskiego,0.0,0,
2026-05-14 10:00:00,P+R Pachońskiego,0.0,0,
2026-05-14 10:30:00,P+R Pachońskiego,0.0,0,
2026-05-14 11:00:00,P+R Pachońskiego,0.0,0,
2026-05-14 11:30:00,P+R Pachońskiego,0.0,0,
2026-05-14 12:00:00,P+R Pachońskiego,0.0,0,
2026-05-14 12:30:00,P+R Pachońskiego,0.0,0,
2026-05-14 13:00:00,P+R Pachońskiego,2.0,2,
2026-05-14 13:30:00,P+R Pachońskiego,3.0,3,
2026-05-14 14:00:00,P+R Pachońskiego,5.0,5,
2026-05-14 14:30:00,P+R Pachońskiego,2.0,2,
2026-05-14 15:00:00,P+R Pachońskiego,13.0,13,
2026-05-14 15:30:00,P+R Pachońskiego,26.0,26,
2026-05-14 16:00:00,P+R Pachońskiego,39.0,39,
2026-05-14 16:30:00,P+R Pachońskiego,44.0,44,
2026-05-14 17:00:00,P+R Pachońskiego,53.0,53,
2026-05-14 17:30:00,P+R Pachońskiego,56.0,56,
2026-05-14 18:00:00,P+R Pachońskiego,60.0,60,
2026-05-14 18:30:00,P+R Pachońskiego,64.0,64,
2026-05-14 19:00:00,P+R Pachońskiego,66.0,66,
2026-05-14 19:30:00,P+R Pachońskiego,69.0,69,
2026-05-14 20:00:00,P+R Pachońskiego,72.0,72,
2026-05-14 20:30:00,P+R Pachońskiego,75.0,75,
2026-05-14 21:00:00,P+R Pachońskiego,79.0,79,
2026-05-14 21:30:00,P+R Pachońskiego,80.0,80,
2026-05-14 22:00:00,P+R Pachońskiego,84.0,84,
2026-05-14 22:30:00,P+R Pachońskiego,84.0,84,
2026-05-14 23:00:00,P+R Pachońskiego,85.0,85,
2026-05-14 23:30:00,P+R Pachońskiego,86.0,86,
2026-05-15 00:00:00,P+R Pachońskiego,,86,forward_fill
2026-05-15 00:30:00,P+R Pachońskiego,,86,forward_fill
2026-05-15 01:00:00,P+R Pachońskiego,88.0,88,
2026-05-15 01:30:00,P+R Pachońskiego,88.0,88,
2026-05-15 02:00:00,P+R Pachońskiego,88.0,88,
2026-05-15 02:30:00,P+R Pachońskiego,88.0,88,
2026-05-15 03:00:00,P+R Pachońskiego,88.0,88,
2026-05-15 03:30:00,P+R Pachońskiego,88.0,88,
2026-05-15 04:00:00,P+R Pachońskiego,88.0,88,
2026-05-15 04:30:00,P+R Pachońskiego,88.0,88,
2026-05-15 05:00:00,P+R Pachońskiego,86.0,86,
2026-05-15 05:30:00,P+R Pachońskiego,81.0,81,
2026-05-15 06:00:00,P+R Pachońskiego,66.0,66,
2026-05-15 06:30:00,P+R Pachońskiego,51.0,51,
2026-05-15 07:00:00,P+R Pachońskiego,13.0,13,
2026-05-15 07:30:00,P+R Pachońskiego,2.0,2,
2026-05-15 08:00:00,P+R Pachońskiego,1.0,1,
2026-05-15 08:30:00,P+R Pachońskiego,0.0,0,
2026-05-15 09:00:00,P+R Pachońskiego,1.0,1,
2026-05-15 09:30:00,P+R Pachońskiego,0.0,0,
2026-05-15 10:00:00,P+R Pachońskiego,1.0,1,
2026-05-15 10:30:00,P+R Pachońskiego,2.0,2,
2026-05-15 11:00:00,P+R Pachońskiego,1.0,1,
2026-05-15 11:30:00,P+R Pachońskiego,1.0,1,
2026-05-15 12:00:00,P+R Pachońskiego,0.0,0,
2026-05-15 12:30:00,P+R Pachońskiego,1.0,1,
2026-05-15 13:00:00,P+R Pachońskiego,2.0,2,
2026-05-15 13:30:00,P+R Pachońskiego,5.0,5,
2026-05-15 14:00:00,P+R Pachońskiego,14.0,14,
2026-05-15 14:30:00,P+R Pachońskiego,17.0,17,
2026-05-15 15:00:00,P+R Pachońskiego,30.0,30,
2026-05-15 15:30:00,P+R Pachońskiego,40.0,40,
2026-05-15 16:00:00,P+R Pachońskiego,57.0,57,
2026-05-15 16:30:00,P+R Pachońskiego,63.0,63,
2026-05-15 17:00:00,P+R Pachońskiego,62.0,62,
2026-05-15 17:30:00,P+R Pachońskiego,67.0,67,
2026-05-15 18:00:00,P+R Pachońskiego,71.0,71,
2026-05-15 18:30:00,P+R Pachońskiego,69.0,69,
2026-05-15 19:00:00,P+R Pachońskiego,70.0,70,
2026-05-15 19:30:00,P+R Pachońskiego,70.0,70,
2026-05-15 20:00:00,P+R Pachońskiego,70.0,70,
2026-05-15 20:30:00,P+R Pachońskiego,73.0,73,
2026-05-15 21:00:00,P+R Pachońskiego,73.0,73,
2026-05-15 21:30:00,P+R Pachońskiego,76.0,76,
2026-05-15 22:00:00,P+R Pachońskiego,79.0,79,
2026-05-15 22:30:00,P+R Pachońskiego,79.0,79,
2026-05-15 23:00:00,P+R Pachońskiego,79.0,79,
2026-05-15 23:30:00,P+R Pachońskiego,81.0,81,
2026-05-16 00:00:00,P+R Pachońskiego,85.0,85,
2026-05-16 00:30:00,P+R Pachońskiego,86.0,86,
2026-05-16 01:00:00,P+R Pachońskiego,86.0,86,
2026-05-16 01:30:00,P+R Pachońskiego,87.0,87,
2026-05-16 02:00:00,P+R Pachońskiego,87.0,87,
2026-05-16 02:30:00,P+R Pachońskiego,88.0,88,
2026-05-16 03:00:00,P+R Pachońskiego,88.0,88,
2026-05-16 03:30:00,P+R Pachońskiego,88.0,88,
2026-05-16 04:00:00,P+R Pachońskiego,88.0,88,
2026-05-16 04:30:00,P+R Pachońskiego,88.0,88,
2026-05-16 05:00:00,P+R Pachońskiego,86.0,86,
2026-05-16 05:30:00,P+R Pachońskiego,84.0,84,
2026-05-16 06:00:00,P+R Pachońskiego,83.0,83,
2026-05-16 06:30:00,P+R Pachońskiego,80.0,80,
2026-05-16 07:00:00,P+R Pachońskiego,78.0,78,
2026-05-16 07:30:00,P+R Pachońskiego,76.0,76,
2026-05-16 08:00:00,P+R Pachońskiego,75.0,75,
2026-05-16 08:30:00,P+R Pachońskiego,72.0,72,
2026-05-16 09:00:00,P+R Pachońskiego,67.0,67,
2026-05-16 09:30:00,P+R Pachońskiego,64.0,64,
2026-05-16 10:00:00,P+R Pachońskiego,63.0,63,
2026-05-16 10:30:00,P+R Pachońskiego,63.0,63,
2026-05-16 11:00:00,P+R Pachońskiego,61.0,61,
2026-05-16 11:30:00,P+R Pachońskiego,57.0,57,
2026-05-16 12:00:00,P+R Pachońskiego,57.0,57,
2026-05-16 12:30:00,P+R Pachońskiego,57.0,57,
2026-05-16 13:00:00,P+R Pachońskiego,59.0,59,
2026-05-16 13:30:00,P+R Pachońskiego,59.0,59,
2026-05-16 14:00:00,P+R Pachońskiego,59.0,59,
2026-05-16 14:30:00,P+R Pachońskiego,60.0,60,
2026-05-16 15:00:00,P+R Pachońskiego,64.0,64,
2026-05-16 15:30:00,P+R Pachońskiego,68.0,68,
2026-05-16 16:00:00,P+R Pachońskiego,69.0,69,
2026-05-16 16:30:00,P+R Pachońskiego,68.0,68,
2026-05-16 17:00:00,P+R Pachońskiego,68.0,68,
2026-05-16 17:30:00,P+R Pachońskiego,69.0,69,
2026-05-16 18:00:00,P+R Pachońskiego,71.0,71,
2026-05-16 18:30:00,P+R Pachońskiego,75.0,75,
2026-05-16 19:00:00,P+R Pachońskiego,79.0,79,
2026-05-16 19:30:00,P+R Pachońskiego,84.0,84,
2026-05-16 20:00:00,P+R Pachońskiego,,84,forward_fill
2026-05-16 20:30:00,P+R Pachońskiego,86.0,86,
2026-05-16 21:00:00,P+R Pachońskiego,83.0,83,
2026-05-16 21:30:00,P+R Pachońskiego,84.0,84,
2026-05-16 22:00:00,P+R Pachońskiego,85.0,85,
2026-05-16 22:30:00,P+R Pachońskiego,87.0,87,
2026-05-16 23:00:00,P+R Pachońskiego,87.0,87,
2026-05-16 23:30:00,P+R Pachońskiego,87.0,87,
2026-05-17 00:00:00,P+R Pachońskiego,87.0,87,
2026-05-17 00:30:00,P+R Pachońskiego,86.0,86,
2026-05-17 01:00:00,P+R Pachońskiego,86.0,86,
2026-05-17 01:30:00,P+R Pachońskiego,88.0,88,
2026-05-17 02:00:00,P+R Pachońskiego,88.0,88,
2026-05-17 02:30:00,P+R Pachońskiego,88.0,88,
2026-05-17 03:00:00,P+R Pachońskiego,88.0,88,
2026-05-17 03:30:00,P+R Pachońskiego,88.0,88,
2026-05-17 04:00:00,P+R Pachońskiego,88.0,88,
2026-05-17 04:30:00,P+R Pachońskiego,88.0,88,
2026-05-17 05:00:00,P+R Pachońskiego,88.0,88,
2026-05-17 05:30:00,P+R Pachońskiego,87.0,87,
2026-05-17 06:00:00,P+R Pachońskiego,87.0,87,
2026-05-17 06:30:00,P+R Pachońskiego,86.0,86,
2026-05-17 07:00:00,P+R Pachońskiego,86.0,86,
2026-05-17 07:30:00,P+R Pachońskiego,84.0,84,
2026-05-17 08:00:00,P+R Pachońskiego,83.0,83,
2026-05-17 08:30:00,P+R Pachońskiego,82.0,82,
2026-05-17 09:00:00,P+R Pachońskiego,81.0,81,
2026-05-17 09:30:00,P+R Pachońskiego,79.0,79,
2026-05-17 10:00:00,P+R Pachońskiego,75.0,75,
2026-05-17 10:30:00,P+R Pachońskiego,75.0,75,
2026-05-17 11:00:00,P+R Pachońskiego,75.0,75,
2026-05-17 11:30:00,P+R Pachońskiego,76.0,76,
2026-05-17 12:00:00,P+R Pachońskiego,75.0,75,
2026-05-17 12:30:00,P+R Pachońskiego,73.0,73,
2026-05-17 13:00:00,P+R Pachońskiego,70.0,70,
2026-05-17 13:30:00,P+R Pachońskiego,69.0,69,
2026-05-17 14:00:00,P+R Pachońskiego,70.0,70,
2026-05-17 14:30:00,P+R Pachońskiego,68.0,68,
2026-05-17 15:00:00,P+R Pachońskiego,70.0,70,
2026-05-17 15:30:00,P+R Pachońskiego,71.0,71,
2026-05-17 16:00:00,P+R Pachońskiego,69.0,69,
2026-05-17 16:30:00,P+R Pachońskiego,69.0,69,
2026-05-17 17:00:00,P+R Pachońskiego,68.0,68,
2026-05-17 17:30:00,P+R Pachońskiego,68.0,68,
2026-05-17 18:00:00,P+R Pachońskiego,67.0,67,
2026-05-17 18:30:00,P+R Pachońskiego,73.0,73,
2026-05-17 19:00:00,P+R Pachońskiego,73.0,73,
2026-05-17 19:30:00,P+R Pachońskiego,77.0,77,
2026-05-17 20:00:00,P+R Pachońskiego,76.0,76,
2026-05-17 20:30:00,P+R Pachońskiego,78.0,78,
2026-05-17 21:00:00,P+R Pachońskiego,83.0,83,
2026-05-17 21:30:00,P+R Pachońskiego,84.0,84,
2026-05-17 22:00:00,P+R Pachońskiego,88.0,88,
2026-05-17 22:30:00,P+R Pachońskiego,88.0,88,
2026-05-17 23:00:00,P+R Pachońskiego,88.0,88,
2026-05-17 23:30:00,P+R Pachońskiego,88.0,88,
2026-05-18 00:00:00,P+R Pachońskiego,,88,forward_fill
2026-05-18 00:30:00,P+R Pachońskiego,,88,forward_fill
2026-05-18 01:00:00,P+R Pachońskiego,88.0,88,
2026-05-18 01:30:00,P+R Pachońskiego,88.0,88,
2026-05-18 02:00:00,P+R Pachońskiego,88.0,88,
2026-05-18 02:30:00,P+R Pachońskiego,88.0,88,
2026-05-18 03:00:00,P+R Pachońskiego,88.0,88,
2026-05-18 03:30:00,P+R Pachońskiego,88.0,88,
2026-05-18 04:00:00,P+R Pachońskiego,88.0,88,
2026-05-18 04:30:00,P+R Pachońskiego,88.0,88,
2026-05-18 05:00:00,P+R Pachońskiego,85.0,85,
2026-05-18 05:30:00,P+R Pachońskiego,82.0,82,
2026-05-18 06:00:00,P+R Pachońskiego,72.0,72,
2026-05-18 06:30:00,P+R Pachońskiego,58.0,58,
2026-05-18 07:00:00,P+R Pachońskiego,20.0,20,
2026-05-18 07:30:00,P+R Pachońskiego,5.0,5,
2026-05-18 08:00:00,P+R Pachońskiego,0.0,0,
2026-05-18 08:30:00,P+R Pachońskiego,0.0,0,
2026-05-18 09:00:00,P+R Pachońskiego,0.0,0,
2026-05-18 09:30:00,P+R Pachońskiego,0.0,0,
2026-05-18 10:00:00,P+R Pachońskiego,0.0,0,
2026-05-18 10:30:00,P+R Pachońskiego,0.0,0,
2026-05-18 11:00:00,P+R Pachońskiego,0.0,0,
2026-05-18 11:30:00,P+R Pachońskiego,0.0,0,
2026-05-18 12:00:00,P+R Pachońskiego,0.0,0,
2026-05-18 12:30:00,P+R Pachońskiego,1.0,1,
2026-05-18 13:00:00,P+R Pachońskiego,3.0,3,
2026-05-18 13:30:00,P+R Pachońskiego,1.0,1,
2026-05-18 14:00:00,P+R Pachońskiego,4.0,4,
2026-05-18 14:30:00,P+R Pachońskiego,3.0,3,
2026-05-18 15:00:00,P+R Pachońskiego,6.0,6,
2026-05-18 15:30:00,P+R Pachońskiego,24.0,24,
2026-05-18 16:00:00,P+R Pachońskiego,44.0,44,
2026-05-18 16:30:00,P+R Pachońskiego,58.0,58,
2026-05-18 17:00:00,P+R Pachońskiego,64.0,64,
2026-05-18 17:30:00,P+R Pachońskiego,68.0,68,
2026-05-18 18:00:00,P+R Pachońskiego,,68,forward_fill
2026-05-18 18:30:00,P+R Pachońskiego,,68,forward_fill
2026-05-18 19:00:00,P+R Pachońskiego,72.0,72,
2026-05-18 19:30:00,P+R Pachońskiego,74.0,74,
2026-05-18 20:00:00,P+R Pachońskiego,75.0,75,
2026-05-18 20:30:00,P+R Pachońskiego,80.0,80,
2026-05-18 21:00:00,P+R Pachońskiego,84.0,84,
2026-05-18 21:30:00,P+R Pachońskiego,88.0,88,
2026-05-18 22:00:00,P+R Pachońskiego,87.0,87,
2026-05-18 22:30:00,P+R Pachońskiego,87.0,87,
2026-05-18 23:00:00,P+R Pachońskiego,88.0,88,
2026-05-18 23:30:00,P+R Pachońskiego,88.0,88,
2026-05-19 00:00:00,P+R Pachońskiego,88.0,88,
2026-05-19 00:30:00,P+R Pachońskiego,88.0,88,
2026-05-19 01:00:00,P+R Pachońskiego,88.0,88,
2026-05-19 01:30:00,P+R Pachońskiego,88.0,88,
2026-05-19 02:00:00,P+R Pachońskiego,88.0,88,
2026-05-19 02:30:00,P+R Pachońskiego,88.0,88,
2026-05-19 03:00:00,P+R Pachońskiego,88.0,88,
2026-05-19 03:30:00,P+R Pachońskiego,88.0,88,
2026-05-19 04:00:00,P+R Pachońskiego,88.0,88,
2026-05-19 04:30:00,P+R Pachońskiego,88.0,88,
2026-05-19 05:00:00,P+R Pachońskiego,87.0,87,
2026-05-19 05:30:00,P+R Pachońskiego,81.0,81,
2026-05-19 06:00:00,P+R Pachońskiego,69.0,69,
2026-05-19 06:30:00,P+R Pachońskiego,49.0,49,
2026-05-19 07:00:00,P+R Pachońskiego,8.0,8,
2026-05-19 07:30:00,P+R Pachońskiego,0.0,0,
2026-05-19 08:00:00,P+R Pachońskiego,0.0,0,
2026-05-19 08:30:00,P+R Pachońskiego,0.0,0,
2026-05-19 09:00:00,P+R Pachońskiego,0.0,0,
2026-05-19 09:30:00,P+R Pachońskiego,0.0,0,
2026-05-19 10:00:00,P+R Pachońskiego,0.0,0,
2026-05-19 10:30:00,P+R Pachońskiego,0.0,0,
2026-05-19 11:00:00,P+R Pachońskiego,0.0,0,
2026-05-19 11:30:00,P+R Pachońskiego,0.0,0,
2026-05-19 12:00:00,P+R Pachońskiego,0.0,0,
2026-05-19 12:30:00,P+R Pachońskiego,1.0,1,
2026-05-19 13:00:00,P+R Pachońskiego,0.0,0,
2026-05-19 13:30:00,P+R Pachońskiego,0.0,0,
2026-05-19 14:00:00,P+R Pachońskiego,2.0,2,
2026-05-19 14:30:00,P+R Pachońskiego,3.0,3,
2026-05-19 15:00:00,P+R Pachońskiego,9.0,9,
2026-05-19 15:30:00,P+R Pachońskiego,30.0,30,
2026-05-19 16:00:00,P+R Pachońskiego,43.0,43,
2026-05-19 16:30:00,P+R Pachońskiego,50.0,50,
2026-05-19 17:00:00,P+R Pachońskiego,61.0,61,
2026-05-19 17:30:00,P+R Pachońskiego,66.0,66,
2026-05-19 18:00:00,P+R Pachońskiego,70.0,70,
2026-05-19 18:30:00,P+R Pachońskiego,72.0,72,
2026-05-19 19:00:00,P+R Pachońskiego,77.0,77,
2026-05-19 19:30:00,P+R Pachońskiego,78.0,78,
2026-05-19 20:00:00,P+R Pachońskiego,77.0,77,
2026-05-19 20:30:00,P+R Pachońskiego,,77,forward_fill
2026-05-19 21:00:00,P+R Pachońskiego,74.0,74,
2026-05-19 21:30:00,P+R Pachońskiego,73.0,73,
2026-05-19 22:00:00,P+R Pachońskiego,75.0,75,
2026-05-19 22:30:00,P+R Pachońskiego,76.0,76,
2026-05-19 23:00:00,P+R Pachońskiego,77.0,77,
2026-05-19 23:30:00,P+R Pachońskiego,78.0,78,
2026-05-20 00:00:00,P+R Pachońskiego,88.0,88,
2026-05-20 00:30:00,P+R Pachońskiego,88.0,88,
2026-05-20 01:00:00,P+R Pachońskiego,88.0,88,
2026-05-20 01:30:00,P+R Pachońskiego,88.0,88,
2026-05-20 02:00:00,P+R Pachońskiego,88.0,88,
2026-05-20 02:30:00,P+R Pachońskiego,88.0,88,
2026-05-20 03:00:00,P+R Pachońskiego,88.0,88,
2026-05-20 03:30:00,P+R Pachońskiego,88.0,88,
2026-05-20 04:00:00,P+R Pachońskiego,88.0,88,
2026-05-20 04:30:00,P+R Pachońskiego,,88,forward_fill
2026-05-20 05:00:00,P+R Pachońskiego,87.0,87,
2026-05-20 05:30:00,P+R Pachońskiego,80.0,80,
2026-05-20 06:00:00,P+R Pachońskiego,70.0,70,
2026-05-20 06:30:00,P+R Pachońskiego,52.0,52,
2026-05-20 07:00:00,P+R Pachońskiego,18.0,18,
2026-05-20 07:30:00,P+R Pachońskiego,1.0,1,
2026-05-20 08:00:00,P+R Pachońskiego,0.0,0,
2026-05-20 08:30:00,P+R Pachońskiego,0.0,0,
2026-05-20 09:00:00,P+R Pachońskiego,0.0,0,
2026-05-20 09:30:00,P+R Pachońskiego,0.0,0,
2026-05-20 10:00:00,P+R Pachońskiego,0.0,0,
2026-05-20 10:30:00,P+R Pachońskiego,0.0,0,
2026-05-20 11:00:00,P+R Pachońskiego,0.0,0,
2026-05-20 11:30:00,P+R Pachońskiego,1.0,1,
2026-05-20 12:00:00,P+R Pachońskiego,0.0,0,
2026-05-20 12:30:00,P+R Pachońskiego,0.0,0,
2026-05-20 13:00:00,P+R Pachońskiego,0.0,0,
2026-05-20 13:30:00,P+R Pachońskiego,1.0,1,
2026-05-20 14:00:00,P+R Pachońskiego,3.0,3,
2026-05-20 14:30:00,P+R Pachońskiego,6.0,6,
2026-05-20 15:00:00,P+R Pachońskiego,16.0,16,
2026-05-20 15:30:00,P+R Pachońskiego,32.0,32,
2026-05-20 16:00:00,P+R Pachońskiego,49.0,49,
2026-05-20 16:30:00,P+R Pachońskiego,53.0,53,
2026-05-20 17:00:00,P+R Pachońskiego,63.0,63,
2026-05-20 17:30:00,P+R Pachońskiego,59.0,59,
2026-05-20 18:00:00,P+R Pachońskiego,62.0,62,
2026-05-20 18:30:00,P+R Pachońskiego,64.0,64,
2026-05-20 19:00:00,P+R Pachońskiego,69.0,69,
2026-05-20 19:30:00,P+R Pachońskiego,71.0,71,
2026-05-20 20:00:00,P+R Pachońskiego,76.0,76,
2026-05-20 20:30:00,P+R Pachońskiego,79.0,79,
2026-05-20 21:00:00,P+R Pachońskiego,80.0,80,
2026-05-20 21:30:00,P+R Pachońskiego,82.0,82,
2026-05-20 22:00:00,P+R Pachońskiego,85.0,85,
2026-05-20 22:30:00,P+R Pachońskiego,85.0,85,
2026-05-20 23:00:00,P+R Pachońskiego,87.0,87,
2026-05-20 23:30:00,P+R Pachońskiego,88.0,88,
2026-05-21 00:00:00,P+R Pachońskiego,88.0,88,
2026-05-21 00:30:00,P+R Pachońskiego,88.0,88,
2026-05-21 01:00:00,P+R Pachońskiego,88.0,88,
2026-05-21 01:30:00,P+R Pachońskiego,88.0,88,
2026-05-21 02:00:00,P+R Pachońskiego,88.0,88,
2026-05-21 02:30:00,P+R Pachońskiego,88.0,88,
2026-05-21 03:00:00,P+R Pachońskiego,88.0,88,
2026-05-21 03:30:00,P+R Pachońskiego,88.0,88,
2026-05-21 04:00:00,P+R Pachońskiego,88.0,88,
2026-05-21 04:30:00,P+R Pachońskiego,88.0,88,
2026-05-21 05:00:00,P+R Pachońskiego,86.0,86,
2026-05-21 05:30:00,P+R Pachońskiego,81.0,81,
2026-05-21 06:00:00,P+R Pachońskiego,72.0,72,
2026-05-21 06:30:00,P+R Pachońskiego,56.0,56,
2026-05-21 07:00:00,P+R Pachońskiego,19.0,19,
2026-05-21 07:30:00,P+R Pachońskiego,5.0,5,
2026-05-21 08:00:00,P+R Pachońskiego,0.0,0,
2026-05-21 08:30:00,P+R Pachońskiego,0.0,0,
2026-05-21 09:00:00,P+R Pachońskiego,1.0,1,
2026-05-21 09:30:00,P+R Pachońskiego,1.0,1,
2026-05-21 10:00:00,P+R Pachońskiego,0.0,0,
2026-05-21 10:30:00,P+R Pachońskiego,0.0,0,
2026-05-21 11:00:00,P+R Pachońskiego,0.0,0,
2026-05-21 11:30:00,P+R Pachońskiego,0.0,0,
2026-05-21 12:00:00,P+R Pachońskiego,2.0,2,
2026-05-21 12:30:00,P+R Pachońskiego,0.0,0,
2026-05-21 13:00:00,P+R Pachońskiego,0.0,0,
2026-05-21 13:30:00,P+R Pachońskiego,2.0,2,
2026-05-21 14:00:00,P+R Pachońskiego,4.0,4,
2026-05-21 14:30:00,P+R Pachońskiego,5.0,5,
2026-05-21 15:00:00,P+R Pachońskiego,10.0,10,
2026-05-21 15:30:00,P+R Pachońskiego,28.0,28,
2026-05-21 16:00:00,P+R Pachońskiego,50.0,50,
2026-05-21 16:30:00,P+R Pachońskiego,58.0,58,
2026-05-21 17:00:00,P+R Pachońskiego,57.0,57,
2026-05-21 17:30:00,P+R Pachońskiego,58.0,58,
2026-05-21 18:00:00,P+R Pachońskiego,64.0,64,
2026-05-21 18:30:00,P+R Pachońskiego,67.0,67,
2026-05-21 19:00:00,P+R Pachońskiego,67.0,67,
2026-05-21 19:30:00,P+R Pachońskiego,70.0,70,
2026-05-21 20:00:00,P+R Pachońskiego,74.0,74,
2026-05-21 20:30:00,P+R Pachońskiego,79.0,79,
2026-05-21 21:00:00,P+R Pachońskiego,80.0,80,
2026-05-21 21:30:00,P+R Pachońskiego,82.0,82,
2026-05-21 22:00:00,P+R Pachońskiego,84.0,84,
2026-05-21 22:30:00,P+R Pachońskiego,87.0,87,
2026-05-21 23:00:00,P+R Pachońskiego,87.0,87,
2026-05-21 23:30:00,P+R Pachońskiego,88.0,88,
2026-05-22 00:00:00,P+R Pachońskiego,88.0,88,
2026-05-22 00:30:00,P+R Pachońskiego,88.0,88,
2026-05-22 01:00:00,P+R Pachońskiego,88.0,88,
2026-05-22 01:30:00,P+R Pachońskiego,88.0,88,
2026-05-22 02:00:00,P+R Pachońskiego,88.0,88,
2026-05-22 02:30:00,P+R Pachońskiego,88.0,88,
2026-05-22 03:00:00,P+R Pachońskiego,88.0,88,
2026-05-22 03:30:00,P+R Pachońskiego,88.0,88,
2026-05-22 04:00:00,P+R Pachońskiego,88.0,88,
2026-05-22 04:30:00,P+R Pachońskiego,87.0,87,
2026-05-22 05:00:00,P+R Pachońskiego,85.0,85,
2026-05-22 05:30:00,P+R Pachońskiego,79.0,79,
2026-05-22 06:00:00,P+R Pachońskiego,66.0,66,
2026-05-22 06:30:00,P+R Pachońskiego,46.0,46,
2026-05-22 07:00:00,P+R Pachońskiego,13.0,13,
2026-05-22 07:30:00,P+R Pachońskiego,4.0,4,
2026-05-22 08:00:00,P+R Pachońskiego,0.0,0,
2026-05-22 08:30:00,P+R Pachońskiego,0.0,0,
2026-05-22 09:00:00,P+R Pachońskiego,0.0,0,
2026-05-22 09:30:00,P+R Pachońskiego,0.0,0,
2026-05-22 10:00:00,P+R Pachońskiego,1.0,1,
2026-05-22 10:30:00,P+R Pachońskiego,1.0,1,
2026-05-22 11:00:00,P+R Pachońskiego,1.0,1,
2026-05-22 11:30:00,P+R Pachońskiego,1.0,1,
2026-05-22 12:00:00,P+R Pachońskiego,2.0,2,
2026-05-22 12:30:00,P+R Pachońskiego,0.0,0,
2026-05-22 13:00:00,P+R Pachońskiego,0.0,0,
2026-05-22 13:30:00,P+R Pachońskiego,1.0,1,
2026-05-22 14:00:00,P+R Pachońskiego,1.0,1,
2026-05-22 14:30:00,P+R Pachońskiego,12.0,12,
2026-05-22 15:00:00,P+R Pachońskiego,22.0,22,
2026-05-22 15:30:00,P+R Pachońskiego,31.0,31,
2026-05-22 16:00:00,P+R Pachońskiego,47.0,47,
2026-05-22 16:30:00,P+R Pachońskiego,64.0,64,
2026-05-22 17:00:00,P+R Pachońskiego,66.0,66,
2026-05-22 17:30:00,P+R Pachońskiego,65.0,65,
2026-05-22 18:00:00,P+R Pachońskiego,63.0,63,
2026-05-22 18:30:00,P+R Pachońskiego,70.0,70,
2026-05-22 19:00:00,P+R Pachońskiego,70.0,70,
2026-05-22 19:30:00,P+R Pachońskiego,70.0,70,
2026-05-22 20:00:00,P+R Pachońskiego,71.0,71,
2026-05-22 20:30:00,P+R Pachońskiego,72.0,72,
2026-05-22 21:00:00,P+R Pachońskiego,75.0,75,
2026-05-22 21:30:00,P+R Pachońskiego,77.0,77,
2026-05-22 22:00:00,P+R Pachońskiego,81.0,81,
2026-05-22 22:30:00,P+R Pachońskiego,81.0,81,
2026-05-22 23:00:00,P+R Pachońskiego,84.0,84,
2026-05-22 23:30:00,P+R Pachońskiego,85.0,85,
2026-05-23 00:00:00,P+R Pachońskiego,86.0,86,
2026-05-23 00:30:00,P+R Pachońskiego,86.0,86,
2026-05-23 01:00:00,P+R Pachońskiego,86.0,86,
2026-05-23 01:30:00,P+R Pachońskiego,86.0,86,
2026-05-23 02:00:00,P+R Pachońskiego,86.0,86,
2026-05-23 02:30:00,P+R Pachońskiego,86.0,86,
2026-05-23 03:00:00,P+R Pachońskiego,86.0,86,
2026-05-23 03:30:00,P+R Pachońskiego,86.0,86,
2026-05-23 04:00:00,P+R Pachońskiego,86.0,86,
2026-05-23 04:30:00,P+R Pachońskiego,86.0,86,
2026-05-23 05:00:00,P+R Pachońskiego,85.0,85,
2026-05-23 05:30:00,P+R Pachońskiego,85.0,85,
2026-05-23 06:00:00,P+R Pachońskiego,85.0,85,
2026-05-23 06:30:00,P+R Pachońskiego,85.0,85,
2026-05-23 07:00:00,P+R Pachońskiego,85.0,85,
2026-05-23 07:30:00,P+R Pachońskiego,83.0,83,
2026-05-23 08:00:00,P+R Pachońskiego,82.0,82,
2026-05-23 08:30:00,P+R Pachońskiego,78.0,78,
2026-05-23 09:00:00,P+R Pachońskiego,76.0,76,
2026-05-23 09:30:00,P+R Pachońskiego,76.0,76,
2026-05-23 10:00:00,P+R Pachońskiego,75.0,75,
2026-05-23 10:30:00,P+R Pachońskiego,76.0,76,
2026-05-23 11:00:00,P+R Pachońskiego,73.0,73,
2026-05-23 11:30:00,P+R Pachońskiego,70.0,70,
2026-05-23 12:00:00,P+R Pachońskiego,68.0,68,
2026-05-23 12:30:00,P+R Pachońskiego,68.0,68,
2026-05-23 13:00:00,P+R Pachońskiego,67.0,67,
2026-05-23 13:30:00,P+R Pachońskiego,66.0,66,
2026-05-23 14:00:00,P+R Pachońskiego,67.0,67,
2026-05-23 14:30:00,P+R Pachońskiego,64.0,64,
2026-05-23 15:00:00,P+R Pachońskiego,66.0,66,
2026-05-23 15:30:00,P+R Pachońskiego,66.0,66,
2026-05-23 16:00:00,P+R Pachońskiego,66.0,66,
2026-05-23 16:30:00,P+R Pachońskiego,63.0,63,
2026-05-23 17:00:00,P+R Pachońskiego,62.0,62,
2026-05-23 17:30:00,P+R Pachońskiego,62.0,62,
2026-05-23 18:00:00,P+R Pachońskiego,65.0,65,
2026-05-23 18:30:00,P+R Pachońskiego,65.0,65,
2026-05-23 19:00:00,P+R Pachońskiego,66.0,66,
2026-05-23 19:30:00,P+R Pachońskiego,68.0,68,
2026-05-23 20:00:00,P+R Pachońskiego,73.0,73,
2026-05-23 20:30:00,P+R Pachońskiego,76.0,76,
2026-05-23 21:00:00,P+R Pachońskiego,78.0,78,
2026-05-23 21:30:00,P+R Pachońskiego,80.0,80,
2026-05-23 22:00:00,P+R Pachońskiego,81.0,81,
2026-05-23 22:30:00,P+R Pachońskiego,82.0,82,
2026-05-23 23:00:00,P+R Pachońskiego,83.0,83,
2026-05-23 23:30:00,P+R Pachońskiego,85.0,85,
2026-05-24 00:00:00,P+R Pachońskiego,88.0,88,
2026-05-24 00:30:00,P+R Pachońskiego,88.0,88,
2026-05-24 01:00:00,P+R Pachońskiego,88.0,88,
2026-05-24 01:30:00,P+R Pachońskiego,88.0,88,
2026-05-24 02:00:00,P+R Pachońskiego,88.0,88,
2026-05-24 02:30:00,P+R Pachońskiego,88.0,88,
2026-05-24 03:00:00,P+R Pachońskiego,88.0,88,
2026-05-24 03:30:00,P+R Pachońskiego,88.0,88,
2026-05-24 04:00:00,P+R Pachońskiego,88.0,88,
2026-05-24 04:30:00,P+R Pachońskiego,88.0,88,
2026-05-24 05:00:00,P+R Pachońskiego,88.0,88,
2026-05-24 05:30:00,P+R Pachońskiego,87.0,87,
2026-05-24 06:00:00,P+R Pachońskiego,87.0,87,
2026-05-24 06:30:00,P+R Pachońskiego,87.0,87,
2026-05-24 07:00:00,P+R Pachońskiego,86.0,86,
2026-05-24 07:30:00,P+R Pachońskiego,85.0,85,
2026-05-24 08:00:00,P+R Pachońskiego,85.0,85,
2026-05-24 08:30:00,P+R Pachońskiego,84.0,84,
2026-05-24 09:00:00,P+R Pachońskiego,84.0,84,
2026-05-24 09:30:00,P+R Pachońskiego,83.0,83,
2026-05-24 10:00:00,P+R Pachońskiego,80.0,80,
2026-05-24 10:30:00,P+R Pachońskiego,78.0,78,
2026-05-24 11:00:00,P+R Pachońskiego,75.0,75,
2026-05-24 11:30:00,P+R Pachońskiego,75.0,75,
2026-05-24 12:00:00,P+R Pachońskiego,76.0,76,
2026-05-24 12:30:00,P+R Pachońskiego,79.0,79,
2026-05-24 13:00:00,P+R Pachońskiego,76.0,76,
2026-05-24 13:30:00,P+R Pachońskiego,77.0,77,
2026-05-24 14:00:00,P+R Pachońskiego,77.0,77,
2026-05-24 14:30:00,P+R Pachońskiego,74.0,74,
2026-05-24 15:00:00,P+R Pachońskiego,73.0,73,
2026-05-24 15:30:00,P+R Pachońskiego,71.0,71,
2026-05-24 16:00:00,P+R Pachońskiego,68.0,68,
2026-05-24 16:30:00,P+R Pachońskiego,69.0,69,
2026-05-24 17:00:00,P+R Pachońskiego,68.0,68,
2026-05-24 17:30:00,P+R Pachońskiego,69.0,69,
2026-05-24 18:00:00,P+R Pachońskiego,68.0,68,
2026-05-24 18:30:00,P+R Pachońskiego,68.0,68,
2026-05-24 19:00:00,P+R Pachońskiego,70.0,70,
2026-05-24 19:30:00,P+R Pachońskiego,72.0,72,
2026-05-24 20:00:00,P+R Pachońskiego,72.0,72,
2026-05-24 20:30:00,P+R Pachońskiego,73.0,73,
2026-05-24 21:00:00,P+R Pachońskiego,,73,forward_fill
2026-05-24 21:30:00,P+R Pachońskiego,77.0,77,
2026-05-24 22:00:00,P+R Pachońskiego,80.0,80,
2026-05-24 22:30:00,P+R Pachońskiego,85.0,85,
2026-05-24 23:00:00,P+R Pachońskiego,87.0,87,
2026-05-24 23:30:00,P+R Pachońskiego,88.0,88,
2026-05-25 00:00:00,P+R Pachońskiego,88.0,88,
2026-05-25 00:30:00,P+R Pachońskiego,88.0,88,
2026-05-25 01:00:00,P+R Pachońskiego,88.0,88,
2026-05-25 01:30:00,P+R Pachońskiego,88.0,88,
2026-05-25 02:00:00,P+R Pachońskiego,88.0,88,
2026-05-25 02:30:00,P+R Pachońskiego,88.0,88,
2026-05-25 03:00:00,P+R Pachońskiego,88.0,88,
2026-05-25 03:30:00,P+R Pachońskiego,88.0,88,
2026-05-25 04:00:00,P+R Pachońskiego,88.0,88,
2026-05-25 04:30:00,P+R Pachońskiego,88.0,88,
2026-05-25 05:00:00,P+R Pachońskiego,88.0,88,
2026-05-25 05:30:00,P+R Pachońskiego,82.0,82,
2026-05-25 06:00:00,P+R Pachońskiego,69.0,69,
2026-05-25 06:30:00,P+R Pachońskiego,50.0,50,
2026-05-25 07:00:00,P+R Pachońskiego,18.0,18,
2026-05-25 07:30:00,P+R Pachońskiego,5.0,5,
2026-05-25 08:00:00,P+R Pachońskiego,0.0,0,
2026-05-25 08:30:00,P+R Pachońskiego,0.0,0,
2026-05-25 09:00:00,P+R Pachońskiego,0.0,0,
2026-05-25 09:30:00,P+R Pachońskiego,0.0,0,
2026-05-25 10:00:00,P+R Pachońskiego,0.0,0,
2026-05-25 10:30:00,P+R Pachońskiego,0.0,0,
2026-05-25 11:00:00,P+R Pachońskiego,,0,forward_fill
2026-05-25 11:30:00,P+R Pachońskiego,0.0,0,
2026-05-25 12:00:00,P+R Pachońskiego,0.0,0,
2026-05-25 12:30:00,P+R Pachońskiego,0.0,0,
2026-05-25 13:00:00,P+R Pachońskiego,2.0,2,
2026-05-25 13:30:00,P+R Pachońskiego,0.0,0,
2026-05-25 14:00:00,P+R Pachońskiego,3.0,3,
2026-05-25 14:30:00,P+R Pachońskiego,5.0,5,
2026-05-25 15:00:00,P+R Pachońskiego,11.0,11,
2026-05-25 15:30:00,P+R Pachońskiego,21.0,21,
2026-05-25 16:00:00,P+R Pachońskiego,42.0,42,
2026-05-25 16:30:00,P+R Pachońskiego,52.0,52,
2026-05-25 17:00:00,P+R Pachońskiego,59.0,59,
2026-05-25 17:30:00,P+R Pachońskiego,62.0,62,
2026-05-25 18:00:00,P+R Pachońskiego,61.0,61,
2026-05-25 18:30:00,P+R Pachońskiego,65.0,65,
2026-05-25 19:00:00,P+R Pachońskiego,72.0,72,
2026-05-25 19:30:00,P+R Pachońskiego,76.0,76,
2026-05-25 20:00:00,P+R Pachońskiego,80.0,80,
2026-05-25 20:30:00,P+R Pachońskiego,84.0,84,
2026-05-25 21:00:00,P+R Pachońskiego,86.0,86,
2026-05-25 21:30:00,P+R Pachońskiego,88.0,88,
2026-05-25 22:00:00,P+R Pachońskiego,88.0,88,
2026-05-25 22:30:00,P+R Pachońskiego,88.0,88,
2026-05-25 23:00:00,P+R Pachońskiego,88.0,88,
2026-05-25 23:30:00,P+R Pachońskiego,88.0,88,
2026-05-26 00:00:00,P+R Pachońskiego,88.0,88,
2026-05-26 00:30:00,P+R Pachońskiego,88.0,88,
2026-05-26 01:00:00,P+R Pachońskiego,88.0,88,
2026-05-26 01:30:00,P+R Pachońskiego,88.0,88,
2026-05-26 02:00:00,P+R Pachońskiego,88.0,88,
2026-05-26 02:30:00,P+R Pachońskiego,88.0,88,
2026-05-26 03:00:00,P+R Pachońskiego,88.0,88,
2026-05-26 03:30:00,P+R Pachońskiego,88.0,88,
2026-05-26 04:00:00,P+R Pachońskiego,88.0,88,
2026-05-26 04:30:00,P+R Pachońskiego,88.0,88,
2026-05-26 05:00:00,P+R Pachońskiego,86.0,86,
2026-05-26 05:30:00,P+R Pachońskiego,77.0,77,
2026-05-26 06:00:00,P+R Pachońskiego,66.0,66,
2026-05-26 06:30:00,P+R Pachońskiego,48.0,48,
2026-05-26 07:00:00,P+R Pachońskiego,16.0,16,
2026-05-26 07:30:00,P+R Pachońskiego,2.0,2,
2026-05-26 08:00:00,P+R Pachońskiego,0.0,0,
2026-05-26 08:30:00,P+R Pachońskiego,0.0,0,
2026-05-26 09:00:00,P+R Pachońskiego,0.0,0,
2026-05-26 09:30:00,P+R Pachońskiego,0.0,0,
2026-05-26 10:00:00,P+R Pachońskiego,0.0,0,
2026-05-26 10:30:00,P+R Pachońskiego,0.0,0,
2026-05-26 11:00:00,P+R Pachońskiego,0.0,0,
2026-05-26 11:30:00,P+R Pachońskiego,1.0,1,
2026-05-26 12:00:00,P+R Pachońskiego,2.0,2,
2026-05-26 12:30:00,P+R Pachońskiego,2.0,2,
2026-05-26 13:00:00,P+R Pachońskiego,,3,linear interpolation
2026-05-26 13:30:00,P+R Pachońskiego,,4,linear interpolation
2026-05-26 14:00:00,P+R Pachońskiego,,5,linear interpolation
2026-05-26 14:30:00,P+R Pachońskiego,,6,linear interpolation
2026-05-26 15:00:00,P+R Pachońskiego,7.0,7,
2026-05-26 15:30:00,P+R Pachońskiego,12.0,12,
2026-05-26 16:00:00,P+R Pachońskiego,34.0,34,
2026-05-26 16:30:00,P+R Pachońskiego,36.0,36,
2026-05-26 17:00:00,P+R Pachońskiego,42.0,42,
2026-05-26 17:30:00,P+R Pachońskiego,48.0,48,
2026-05-26 18:00:00,P+R Pachońskiego,48.0,48,
2026-05-26 18:30:00,P+R Pachońskiego,58.0,58,
2026-05-26 19:00:00,P+R Pachońskiego,61.0,61,
2026-05-26 19:30:00,P+R Pachońskiego,,61,forward_fill
2026-05-26 20:00:00,P+R Pachońskiego,71.0,71,
